merchant_id,community_id
M_83597,0
M_17562,1
M_42371,2
M_66139,3
M_71645,4
M_81814,5
M_49319,6
M_21163,7
M_64047,8
M_78751,9
M_97509,10
M_48792,11
M_61132,12
M_26773,13
M_13726,14
M_39864,15
M_58228,16
M_55687,17
M_82940,18
M_41485,19
M_43917,20
M_54176,21
M_76034,22
M_98703,23
M_40616,24
M_20807,25
M_92358,26
M_25192,27
M_34450,28
M_28412,29
M_36965,30
M_27854,31
M_51415,32
M_14058,33
M_20174,34
M_9650,35
M_80238,36
M_67752,37
M_52936,38
M_52925,39
M_61835,40
M_23175,41
M_37045,42
M_26626,43
M_30326,44
M_81518,45
M_24500,46
M_28043,47
M_38009,48
M_93236,49
M_9307,50
M_24949,51
M_49556,52
M_1637,53
M_58868,54
M_60539,55
M_6592,56
M_33084,57
M_96321,58
M_99254,59
M_43077,60
M_84387,61
M_41106,62
M_24883,63
M_45094,64
M_33280,65
M_25279,56
M_37569,66
M_70159,67
M_28551,68
M_34644,69
M_65032,70
M_30662,71
M_68962,72
M_45799,73
M_87597,49
M_93365,74
M_92141,75
M_61998,76
M_28145,77
M_22639,78
M_64096,5
M_33461,79
M_41709,80
M_64843,81
M_50595,82
M_54688,83
M_80895,84
M_34603,85
M_29004,86
M_74897,87
M_13755,88
M_60151,89
M_20406,90
M_16856,91
M_32578,92
M_84954,93
M_6715,94
M_6994,95
M_34086,96
M_2092,97
M_35385,98
M_47038,99
M_46541,100
M_94281,101
M_82346,102
M_56610,103
M_16032,104
M_82298,105
M_21389,106
M_60352,94
M_80800,107
M_29009,108
M_85831,109
M_94789,110
M_79019,111
M_91218,112
M_59783,113
M_57384,114
M_90769,115
M_79249,116
M_22810,117
M_47890,118
M_15349,119
M_52051,120
M_29112,121
M_93474,122
M_94760,123
M_39003,124
M_9235,125
M_96490,126
M_41075,92
M_52441,127
M_57857,121
M_66968,128
M_43114,129
M_94286,130
M_97215,131
M_38227,126
M_40744,132
M_89915,91
M_14426,133
M_98797,134
M_27599,87
M_80170,135
M_31771,136
M_85534,137
M_77141,138
M_81131,139
M_6252,140
M_23462,141
M_50822,142
M_65883,143
M_10721,15
M_73887,144
M_10313,145
M_96954,146
M_18570,89
M_6650,67
M_4795,147
M_18299,148
M_36098,149
M_73647,96
M_81403,13
M_89833,150
M_34296,151
M_83526,152
M_72775,32
M_79512,153
M_33560,154
M_62034,155
M_96850,156
M_53404,157
M_8657,158
M_51564,159
M_14530,160
M_30862,161
M_80391,5
M_75533,162
M_34804,149
M_10567,163
M_12212,164
M_53017,165
M_91091,166
M_12903,167
M_61409,111
M_41656,168
M_6600,169
M_7796,170
M_64093,171
M_72844,172
M_90487,173
M_4072,17
M_47326,174
M_98642,175
M_54882,176
M_50681,177
M_80613,178
M_23850,94
M_33547,179
M_58310,180
M_13734,181
M_59384,182
M_9907,183
M_62665,184
M_40145,178
M_82903,72
M_1503,185
M_13559,186
M_34207,187
M_53239,188
M_26701,189
M_84759,190
M_34167,191
M_66165,192
M_87382,193
M_38415,194
M_32360,195
M_24129,196
M_11009,197
M_82878,198
M_14562,199
M_90783,4
M_97187,200
M_28708,201
M_92541,185
M_77140,202
M_59972,203
M_12666,204
M_10355,205
M_29860,139
M_25144,206
M_77535,184
M_96721,207
M_48417,208
M_85803,209
M_12148,55
M_10513,210
M_3216,211
M_14285,134
M_74839,212
M_65024,213
M_68123,214
M_17240,215
M_78843,216
M_8996,217
M_52836,218
M_94375,140
M_92333,219
M_30328,112
M_51726,220
M_64646,221
M_66514,222
M_62218,223
M_1358,224
M_7036,225
M_38285,226
M_99842,227
M_27343,228
M_5421,229
M_10979,20
M_26570,37
M_4118,230
M_17664,231
M_80660,232
M_69742,233
M_62082,234
M_44640,235
M_19466,236
M_72247,237
M_33108,238
M_69978,239
M_92270,240
M_18789,241
M_69864,242
M_71158,243
M_39833,244
M_28751,129
M_94832,245
M_75716,246
M_9455,247
M_1318,244
M_97789,248
M_37086,249
M_72731,250
M_25180,251
M_73262,252
M_25939,166
M_57986,253
M_80783,91
M_99224,254
M_66046,255
M_82665,256
M_15584,257
M_41513,258
M_37879,240
M_32043,259
M_28208,260
M_34267,261
M_11401,262
M_77872,263
M_82310,264
M_24729,265
M_38763,266
M_27513,267
M_65795,268
M_67501,269
M_81722,270
M_93309,271
M_4943,272
M_13881,273
M_24497,274
M_34040,275
M_97572,276
M_4869,277
M_90734,123
M_80695,278
M_4956,279
M_62012,280
M_98916,152
M_26827,281
M_93477,282
M_41788,283
M_89243,284
M_99838,285
M_85724,128
M_10515,145
M_81905,286
M_68767,54
M_86322,157
M_21717,287
M_31952,288
M_48451,256
M_76690,289
M_97491,62
M_58214,290
M_94663,291
M_69471,292
M_20847,177
M_49253,293
M_80460,294
M_50668,213
M_23777,198
M_16315,295
M_79300,296
M_217,297
M_71820,298
M_92585,188
M_97771,221
M_50078,15
M_84551,251
M_74296,299
M_61065,300
M_6264,301
M_36167,260
M_18452,155
M_97033,302
M_18871,303
M_8040,45
M_66517,304
M_56617,305
M_67561,50
M_28493,306
M_46504,307
M_1767,308
M_38538,171
M_73452,108
M_46889,221
M_74139,16
M_49036,190
M_19377,309
M_15226,310
M_88299,311
M_90429,10
M_68378,312
M_88418,313
M_76414,314
M_20985,315
M_34445,316
M_72140,87
M_54211,317
M_20140,318
M_62410,319
M_7637,320
M_19436,321
M_66197,322
M_35059,323
M_24005,324
M_70709,325
M_49990,228
M_72803,326
M_67843,327
M_71939,328
M_74449,329
M_67032,330
M_64836,331
M_54394,332
M_71910,333
M_25818,334
M_64922,335
M_62572,336
M_24315,337
M_25700,56
M_29189,231
M_59181,338
M_77281,339
M_82795,340
M_55042,341
M_58136,15
M_66382,342
M_94206,343
M_97787,344
M_1383,345
M_10643,346
M_65025,347
M_33529,348
M_67950,69
M_10147,349
M_59294,182
M_84664,350
M_53197,161
M_76239,351
M_92184,352
M_31871,353
M_9792,354
M_23936,129
M_72960,355
M_69522,80
M_56132,356
M_2818,357
M_38622,358
M_447,78
M_92405,248
M_62172,359
M_8161,360
M_84062,96
M_56041,361
M_86316,362
M_18092,363
M_89748,238
M_89572,364
M_81880,365
M_82706,43
M_79178,366
M_27580,217
M_88920,349
M_73800,367
M_69632,368
M_78710,11
M_15236,369
M_10736,370
M_23426,371
M_71525,372
M_23561,373
M_31289,374
M_71324,59
M_17566,375
M_94995,376
M_92847,377
M_70504,378
M_73074,178
M_65619,19
M_81204,380
M_46753,142
M_62873,80
M_24471,381
M_81288,369
M_18907,138
M_40703,382
M_85899,383
M_10162,384
M_25995,385
M_35567,350
M_2562,386
M_54333,387
M_34650,346
M_51226,388
M_80847,267
M_49272,389
M_16390,390
M_11565,391
M_4548,227
M_25598,350
M_24260,392
M_83046,393
M_23074,394
M_49094,395
M_70270,396
M_6944,357
M_64015,397
M_61213,398
M_82204,399
M_19163,127
M_68526,400
M_28475,401
M_44045,191
M_71332,173
M_94949,402
M_85569,271
M_55342,403
M_22830,404
M_10118,278
M_55605,405
M_15916,406
M_20923,45
M_11936,407
M_41855,408
M_14833,409
M_81073,410
M_31404,366
M_32292,220
M_88554,411
M_68447,412
M_83540,413
M_84344,414
M_78952,69
M_78621,415
M_84098,416
M_45603,417
M_27751,418
M_45077,419
M_95928,420
M_37370,421
M_52626,422
M_30510,38
M_6658,50
M_44769,423
M_23717,246
M_38258,424
M_7892,6
M_59403,425
M_74703,426
M_44641,427
M_86724,273
M_40947,11
M_18128,329
M_49250,406
M_2699,428
M_60313,429
M_81809,430
M_55864,431
M_58466,432
M_5106,66
M_72214,268
M_8054,433
M_38983,434
M_65334,435
M_50539,436
M_69797,404
M_86134,235
M_2062,258
M_80220,6
M_79155,437
M_17929,197
M_96244,3
M_86317,438
M_69279,161
M_70038,412
M_88104,439
M_27350,440
M_88711,441
M_68869,442
M_59364,443
M_6202,444
M_44115,445
M_57663,328
M_8450,304
M_18045,446
M_52606,447
M_81332,448
M_10107,449
M_26295,450
M_69659,266
M_73924,451
M_77808,452
M_30247,453
M_15047,454
M_88718,144
M_19297,13
M_83005,375
M_35825,72
M_75841,391
M_57194,107
M_10608,202
M_55234,455
M_77171,456
M_80416,235
M_54913,171
M_23551,235
M_85111,2
M_85032,457
M_80418,458
M_12829,459
M_18702,460
M_49580,461
M_97626,223
M_13040,63
M_11896,356
M_34147,131
M_1367,462
M_66069,463
M_23069,464
M_82542,433
M_87588,56
M_18250,465
M_72341,93
M_10050,391
M_96888,299
M_10667,459
M_5096,354
M_69878,466
M_91150,467
M_32473,468
M_48825,469
M_34750,470
M_73795,471
M_75285,472
M_95868,473
M_91782,454
M_40660,474
M_1332,389
M_49114,458
M_14501,475
M_98468,27
M_41281,476
M_6554,477
M_32575,439
M_91923,478
M_8620,286
M_15790,265
M_23052,479
M_47258,480
M_45289,459
M_82783,25
M_18072,481
M_34995,248
M_45685,48
M_80431,482
M_57073,483
M_10651,248
M_71893,391
M_56996,484
M_88266,485
M_65249,486
M_41710,112
M_19339,464
M_85357,207
M_89978,192
M_99074,193
M_28184,317
M_10887,487
M_80467,488
M_61358,489
M_25456,227
M_78434,252
M_84430,384
M_72810,490
M_43902,491
M_15378,492
M_70025,493
M_88405,494
M_72549,77
M_66348,495
M_10149,496
M_38087,497
M_90225,498
M_91805,383
M_25367,97
M_58974,55
M_26022,420
M_8703,86
M_67046,499
M_13174,32
M_48223,214
M_93910,500
M_43388,108
M_40057,501
M_11684,502
M_48333,503
M_69581,504
M_98393,505
M_183,318
M_22632,233
M_66214,2
M_83802,506
M_79292,507
M_58330,508
M_54048,509
M_40223,121
M_11495,510
M_5680,511
M_83582,100
M_91328,124
M_99828,419
M_27053,512
M_49149,112
M_29786,513
M_97485,514
M_93635,515
M_53551,516
M_3779,517
M_44656,518
M_63705,283
M_91418,233
M_66637,519
M_27922,483
M_36737,510
M_32144,240
M_14240,66
M_56033,292
M_82994,520
M_93517,188
M_37499,521
M_53674,28
M_26009,522
M_67761,523
M_57563,135
M_14431,256
M_14150,524
M_28099,463
M_18996,506
M_40752,525
M_57556,526
M_31406,527
M_99643,528
M_66515,529
M_78204,200
M_87827,343
M_33399,45
M_5100,153
M_24410,122
M_81531,530
M_81352,189
M_88426,531
M_49286,532
M_59084,533
M_41617,61
M_47126,534
M_16517,288
M_66489,535
M_48804,536
M_22175,289
M_57098,537
M_59648,346
M_49366,293
M_88273,538
M_83300,539
M_16579,197
M_18753,540
M_9078,397
M_54572,501
M_78809,105
M_61235,334
M_11554,541
M_12977,278
M_98002,542
M_36578,543
M_67187,544
M_40720,434
M_70190,545
M_38716,91
M_80628,63
M_92451,247
M_98049,546
M_78612,164
M_72425,547
M_7958,513
M_77927,548
M_86023,549
M_38225,81
M_399,550
M_33599,283
M_88999,551
M_36391,552
M_91003,390
M_95872,461
M_98295,172
M_72248,71
M_90381,264
M_96668,553
M_28917,554
M_426,51
M_65807,555
M_70530,556
M_89320,557
M_7933,558
M_32305,178
M_47327,84
M_61583,7
M_86822,559
M_91534,560
M_79354,561
M_38891,562
M_12099,563
M_38787,498
M_67937,564
M_85263,565
M_53169,566
M_54290,79
M_98629,480
M_99395,567
M_48299,568
M_52520,45
M_34019,569
M_56454,570
M_85000,164
M_30739,571
M_88151,338
M_13190,572
M_84662,573
M_15986,311
M_10790,91
M_90952,376
M_39605,574
M_79374,575
M_40745,576
M_37712,416
M_29596,528
M_48759,208
M_1806,264
M_58751,394
M_81955,577
M_86778,492
M_91867,5
M_83911,188
M_13913,497
M_57621,413
M_58454,70
M_11159,578
M_88780,579
M_70853,228
M_10361,397
M_55399,580
M_45883,129
M_65362,581
M_55081,413
M_30056,582
M_47573,0
M_87062,583
M_45544,502
M_22495,57
M_67030,61
M_39982,584
M_86559,585
M_88532,189
M_10968,505
M_69995,586
M_52458,587
M_98696,588
M_15087,442
M_60837,589
M_30748,590
M_41674,168
M_65357,591
M_22885,23
M_46701,257
M_22544,592
M_64144,361
M_20316,486
M_92839,593
M_96313,515
M_31198,594
M_66713,230
M_90475,369
M_7638,422
M_94746,595
M_67139,234
M_28777,585
M_60755,255
M_80646,596
M_82932,597
M_9640,422
M_60452,404
M_67250,57
M_82446,394
M_44362,468
M_8660,598
M_72640,599
M_69880,600
M_35053,598
M_79078,601
M_96771,602
M_48603,386
M_69417,19
M_4026,604
M_98229,605
M_84709,606
M_31500,607
M_8044,459
M_34376,405
M_75386,608
M_17304,609
M_97043,130
M_6514,43
M_35834,610
M_16946,611
M_1656,612
M_2908,404
M_20808,286
M_50812,36
M_13353,613
M_36824,614
M_40785,615
M_47790,616
M_76627,617
M_94,427
M_32126,142
M_99081,618
M_7406,619
M_64487,220
M_83452,620
M_86810,585
M_13581,474
M_35474,358
M_5831,328
M_47101,16
M_65189,248
M_66383,568
M_99795,621
M_68738,622
M_42871,592
M_60974,576
M_86367,623
M_67268,44
M_16613,624
M_67392,104
M_61858,487
M_37506,625
M_778,455
M_6481,626
M_18870,627
M_40626,628
M_98665,253
M_57153,42
M_39783,629
M_47741,579
M_53470,512
M_71522,630
M_71926,631
M_80455,632
M_27675,533
M_92241,480
M_64502,553
M_20497,633
M_25158,634
M_38209,418
M_82242,360
M_49888,635
M_79310,636
M_95060,187
M_14627,637
M_51494,638
M_38769,484
M_78028,387
M_46634,483
M_7896,469
M_43421,612
M_31351,639
M_47637,117
M_72099,384
M_19193,194
M_29743,309
M_71084,640
M_23927,641
M_12015,141
M_35243,212
M_85388,368
M_83885,642
M_77849,643
M_76797,411
M_5060,644
M_22231,444
M_25150,645
M_65069,601
M_4078,646
M_5943,647
M_25482,99
M_19788,648
M_72358,578
M_49285,175
M_51418,649
M_25934,414
M_64210,650
M_33784,496
M_85744,424
M_42806,318
M_65990,367
M_68653,651
M_70527,652
M_15559,98
M_94764,162
M_1951,653
M_9870,654
M_39177,655
M_68947,560
M_50719,612
M_15339,656
M_9370,110
M_73118,267
M_32259,149
M_98341,181
M_48127,135
M_84814,657
M_19168,658
M_9361,659
M_6044,77
M_9091,660
M_97089,661
M_17042,451
M_50614,19
M_88791,662
M_99733,432
M_19424,295
M_66119,516
M_61225,663
M_90411,576
M_90655,664
M_42169,665
M_74131,426
M_26191,178
M_76672,666
M_56025,380
M_17125,667
M_76782,450
M_39537,391
M_44522,668
M_12226,427
M_7963,454
M_20337,669
M_28442,210
M_99532,518
M_11422,670
M_91730,526
M_73744,412
M_28526,13
M_97853,671
M_45231,672
M_96194,144
M_36360,108
M_99147,146
M_65121,372
M_26724,258
M_71880,139
M_47221,23
M_93450,673
M_91500,485
M_96470,674
M_44885,164
M_51313,675
M_54715,499
M_87292,676
M_25516,528
M_26692,677
M_560,290
M_24855,668
M_10294,186
M_89421,166
M_22928,183
M_72053,325
M_9448,678
M_53803,679
M_71475,466
M_63320,680
M_75935,681
M_95129,665
M_54470,682
M_40326,683
M_28730,97
M_36569,74
M_96188,684
M_7996,120
M_52532,685
M_19068,267
M_71161,318
M_97022,686
M_35345,687
M_23347,187
M_6129,145
M_22169,222
M_39967,688
M_34871,281
M_58441,595
M_58387,689
M_46464,527
M_26550,531
M_48666,232
M_49981,372
M_41702,690
M_85499,662
M_20988,691
M_52847,692
M_65195,693
M_23977,386
M_48022,694
M_18413,508
M_56070,321
M_85380,209
M_9097,269
M_97742,332
M_92779,397
M_19993,197
M_33226,695
M_71843,696
M_75611,697
M_53483,698
M_92047,699
M_89649,700
M_9587,701
M_70438,594
M_63452,659
M_86672,702
M_23894,703
M_61291,32
M_62544,34
M_33342,704
M_548,705
M_23616,456
M_4350,706
M_68163,707
M_72790,147
M_55244,260
M_2613,222
M_28081,447
M_88403,708
M_57783,709
M_22100,710
M_43734,711
M_43517,712
M_75044,4
M_75432,657
M_71679,408
M_48762,533
M_19543,641
M_97404,713
M_64456,542
M_4089,12
M_86046,606
M_2858,714
M_21809,221
M_5335,261
M_63580,715
M_11932,705
M_28161,716
M_27674,717
M_33080,718
M_8785,518
M_43895,290
M_48991,519
M_50774,491
M_43560,334
M_91166,719
M_60950,4
M_13529,526
M_21491,275
M_52883,720
M_87235,721
M_26130,670
M_27450,149
M_26167,722
M_80606,723
M_93218,77
M_5942,154
M_85950,283
M_73276,97
M_68569,239
M_30894,296
M_38914,724
M_67243,725
M_22813,726
M_35555,512
M_30961,698
M_43258,7
M_69502,461
M_52079,468
M_4333,448
M_715,500
M_2244,232
M_69835,727
M_4912,665
M_83373,728
M_10562,688
M_50216,639
M_73627,729
M_65735,286
M_88895,554
M_79773,388
M_99714,730
M_13558,28
M_20656,731
M_33370,729
M_61086,238
M_17861,619
M_45583,327
M_70574,725
M_29845,176
M_71333,732
M_37041,71
M_7193,733
M_41258,734
M_4478,735
M_82489,736
M_28978,737
M_65194,40
M_43772,362
M_25602,444
M_27695,738
M_88907,424
M_8597,152
M_95917,739
M_57158,740
M_72312,436
M_44802,319
M_575,36
M_93886,257
M_11264,741
M_83887,359
M_69275,403
M_69276,742
M_29822,709
M_4206,743
M_48380,744
M_62056,745
M_84068,746
M_96145,747
M_19621,437
M_80270,748
M_96615,289
M_41595,497
M_42811,498
M_89135,487
M_14465,338
M_16855,749
M_95641,518
M_47985,327
M_73546,576
M_59583,333
M_61328,321
M_67706,282
M_1297,647
M_10009,657
M_98316,750
M_72094,530
M_90112,751
M_38229,752
M_12459,669
M_86625,557
M_27309,591
M_12970,753
M_95926,754
M_56227,746
M_1959,251
M_47866,101
M_21899,446
M_62805,755
M_28761,19
M_98541,355
M_84948,583
M_46314,224
M_87401,438
M_3172,253
M_12592,743
M_59547,277
M_94442,288
M_71110,72
M_14041,469
M_41834,724
M_89968,20
M_59836,375
M_46294,756
M_84821,757
M_78487,758
M_60854,195
M_19207,190
M_64439,342
M_74860,370
M_97826,280
M_12075,574
M_38287,89
M_17761,759
M_51837,760
M_74009,696
M_19924,147
M_30651,212
M_45417,574
M_76312,131
M_60695,7
M_78640,303
M_88446,638
M_22576,579
M_55193,560
M_58743,65
M_75466,181
M_78123,468
M_90409,752
M_93680,761
M_52278,626
M_97296,374
M_91051,113
M_88883,586
M_99860,762
M_33918,53
M_16644,502
M_94902,763
M_5985,473
M_14778,764
M_84464,557
M_49987,765
M_72119,766
M_92051,602
M_10018,767
M_21160,70
M_36396,205
M_87740,273
M_73809,723
M_8802,19
M_46979,157
M_94816,730
M_23644,444
M_62757,132
M_91308,26
M_80526,768
M_36893,769
M_87908,770
M_22873,567
M_33972,460
M_34569,692
M_58244,153
M_37405,424
M_52375,360
M_15520,498
M_74845,47
M_20441,454
M_41503,87
M_26693,185
M_38280,329
M_92459,771
M_90299,772
M_48201,773
M_89095,264
M_5805,738
M_48118,164
M_63568,655
M_48386,686
M_16632,598
M_49515,634
M_16239,75
M_36713,623
M_12375,308
M_65812,416
M_38145,774
M_51982,742
M_83092,728
M_24448,123
M_87139,216
M_35163,775
M_26015,776
M_9902,777
M_34967,482
M_988,409
M_33583,778
M_97065,779
M_22195,708
M_42032,204
M_79271,10
M_89765,780
M_11244,467
M_72714,181
M_76968,2
M_80510,490
M_24107,781
M_34396,782
M_47912,783
M_49358,170
M_79465,650
M_85903,491
M_84745,544
M_59170,384
M_25145,784
M_55093,695
M_35565,104
M_18074,785
M_58567,467
M_61584,82
M_74392,786
M_76734,82
M_31721,78
M_69957,787
M_8423,757
M_2885,308
M_74829,788
M_40511,789
M_75988,790
M_69549,791
M_6326,792
M_27586,793
M_2821,476
M_45898,607
M_31382,794
M_51305,795
M_9367,328
M_34666,796
M_70422,166
M_50413,243
M_52256,443
M_83139,687
M_37702,630
M_57440,695
M_4666,738
M_15247,325
M_76200,797
M_27503,798
M_26499,718
M_99759,772
M_6986,799
M_78596,235
M_23258,429
M_10582,726
M_58163,800
M_8434,256
M_34333,263
M_58549,801
M_63752,2
M_76826,695
M_28189,181
M_99227,802
M_86891,803
M_61935,678
M_65182,389
M_13950,804
M_41280,805
M_71079,806
M_98291,190
M_56993,343
M_6696,230
M_68954,209
M_93213,321
M_96614,735
M_55902,215
M_62976,807
M_63411,808
M_35286,244
M_79940,19
M_91094,809
M_16539,181
M_18795,538
M_51454,74
M_52133,667
M_6844,583
M_93768,810
M_3438,775
M_54233,209
M_42251,811
M_57852,518
M_78767,812
M_78061,813
M_97291,814
M_8051,443
M_91232,667
M_38205,815
M_20891,154
M_85815,680
M_99664,423
M_24716,816
M_11285,408
M_8810,432
M_9831,667
M_60595,330
M_76138,817
M_46967,8
M_65285,217
M_67058,604
M_63869,422
M_45262,801
M_60641,689
M_78928,818
M_9197,455
M_15386,819
M_47888,242
M_45638,820
M_45339,821
M_19787,581
M_14772,361
M_53779,604
M_58509,40
M_85043,822
M_94204,251
M_46456,667
M_2696,371
M_84728,823
M_49621,556
M_50467,754
M_85913,824
M_59880,825
M_15527,616
M_10844,130
M_52252,93
M_80321,826
M_35179,258
M_8678,251
M_94188,127
M_29848,827
M_42267,323
M_93629,536
M_54720,576
M_62290,828
M_34344,453
M_39976,127
M_1169,557
M_5498,829
M_80167,340
M_19437,778
M_53295,817
M_73347,239
M_68117,791
M_75424,95
M_20310,227
M_36539,631
M_31451,690
M_73100,483
M_50570,428
M_60030,711
M_49077,465
M_92360,830
M_75197,530
M_55681,491
M_74203,642
M_78224,365
M_28701,707
M_28611,31
M_60410,659
M_77717,831
M_31826,733
M_7668,554
M_39733,704
M_18952,180
M_80171,502
M_84506,393
M_18956,828
M_50573,203
M_36141,10
M_14018,225
M_26579,832
M_26694,833
M_88553,162
M_64449,169
M_15932,189
M_17404,207
M_53564,268
M_33015,834
M_99485,835
M_54994,209
M_29531,495
M_15176,160
M_45636,366
M_61249,420
M_14517,30
M_61686,494
M_86209,836
M_13917,837
M_92942,770
M_99313,838
M_87333,491
M_40101,142
M_66328,118
M_50107,97
M_56063,533
M_59105,839
M_40369,831
M_47781,698
M_60922,561
M_60924,840
M_73811,19
M_87273,508
M_76372,841
M_58035,576
M_10480,842
M_12263,843
M_9604,135
M_69771,844
M_31339,235
M_16506,151
M_90694,845
M_99681,289
M_10768,19
M_527,13
M_1420,521
M_28372,846
M_4643,95
M_67153,649
M_24413,108
M_59491,608
M_73080,47
M_93726,847
M_81346,848
M_21756,176
M_45561,244
M_85217,430
M_48219,427
M_60899,66
M_70598,32
M_57495,362
M_22281,410
M_88498,344
M_11669,148
M_98313,592
M_76326,216
M_13278,377
M_29599,317
M_89631,849
M_96409,439
M_75124,35
M_13269,822
M_53364,850
M_29595,666
M_25244,691
M_78666,273
M_73585,851
M_13905,537
M_61176,852
M_50263,824
M_75155,148
M_15134,108
M_11223,621
M_11767,808
M_33327,797
M_40923,794
M_25154,294
M_65680,705
M_28340,325
M_26067,801
M_59490,339
M_32662,155
M_17819,180
M_64682,540
M_31735,90
M_1561,395
M_62746,853
M_9191,180
M_34853,854
M_97977,728
M_69934,410
M_71618,76
M_91731,629
M_23816,530
M_66130,224
M_52003,187
M_10154,242
M_10275,450
M_18832,698
M_86361,648
M_68238,855
M_40020,823
M_42450,835
M_65341,856
M_21878,665
M_14787,700
M_50678,762
M_55365,857
M_61520,445
M_81750,693
M_98349,466
M_40826,858
M_72088,642
M_65706,479
M_56340,727
M_45214,635
M_51082,371
M_57261,859
M_77011,55
M_24586,459
M_50538,626
M_71069,48
M_52901,817
M_98853,860
M_40290,560
M_14706,764
M_86282,861
M_31199,64
M_33561,672
M_83413,862
M_76267,59
M_22563,192
M_19470,803
M_63899,329
M_48831,863
M_64907,573
M_73365,130
M_95447,36
M_77453,58
M_20879,665
M_37953,494
M_46035,429
M_90334,864
M_48814,92
M_42654,698
M_52185,865
M_72815,764
M_41939,866
M_59124,323
M_92186,265
M_25162,155
M_96911,257
M_76227,468
M_37342,419
M_60491,0
M_75444,867
M_96593,76
M_50066,205
M_74493,338
M_77981,758
M_69108,868
M_83130,287
M_88659,720
M_1528,106
M_35208,869
M_84682,870
M_56105,211
M_47461,729
M_3385,746
M_29889,811
M_75185,406
M_71868,370
M_90838,529
M_61036,439
M_2050,871
M_41953,415
M_83051,872
M_79269,873
M_45981,445
M_10512,739
M_75084,661
M_26864,87
M_46718,0
M_10378,305
M_389,749
M_82479,479
M_59165,866
M_83449,281
M_66444,641
M_33716,874
M_28925,791
M_49297,110
M_67629,574
M_75888,875
M_77866,160
M_22421,80
M_45960,510
M_52248,876
M_73824,299
M_91067,827
M_85352,845
M_90944,711
M_14597,684
M_54809,833
M_69196,165
M_22356,857
M_19502,770
M_71675,5
M_2528,877
M_51131,658
M_8999,291
M_76106,823
M_39034,878
M_59584,155
M_87981,43
M_69702,218
M_80306,879
M_20211,880
M_82805,53
M_45702,842
M_45019,97
M_20152,843
M_39057,734
M_47972,273
M_90141,158
M_51929,881
M_30545,754
M_15162,412
M_75886,687
M_37401,882
M_46818,168
M_98222,594
M_74921,98
M_98599,440
M_53879,276
M_41626,242
M_26591,220
M_4689,456
M_10410,227
M_99997,139
M_21369,335
M_41727,162
M_47677,264
M_50847,397
M_60206,883
M_1270,884
M_9215,786
M_31829,45
M_62340,260
M_79946,428
M_90088,885
M_35917,404
M_41701,491
M_17949,564
M_401,435
M_81924,466
M_63444,595
M_33407,152
M_58185,824
M_129,674
M_13061,160
M_13666,886
M_68372,887
M_78566,159
M_49362,136
M_98751,34
M_99507,283
M_33131,408
M_3391,682
M_86198,774
M_18017,750
M_73563,405
M_92222,788
M_94290,199
M_64069,354
M_85927,727
M_28556,888
M_94526,497
M_9800,889
M_25373,73
M_90485,890
M_53051,476
M_84956,301
M_85994,252
M_41379,226
M_8427,740
M_64245,767
M_36047,142
M_64498,557
M_68139,543
M_14785,574
M_27719,354
M_89293,298
M_35024,825
M_64662,82
M_41416,127
M_78879,68
M_44233,541
M_88460,33
M_71309,758
M_65033,891
M_97632,890
M_74028,876
M_49913,531
M_36555,854
M_24570,68
M_88583,497
M_78641,869
M_28139,255
M_91892,341
M_93872,892
M_84764,397
M_47252,250
M_94381,674
M_78854,885
M_66893,67
M_36350,551
M_2360,893
M_32820,630
M_40909,581
M_15150,715
M_13123,590
M_65477,894
M_10600,140
M_44058,235
M_5905,229
M_71838,474
M_15856,518
M_35592,889
M_4004,43
M_6911,844
M_79571,766
M_45704,216
M_11250,344
M_32700,748
M_17511,895
M_36116,896
M_33471,897
M_61432,147
M_75193,561
M_95569,144
M_94642,663
M_33581,781
M_73025,489
M_78143,736
M_61394,876
M_75723,759
M_11568,802
M_88728,9
M_76481,739
M_52369,119
M_95047,804
M_86713,402
M_11173,234
M_51773,24
M_15245,484
M_40536,668
M_28458,658
M_79133,522
M_62585,493
M_19248,156
M_28323,482
M_93189,562
M_42476,356
M_27264,567
M_52820,141
M_83611,365
M_17445,511
M_19299,506
M_27972,898
M_65448,269
M_20311,438
M_76465,555
M_71744,121
M_24502,189
M_32419,287
M_46166,892
M_44845,385
M_75045,684
M_40964,289
M_62331,899
M_8436,65
M_82153,900
M_44531,901
M_27149,214
M_80248,545
M_27904,902
M_71086,563
M_63824,516
M_82807,187
M_55985,713
M_72526,283
M_37861,465
M_49824,618
M_73760,903
M_89951,614
M_9460,419
M_49897,487
M_72042,220
M_88249,67
M_18164,904
M_30621,105
M_59050,37
M_25929,675
M_64545,905
M_5161,413
M_71528,671
M_10446,522
M_17791,727
M_10265,185
M_6771,870
M_89844,615
M_16261,735
M_59297,255
M_6497,906
M_91356,325
M_60932,570
M_96617,567
M_45880,853
M_98798,355
M_70401,663
M_23437,590
M_51728,70
M_66233,386
M_45212,285
M_46286,621
M_19973,907
M_78079,597
M_43806,350
M_51045,100
M_97988,822
M_5482,257
M_1144,480
M_55872,124
M_7695,908
M_13772,513
M_54729,333
M_69803,572
M_80271,722
M_9150,909
M_91967,910
M_70645,146
M_97804,866
M_74202,760
M_72366,883
M_94001,510
M_77037,668
M_60498,199
M_64965,42
M_1364,717
M_21834,911
M_33922,912
M_96774,532
M_42635,7
M_62779,805
M_50823,743
M_30371,18
M_87047,598
M_12203,892
M_30049,913
M_92244,435
M_13715,463
M_98690,876
M_99281,745
M_9608,914
M_61550,779
M_18684,551
M_47623,142
M_74592,915
M_66706,841
M_80058,667
M_16629,26
M_36479,903
M_4748,80
M_74403,674
M_48276,782
M_88404,916
M_74269,220
M_41162,795
M_57985,494
M_61429,671
M_93056,400
M_47534,843
M_20367,647
M_45835,494
M_4059,293
M_78812,463
M_93050,917
M_75683,79
M_87095,918
M_89495,423
M_54058,486
M_11385,584
M_21275,143
M_45227,919
M_78069,272
M_98903,772
M_49391,652
M_50177,579
M_16247,221
M_9263,761
M_62568,704
M_59038,232
M_60540,8
M_9350,216
M_33635,626
M_91797,581
M_31028,899
M_45363,503
M_71594,188
M_86109,88
M_90717,361
M_44079,920
M_12224,547
M_53201,653
M_72739,100
M_73133,921
M_68864,640
M_87178,922
M_36432,715
M_8677,648
M_90948,103
M_82367,784
M_38525,747
M_81264,775
M_52254,923
M_56615,66
M_78682,135
M_81675,0
M_85229,581
M_30215,548
M_60944,129
M_73099,653
M_77500,924
M_22232,545
M_74811,730
M_15496,523
M_78250,257
M_35569,238
M_66341,925
M_70467,784
M_37335,197
M_16234,133
M_10194,926
M_23011,48
M_95215,652
M_99832,597
M_16930,799
M_4684,415
M_30490,296
M_82417,774
M_24634,292
M_65134,434
M_83949,927
M_14571,578
M_89256,489
M_29292,843
M_66672,861
M_69073,546
M_49363,152
M_56484,178
M_25365,298
M_32744,181
M_78995,8
M_43327,471
M_13312,691
M_23179,629
M_26016,542
M_23599,441
M_79154,214
M_33861,815
M_19257,265
M_44730,1
M_13850,928
M_69627,165
M_9745,876
M_1753,256
M_77190,583
M_90439,891
M_47020,892
M_51434,499
M_26814,150
M_29855,875
M_28469,112
M_48481,342
M_16102,489
M_20564,94
M_18619,728
M_7827,929
M_70747,930
M_7299,403
M_44832,167
M_15886,865
M_53410,210
M_13233,368
M_85864,743
M_74393,113
M_23641,459
M_89524,300
M_90978,357
M_17151,867
M_22594,161
M_54958,931
M_41975,450
M_13933,932
M_11414,507
M_24833,780
M_10980,332
M_13342,151
M_92978,665
M_56157,933
M_63429,362
M_84616,934
M_40080,894
M_13864,70
M_89885,464
M_46371,153
M_53963,935
M_71589,89
M_23306,508
M_12057,268
M_38233,916
M_37723,553
M_52632,401
M_66532,497
M_2323,377
M_44430,936
M_5167,753
M_9504,937
M_10714,6
M_29314,831
M_71228,118
M_98285,764
M_3576,137
M_15682,934
M_29402,96
M_71874,695
M_74370,734
M_15366,608
M_40213,176
M_36113,938
M_44193,744
M_85230,400
M_50924,939
M_12573,857
M_38103,474
M_38115,266
M_74991,224
M_21992,215
M_33135,419
M_76865,940
M_51176,274
M_66801,941
M_22204,630
M_82604,728
M_20848,942
M_95245,522
M_40444,548
M_30146,175
M_38,779
M_67190,943
M_59216,612
M_42416,816
M_58082,944
M_96147,540
M_5266,433
M_95862,344
M_19779,813
M_16076,682
M_86228,441
M_55187,597
M_87780,546
M_5501,621
M_78868,899
M_32726,940
M_82430,254
M_37389,553
M_97458,36
M_32256,418
M_60850,191
M_67905,583
M_67024,1
M_93853,299
M_75837,469
M_37255,945
M_91937,779
M_18105,783
M_22115,440
M_54382,159
M_85658,660
M_72136,946
M_1591,415
M_56925,947
M_92934,535
M_87517,412
M_20697,294
M_68652,431
M_87250,436
M_26385,454
M_71934,608
M_11706,366
M_35288,795
M_38186,784
M_95086,948
M_36748,366
M_50758,37
M_601,30
M_13530,929
M_4651,715
M_64450,492
M_34079,466
M_14596,376
M_99158,907
M_96944,392
M_91083,433
M_9496,722
M_49215,682
M_80304,499
M_31805,385
M_63817,573
M_81232,949
M_52940,950
M_29933,847
M_41653,285
M_28938,679
M_71113,534
M_31022,822
M_25954,28
M_52005,831
M_8971,506
M_40514,357
M_78826,951
M_84599,502
M_941,524
M_67799,539
M_46928,952
M_41821,953
M_10536,314
M_69840,304
M_38157,171
M_3652,193
M_85075,631
M_11440,676
M_64780,500
M_33396,438
M_79567,920
M_8757,408
M_13038,486
M_72373,95
M_61462,877
M_29814,506
M_90197,792
M_49553,954
M_3956,492
M_22664,654
M_21392,845
M_45516,143
M_79681,304
M_81966,832
M_7213,64
M_17869,814
M_27165,59
M_87265,955
M_14958,567
M_72871,956
M_91673,957
M_59251,151
M_88899,664
M_19212,436
M_32859,462
M_97299,112
M_67890,952
M_97232,958
M_47939,704
M_64332,340
M_53240,308
M_71122,370
M_26194,189
M_3280,142
M_59191,564
M_3675,273
M_84715,900
M_51084,70
M_88381,879
M_12094,33
M_41774,773
M_61784,453
M_47869,959
M_53693,357
M_65359,286
M_66639,859
M_46525,65
M_18573,182
M_86162,614
M_89206,49
M_11891,469
M_89742,460
M_37439,136
M_84277,862
M_52414,624
M_20289,113
M_72643,169
M_67965,934
M_11652,425
M_77889,460
M_95050,91
M_7705,845
M_50285,720
M_2335,19
M_2247,960
M_93394,961
M_60711,823
M_77714,882
M_69242,746
M_62467,928
M_88549,346
M_25541,962
M_35907,404
M_14869,590
M_58145,963
M_59189,130
M_60001,891
M_92474,601
M_78126,706
M_86164,426
M_2450,964
M_89904,965
M_80071,484
M_7044,774
M_99573,548
M_71872,99
M_76001,959
M_1995,46
M_90057,966
M_24618,222
M_37020,340
M_52527,470
M_56933,206
M_8361,463
M_83251,119
M_76592,921
M_76460,716
M_1311,967
M_33085,173
M_57617,863
M_4768,179
M_23109,399
M_36066,594
M_89859,417
M_86111,753
M_33204,361
M_636,89
M_16034,35
M_39622,275
M_59123,32
M_63828,325
M_84633,725
M_39927,0
M_88754,859
M_32846,211
M_24461,877
M_55774,360
M_1049,775
M_36805,246
M_55961,646
M_93945,569
M_4834,294
M_79695,933
M_79104,542
M_19817,180
M_56218,444
M_53143,435
M_83462,501
M_45529,430
M_5131,360
M_17956,352
M_2373,130
M_56857,255
M_22468,498
M_50399,867
M_75233,968
M_92871,684
M_96201,77
M_13927,669
M_33592,847
M_33915,93
M_1382,927
M_50745,969
M_48152,428
M_82581,297
M_20377,453
M_37193,267
M_46323,553
M_83976,156
M_92159,152
M_32850,221
M_35794,624
M_6859,747
M_33339,382
M_5256,516
M_60585,782
M_22063,868
M_70012,268
M_96254,916
M_56188,634
M_14371,673
M_48608,694
M_55925,117
M_40756,914
M_70934,626
M_95631,771
M_11467,792
M_7930,652
M_32910,353
M_89916,688
M_48241,833
M_28714,910
M_87978,315
M_94487,221
M_70357,750
M_71172,887
M_95452,44
M_5906,499
M_6620,416
M_37921,970
M_91618,415
M_74956,755
M_42733,971
M_34451,793
M_49269,87
M_3012,507
M_52879,69
M_77566,814
M_17548,123
M_99306,314
M_99571,318
M_34700,686
M_6537,174
M_22362,30
M_87506,831
M_77513,167
M_60729,862
M_87581,205
M_99318,475
M_76675,901
M_54489,638
M_74659,637
M_33804,972
M_75662,544
M_6623,973
M_94167,371
M_24288,494
M_58739,794
M_32509,633
M_98824,194
M_28072,974
M_34159,816
M_77136,211
M_86486,455
M_32235,310
M_80817,432
M_89961,166
M_78949,65
M_57140,225
M_16079,263
M_44191,473
M_85957,26
M_94353,41
M_49859,788
M_37325,391
M_50703,750
M_72577,70
M_52902,625
M_24217,184
M_82594,439
M_64312,321
M_11905,626
M_74970,975
M_38269,629
M_25671,154
M_34505,860
M_34016,630
M_52183,802
M_20554,61
M_37470,961
M_79390,675
M_25007,815
M_56910,976
M_70700,436
M_79122,457
M_66454,302
M_749,539
M_58186,255
M_11904,893
M_37129,394
M_18967,943
M_93177,182
M_4908,224
M_80077,429
M_11006,513
M_49588,650
M_25475,557
M_11203,184
M_97132,824
M_60712,24
M_48935,911
M_18637,977
M_97711,137
M_76529,82
M_25022,931
M_37098,884
M_22025,308
M_58833,117
M_33633,79
M_45723,612
M_6073,181
M_44525,253
M_56789,765
M_65326,50
M_90448,112
M_5959,126
M_20482,978
M_63574,979
M_72442,374
M_31477,741
M_19755,529
M_37105,785
M_59729,400
M_44150,293
M_65516,980
M_62898,981
M_86025,982
M_1447,734
M_3451,197
M_56794,731
M_36097,677
M_20031,337
M_91885,648
M_36968,558
M_46002,110
M_19987,268
M_57112,703
M_59649,249
M_93400,84
M_4827,82
M_32628,962
M_57042,973
M_69636,197
M_49305,556
M_28229,175
M_56455,517
M_35020,921
M_2314,109
M_1732,211
M_21449,406
M_14141,217
M_39423,687
M_68279,494
M_89807,202
M_49406,812
M_72673,355
M_79836,705
M_95665,577
M_12820,435
M_80725,811
M_78127,788
M_14682,181
M_24671,251
M_50051,21
M_81729,983
M_143,984
M_71362,730
M_87537,360
M_4997,83
M_17054,610
M_31245,174
M_80555,24
M_51977,717
M_39096,598
M_59955,71
M_65841,125
M_77083,187
M_31399,536
M_59394,93
M_10255,192
M_60050,29
M_93855,561
M_7526,751
M_70701,61
M_15818,526
M_38407,372
M_64749,985
M_10141,208
M_61064,602
M_71080,263
M_10297,954
M_69367,777
M_38048,51
M_90772,688
M_56451,695
M_78472,553
M_51445,935
M_56229,81
M_29020,986
M_26655,45
M_49670,194
M_77958,628
M_59903,559
M_29473,584
M_87360,475
M_55394,669
M_42867,189
M_77047,526
M_36753,153
M_45653,887
M_31067,398
M_43634,18
M_37505,425
M_52471,664
M_75275,758
M_12188,270
M_69966,481
M_4414,987
M_5688,230
M_81825,22
M_77689,988
M_36223,518
M_12002,859
M_408,984
M_43552,25
M_37461,155
M_41329,51
M_57470,921
M_96595,950
M_67516,310
M_50046,570
M_89850,340
M_65023,315
M_89997,793
M_52351,120
M_86493,868
M_35846,989
M_88941,327
M_53714,518
M_27428,716
M_24007,416
M_3427,776
M_70567,0
M_1240,339
M_65488,865
M_7855,985
M_78716,13
M_40504,235
M_79186,415
M_19416,955
M_76824,667
M_79196,555
M_38243,41
M_13901,700
M_19630,490
M_77737,810
M_63414,435
M_77298,323
M_50601,612
M_5289,827
M_87211,882
M_65874,989
M_13776,100
M_66775,182
M_57801,279
M_72201,990
M_32048,724
M_7135,991
M_40045,992
M_42269,231
M_87937,447
M_82629,504
M_75996,581
M_33733,940
M_10621,141
M_28663,316
M_20682,536
M_61051,487
M_75726,908
M_50331,196
M_27293,158
M_97046,744
M_49111,213
M_3994,648
M_89644,704
M_60778,684
M_89082,119
M_34138,269
M_86253,710
M_94182,927
M_23536,993
M_5863,968
M_44648,85
M_74872,342
M_54716,994
M_30998,919
M_57839,333
M_88402,100
M_82207,295
M_42201,780
M_31442,416
M_39802,296
M_15752,995
M_16983,386
M_36776,837
M_33296,341
M_19120,996
M_80851,184
M_8098,997
M_12398,896
M_26143,953
M_88119,998
M_70781,703
M_40287,167
M_8763,231
M_41731,34
M_23402,719
M_79433,439
M_99772,418
M_7072,999
M_85647,691
M_85977,177
M_64849,321
M_18582,432
M_82657,202
M_22108,374
M_88118,183
M_82199,421
M_23834,853
M_53162,141
M_3159,816
M_12542,535
M_23181,87
M_15644,617
M_84852,905
M_87534,1000
M_29877,193
M_12211,369
M_97915,868
M_94444,362
M_86794,133
M_3673,153
M_65283,590
M_32500,796
M_83312,1001
M_50932,11
M_6429,695
M_98707,503
M_57286,473
M_54903,434
M_55465,527
M_87195,604
M_44177,339
M_13852,730
M_25015,82
M_29400,554
M_56391,451
M_83926,217
M_42004,977
M_72736,724
M_67238,73
M_91607,801
M_13814,205
M_75980,197
M_29323,523
M_30347,125
M_74578,823
M_90698,976
M_78698,464
M_5827,945
M_6665,91
M_2012,252
M_88289,837
M_8395,737
M_39175,940
M_44925,512
M_11188,139
M_60616,0
M_49040,308
M_59889,511
M_35720,956
M_76901,585
M_85152,173
M_95795,681
M_90172,589
M_72262,373
M_15528,147
M_67845,458
M_40497,918
M_61987,998
M_78526,677
M_46620,141
M_99600,397
M_1102,779
M_97020,901
M_56899,935
M_65237,649
M_98479,951
M_25469,718
M_8653,423
M_92299,658
M_80060,640
M_56705,996
M_93679,106
M_50239,437
M_70798,38
M_60891,718
M_10191,388
M_59590,466
M_59700,452
M_24904,971
M_41997,468
M_47404,833
M_77450,92
M_5572,663
M_57781,35
M_80278,158
M_90777,995
M_91742,586
M_72753,193
M_87428,489
M_31224,206
M_40565,622
M_71146,297
M_19164,567
M_61694,510
M_89855,455
M_20887,169
M_49404,836
M_93381,453
M_72314,105
M_43091,131
M_90160,427
M_51604,183
M_96955,254
M_56165,400
M_99253,664
M_84174,976
M_67483,792
M_48963,249
M_67622,1002
M_14148,376
M_48642,623
M_88321,384
M_45681,288
M_81713,481
M_66155,161
M_67057,994
M_87856,9
M_5797,496
M_85648,713
M_23545,895
M_82445,655
M_284,721
M_63852,419
M_80990,3
M_93987,936
M_58577,562
M_66453,604
M_16835,471
M_84569,556
M_55741,362
M_1072,617
M_42149,523
M_43500,234
M_9389,442
M_68092,337
M_42678,142
M_47039,561
M_94707,689
M_48446,140
M_80480,264
M_8231,584
M_643,86
M_24817,248
M_42214,679
M_92759,357
M_55955,1003
M_59249,1004
M_84501,824
M_55410,498
M_21455,211
M_51724,1005
M_69510,246
M_74848,1006
M_78942,708
M_83776,453
M_10099,923
M_5265,296
M_66315,619
M_73765,1007
M_70686,1008
M_80534,927
M_45697,783
M_65875,408
M_42209,228
M_38148,470
M_7003,803
M_65763,517
M_72418,1009
M_85642,776
M_64394,476
M_72074,582
M_68847,178
M_39480,1010
M_45255,707
M_46135,872
M_9470,966
M_23386,250
M_60137,856
M_42044,823
M_34176,31
M_41824,147
M_63351,169
M_64803,817
M_75758,537
M_53723,307
M_77490,351
M_36735,975
M_95475,697
M_88664,573
M_16558,862
M_2436,127
M_9278,721
M_84678,486
M_56914,539
M_55420,402
M_67812,405
M_91588,699
M_86008,985
M_92482,13
M_89974,524
M_79285,943
M_53743,355
M_66631,134
M_19145,435
M_23766,201
M_95393,463
M_89669,227
M_92818,1011
M_63220,913
M_4925,410
M_12889,419
M_87076,317
M_58646,529
M_65824,788
M_47468,1012
M_74368,295
M_69256,562
M_91291,472
M_86392,700
M_98561,901
M_99291,158
M_44834,1013
M_24790,841
M_37150,799
M_5920,879
M_92990,727
M_11195,396
M_79887,66
M_96156,95
M_15065,232
M_33427,777
M_68140,400
M_82585,803
M_88139,337
M_17368,316
M_53247,372
M_83086,512
M_64341,15
M_35651,268
M_58721,231
M_68332,792
M_6555,400
M_79837,935
M_90811,1014
M_1295,525
M_74322,285
M_78219,285
M_28398,221
M_40065,374
M_68338,836
M_87044,479
M_95982,278
M_49766,1015
M_9421,150
M_32876,535
M_2384,184
M_85006,886
M_9385,460
M_9169,690
M_70546,183
M_52808,301
M_57336,506
M_81188,167
M_70914,370
M_35007,324
M_81782,498
M_83233,495
M_41965,49
M_75305,145
M_47108,725
M_51963,138
M_78275,877
M_59861,27
M_17103,917
M_56139,1016
M_69860,947
M_69908,5
M_82217,785
M_81749,417
M_81413,431
M_31881,88
M_76184,453
M_87361,911
M_2468,759
M_82368,866
M_98544,832
M_55876,994
M_65965,768
M_58847,594
M_84346,528
M_52202,668
M_59175,917
M_28707,1004
M_4331,898
M_27430,852
M_27996,527
M_30206,355
M_1785,611
M_7699,809
M_82136,533
M_89021,528
M_2018,512
M_3046,891
M_3335,102
M_68462,17
M_32829,903
M_54819,152
M_22818,16
M_39446,628
M_1643,84
M_64389,11
M_17630,926
M_91812,893
M_41357,358
M_37842,359
M_41360,723
M_38478,137
M_50465,384
M_46266,505
M_65887,906
M_43713,650
M_90918,946
M_49434,398
M_60902,181
M_51648,92
M_60159,269
M_54714,372
M_31047,644
M_16666,285
M_86972,721
M_29678,121
M_89889,983
M_35012,852
M_13154,848
M_59301,593
M_77610,256
M_56268,570
M_34154,530
M_85081,354
M_2716,34
M_57368,550
M_66296,295
M_40265,809
M_21865,178
M_77558,773
M_64002,555
M_67357,557
M_30267,534
M_82410,99
M_45847,1017
M_96695,207
M_26712,213
M_77451,762
M_80618,1006
M_96822,881
M_17998,148
M_3145,57
M_52658,715
M_63572,114
M_55256,323
M_52057,904
M_47748,248
M_88617,209
M_256,761
M_94255,69
M_41682,366
M_36256,844
M_73680,865
M_1133,626
M_95153,80
M_50945,444
M_81086,945
M_81546,710
M_38559,590
M_64528,886
M_69727,1018
M_26962,939
M_77352,108
M_75201,771
M_93713,488
M_81606,772
M_27189,970
M_42449,963
M_13320,600
M_83499,656
M_24040,722
M_65139,1019
M_30920,20
M_97832,337
M_49007,427
M_78757,168
M_97270,326
M_94956,171
M_73178,769
M_1939,612
M_66132,285
M_90591,387
M_74971,891
M_99002,513
M_77382,58
M_56329,663
M_15387,504
M_3698,200
M_70002,917
M_44078,1020
M_89675,645
M_71174,794
M_20151,761
M_993,988
M_22200,1021
M_554,796
M_40430,393
M_64387,517
M_18883,628
M_97530,660
M_18176,697
M_68902,164
M_73827,428
M_57734,690
M_47843,623
M_86072,947
M_63225,249
M_88765,509
M_94496,852
M_22676,775
M_88829,773
M_58709,266
M_97168,1022
M_49713,47
M_22192,44
M_49192,750
M_61678,359
M_85150,403
M_18367,755
M_84356,487
M_296,803
M_1675,894
M_35854,570
M_43299,760
M_54407,572
M_22546,266
M_65058,561
M_69483,331
M_15813,566
M_98125,124
M_72698,809
M_65651,906
M_91212,846
M_63056,187
M_78114,670
M_54789,40
M_78885,57
M_26623,345
M_34766,451
M_16934,529
M_3354,550
M_54324,734
M_52570,827
M_89248,106
M_41630,180
M_54391,485
M_72023,42
M_46362,1000
M_7427,607
M_71254,966
M_43757,1023
M_78953,619
M_1813,852
M_10034,728
M_22011,562
M_88604,617
M_79297,1024
M_37407,423
M_38428,1025
M_54698,95
M_59037,949
M_85992,661
M_94848,344
M_36463,750
M_43649,632
M_18569,33
M_73606,212
M_50082,101
M_49129,644
M_94946,374
M_10403,827
M_28180,930
M_82228,1026
M_94079,382
M_69050,1027
M_46574,484
M_79460,59
M_48506,549
M_12312,179
M_77590,944
M_59921,24
M_62602,1028
M_21438,214
M_75172,228
M_16150,466
M_75425,1002
M_85721,358
M_74317,147
M_26193,727
M_82748,400
M_9996,349
M_17553,1014
M_36987,423
M_76643,772
M_91768,764
M_10813,622
M_26256,275
M_76044,971
M_66088,372
M_11121,10
M_27707,35
M_14004,932
M_74157,258
M_83013,716
M_9444,167
M_17101,344
M_37661,1029
M_37942,436
M_50366,103
M_39183,708
M_96314,57
M_23448,785
M_7421,501
M_57081,411
M_60732,33
M_53635,408
M_28815,908
M_77720,993
M_80713,484
M_89840,691
M_5320,967
M_69603,168
M_82556,721
M_97919,271
M_34410,818
M_2405,895
M_4941,662
M_98836,359
M_7566,868
M_87097,84
M_32754,525
M_59770,366
M_3051,421
M_39941,515
M_60829,522
M_37043,583
M_14090,337
M_99113,212
M_14047,862
M_10577,477
M_89944,613
M_30914,652
M_74861,967
M_27521,895
M_42242,168
M_22914,22
M_43371,837
M_85404,325
M_77930,1007
M_92608,687
M_84738,1030
M_55859,373
M_42579,50
M_30465,13
M_12450,19
M_14385,930
M_90571,539
M_21281,641
M_79858,166
M_54721,670
M_7671,824
M_92053,978
M_65354,343
M_90484,632
M_33892,302
M_13829,35
M_15577,252
M_27359,78
M_66695,60
M_70611,24
M_49293,512
M_69921,185
M_71360,293
M_64522,370
M_98095,538
M_76346,559
M_78935,976
M_62461,741
M_2675,906
M_93372,429
M_2358,103
M_34510,1031
M_34904,759
M_37721,231
M_72770,410
M_95608,309
M_10269,129
M_63289,483
M_86991,535
M_44846,19
M_7969,829
M_21017,1032
M_80828,533
M_96958,97
M_89743,174
M_39416,893
M_84286,988
M_13302,546
M_10625,667
M_29223,1021
M_52245,788
M_49772,95
M_51035,19
M_4609,365
M_11088,560
M_85533,716
M_39361,523
M_56064,560
M_39173,894
M_68035,584
M_34253,134
M_48254,744
M_94467,382
M_67232,524
M_42605,632
M_48945,844
M_90649,650
M_10427,533
M_22043,80
M_95004,863
M_29169,792
M_49482,774
M_84592,1033
M_7336,222
M_25210,514
M_79582,435
M_84768,111
M_23375,742
M_32241,1034
M_41197,863
M_91913,1007
M_16391,274
M_35512,344
M_75156,477
M_39819,1035
M_61889,47
M_67927,592
M_75099,363
M_93865,501
M_73316,555
M_66947,19
M_98976,238
M_45796,716
M_91372,234
M_6215,449
M_39216,159
M_65815,914
M_58200,442
M_79885,18
M_41641,240
M_63252,760
M_81134,930
M_70930,909
M_56737,179
M_37727,759
M_94497,251
M_36801,82
M_52056,1036
M_4133,315
M_84453,130
M_55460,173
M_83361,924
M_96844,352
M_62935,755
M_90587,25
M_68259,728
M_85985,300
M_98661,761
M_26096,821
M_90690,542
M_4789,184
M_45007,635
M_59531,1037
M_63096,982
M_94862,157
M_23572,579
M_26439,663
M_43754,988
M_16457,577
M_64165,955
M_12321,920
M_78274,186
M_36184,84
M_61163,568
M_55069,149
M_76811,27
M_36023,1018
M_91280,118
M_78237,607
M_17536,1038
M_28166,662
M_25792,570
M_14997,797
M_36921,664
M_44116,695
M_55241,928
M_25513,791
M_91262,872
M_52490,227
M_79989,609
M_86112,236
M_2257,309
M_54172,33
M_59784,318
M_67002,143
M_93917,564
M_9581,557
M_81472,233
M_90687,318
M_99295,605
M_95459,458
M_5,22
M_53740,559
M_21677,448
M_30921,303
M_63830,670
M_18407,526
M_22708,323
M_90377,159
M_37324,109
M_74737,261
M_55348,129
M_27903,295
M_66791,616
M_49489,344
M_82988,961
M_93202,977
M_34357,893
M_96677,192
M_26234,173
M_77390,81
M_25237,994
M_39710,121
M_41764,298
M_46230,328
M_1831,200
M_64340,489
M_15111,579
M_3700,1011
M_29555,36
M_8157,45
M_2108,570
M_98347,114
M_12238,95
M_11527,652
M_39683,936
M_30000,127
M_87593,837
M_55838,541
M_3276,1024
M_23195,648
M_86125,250
M_94629,336
M_17047,392
M_34284,536
M_35153,225
M_57299,290
M_98733,446
M_10024,614
M_15525,933
M_6671,165
M_29516,635
M_56014,1039
M_30190,558
M_25611,336
M_69450,780
M_80151,330
M_179,374
M_8632,1040
M_83944,155
M_95126,594
M_69712,338
M_42853,317
M_88748,957
M_59220,556
M_14963,107
M_65490,539
M_70529,65
M_14010,216
M_50813,429
M_34923,141
M_66468,156
M_74540,962
M_80001,684
M_80401,19
M_17928,960
M_63654,942
M_8969,669
M_41844,869
M_93178,239
M_87005,538
M_49235,702
M_67627,520
M_41776,740
M_81362,885
M_86592,62
M_76819,318
M_34384,618
M_7984,734
M_42051,226
M_69152,1
M_51663,934
M_97457,601
M_60371,303
M_84937,658
M_74514,174
M_19254,246
M_44039,9
M_40254,534
M_54155,535
M_36409,86
M_9259,559
M_30569,559
M_56870,1041
M_92233,128
M_64184,178
M_59612,464
M_58462,88
M_3726,595
M_354,544
M_76682,34
M_45195,67
M_21564,660
M_13811,844
M_48180,365
M_85581,275
M_67928,776
M_90925,993
M_5562,694
M_64552,976
M_54713,720
M_48868,96
M_55127,593
M_74124,854
M_46506,613
M_73506,439
M_1260,168
M_32856,909
M_74460,973
M_14151,438
M_5766,662
M_53058,587
M_85570,877
M_97342,290
M_45014,435
M_21680,204
M_2016,914
M_69920,396
M_5406,744
M_4437,192
M_5525,25
M_11698,728
M_27812,389
M_36831,84
M_85748,733
M_10398,514
M_15546,635
M_42528,875
M_47922,362
M_83999,515
M_52340,569
M_50090,443
M_89084,54
M_96928,295
M_7439,908
M_35863,995
M_65702,421
M_65150,244
M_76702,408
M_45085,742
M_92326,640
M_65298,47
M_89136,110
M_32601,975
M_9967,368
M_70782,593
M_34854,388
M_85826,405
M_18989,883
M_94822,948
M_15830,718
M_3786,584
M_16338,423
M_89230,1042
M_29010,337
M_69769,607
M_73242,505
M_26846,353
M_51346,257
M_36991,143
M_25917,93
M_87680,488
M_95218,420
M_81901,1001
M_54637,464
M_77780,32
M_76426,500
M_22510,974
M_33788,129
M_67476,409
M_18248,851
M_69665,532
M_14477,1043
M_55391,357
M_82920,154
M_54241,941
M_224,177
M_52040,8
M_78967,30
M_47518,50
M_68625,427
M_77075,1039
M_9157,838
M_42813,10
M_60733,140
M_57306,188
M_73400,2
M_92104,228
M_34946,671
M_8180,472
M_99527,400
M_26158,934
M_79615,638
M_21780,1015
M_39636,221
M_73926,641
M_49018,1026
M_39788,1044
M_8091,112
M_13453,950
M_10753,601
M_91571,283
M_95754,346
M_58554,910
M_21977,185
M_32923,1045
M_49095,354
M_5626,1046
M_27179,334
M_92295,179
M_52580,897
M_43428,100
M_29051,302
M_34673,777
M_33642,761
M_66434,753
M_59300,357
M_3772,506
M_93928,134
M_11228,935
M_36885,991
M_71791,917
M_77464,225
M_99438,986
M_73389,126
M_4790,1047
M_83348,916
M_54692,934
M_94373,262
M_99594,214
M_31487,749
M_50147,584
M_64897,605
M_681,728
M_38514,907
M_12357,226
M_77921,229
M_32717,421
M_91427,21
M_92427,515
M_10121,1048
M_38685,861
M_87153,1002
M_72827,560
M_51182,509
M_46867,918
M_90363,356
M_4878,690
M_72423,130
M_21693,69
M_15558,334
M_9480,375
M_50259,947
M_35196,16
M_83239,173
M_82191,522
M_82894,375
M_42053,742
M_95662,64
M_43763,1026
M_50803,846
M_78137,98
M_70888,277
M_77905,608
M_87986,650
M_18803,621
M_67335,743
M_9945,83
M_1856,781
M_45788,111
M_17690,122
M_72608,132
M_68655,622
M_78,472
M_56442,54
M_60022,1043
M_42791,236
M_58418,665
M_99215,105
M_43411,880
M_44185,12
M_66234,1006
M_39512,454
M_3862,121
M_67429,405
M_84811,681
M_31407,632
M_82678,61
M_4576,232
M_86379,326
M_1906,690
M_50626,206
M_59382,625
M_39995,866
M_57046,709
M_18283,611
M_19122,983
M_4885,976
M_40496,1049
M_59157,448
M_2455,307
M_11073,546
M_72154,326
M_15918,460
M_94938,759
M_97841,784
M_259,871
M_21791,1050
M_19821,84
M_64942,31
M_41802,90
M_7551,526
M_70803,324
M_66162,621
M_11133,168
M_50060,1049
M_76095,607
M_10133,597
M_31585,171
M_5864,172
M_57100,710
M_39786,513
M_54417,120
M_10112,220
M_33846,910
M_93359,3
M_39262,36
M_65207,842
M_75529,1051
M_18336,870
M_37431,941
M_79513,718
M_82289,215
M_46474,1027
M_81389,631
M_43745,1052
M_23305,422
M_92125,879
M_45013,291
M_61823,167
M_76949,299
M_46626,683
M_1729,427
M_83027,1053
M_96133,730
M_4778,626
M_28190,820
M_23260,935
M_31387,941
M_39852,14
M_51126,196
M_38978,529
M_65968,19
M_94743,251
M_22774,88
M_2126,210
M_72817,638
M_53486,12
M_7139,948
M_60011,604
M_49743,586
M_5970,932
M_71731,659
M_56389,455
M_92099,145
M_92129,623
M_58724,661
M_5344,41
M_2922,958
M_73829,223
M_74174,347
M_70449,837
M_38843,404
M_74262,420
M_75451,98
M_24545,48
M_37887,843
M_98779,222
M_69429,415
M_75859,383
M_16107,878
M_58026,335
M_67949,717
M_68756,800
M_45922,723
M_25337,70
M_1162,456
M_41262,789
M_68195,784
M_58125,960
M_33320,814
M_71502,336
M_98691,138
M_23360,628
M_26403,72
M_56732,182
M_72126,192
M_51062,305
M_24560,943
M_36606,279
M_18953,170
M_84800,214
M_97490,606
M_33178,814
M_85513,49
M_54815,960
M_65106,697
M_87789,650
M_23167,190
M_35788,590
M_97561,861
M_81062,538
M_28567,639
M_44774,1054
M_15710,714
M_92834,127
M_47121,631
M_74583,168
M_75013,308
M_83564,430
M_5114,638
M_49825,482
M_56326,895
M_59051,604
M_53405,879
M_67212,976
M_90641,786
M_97677,500
M_27551,126
M_53953,53
M_1531,116
M_19126,1010
M_19873,10
M_67722,178
M_67158,785
M_62445,204
M_611,120
M_42387,751
M_3749,861
M_39222,181
M_74674,386
M_76816,488
M_6976,214
M_10438,794
M_79242,548
M_94907,998
M_59143,376
M_55328,510
M_10824,503
M_53924,850
M_83979,326
M_77498,431
M_20129,98
M_93580,568
M_9483,62
M_28088,406
M_35958,862
M_17082,433
M_70537,589
M_12733,1038
M_25177,788
M_28144,165
M_56472,229
M_25738,1048
M_27772,825
M_69756,60
M_79051,119
M_82540,218
M_84632,298
M_97260,493
M_19107,819
M_95688,822
M_95074,542
M_49417,663
M_34025,799
M_52903,253
M_62652,141
M_11757,1045
M_94569,73
M_66281,1055
M_35619,337
M_12061,704
M_47934,95
M_12228,104
M_28902,689
M_80654,639
M_42327,1056
M_46031,339
M_73559,218
M_69713,506
M_86092,622
M_30756,664
M_61527,292
M_96008,1028
M_23320,114
M_87233,162
M_22878,835
M_51898,549
M_80081,81
M_95818,911
M_52214,562
M_3558,521
M_49044,368
M_83294,105
M_36420,319
M_16639,252
M_79035,263
M_14086,678
M_20092,220
M_66979,1057
M_77052,167
M_43643,627
M_33397,271
M_72036,998
M_7580,954
M_96892,616
M_69613,881
M_91186,19
M_81669,731
M_35616,262
M_70046,168
M_31128,178
M_47443,506
M_50327,485
M_44326,1058
M_30941,54
M_21666,226
M_6945,302
M_55934,162
M_9358,879
M_57365,369
M_8942,409
M_44413,371
M_41548,885
M_76234,416
M_68427,820
M_37349,279
M_10743,151
M_56927,362
M_33322,2
M_68385,96
M_67023,796
M_77511,527
M_16269,805
M_25686,751
M_23814,450
M_47213,171
M_61306,542
M_67701,987
M_87732,1013
M_19004,916
M_11603,74
M_21858,476
M_12283,975
M_50057,279
M_28242,226
M_66557,795
M_82612,488
M_29149,851
M_37908,394
M_63649,573
M_22142,1056
M_21776,643
M_15165,474
M_54476,837
M_6,665
M_50578,517
M_65226,751
M_24103,744
M_43099,944
M_324,381
M_36087,417
M_72104,129
M_35628,567
M_41958,465
M_43435,160
M_65252,900
M_9784,855
M_11734,284
M_74641,623
M_84465,607
M_23622,517
M_19150,343
M_25636,996
M_63002,690
M_4732,935
M_73965,37
M_42068,797
M_8771,837
M_62019,207
M_90892,472
M_68333,870
M_15686,609
M_62160,681
M_84831,1008
M_27355,62
M_88449,568
M_24424,292
M_81196,722
M_25377,7
M_65893,206
M_92406,269
M_33809,840
M_94289,517
M_33362,695
M_67987,766
M_32436,332
M_15497,859
M_18089,862
M_39558,215
M_91298,206
M_33166,61
M_51081,155
M_66692,510
M_52468,68
M_380,1059
M_66358,972
M_4235,503
M_2312,97
M_92318,849
M_72171,179
M_17712,240
M_79841,690
M_35579,601
M_97098,402
M_96280,620
M_23016,492
M_3764,351
M_84084,763
M_65915,228
M_82688,283
M_95114,986
M_52300,294
M_44583,607
M_69432,945
M_25304,1004
M_3234,695
M_63506,1041
M_77022,392
M_16089,646
M_38083,826
M_10943,125
M_27434,269
M_92194,779
M_41456,165
M_9843,493
M_18343,646
M_15173,315
M_15401,846
M_94485,100
M_64353,67
M_82733,553
M_72859,369
M_52703,1026
M_37660,891
M_55144,219
M_79039,852
M_82014,493
M_84099,361
M_16284,522
M_34064,846
M_40794,361
M_66821,813
M_55285,623
M_40621,968
M_52825,566
M_27711,1045
M_79576,948
M_78848,79
M_44604,852
M_90521,795
M_42067,330
M_19187,28
M_78841,887
M_38086,800
M_28288,536
M_71855,643
M_99155,533
M_34192,35
M_97105,525
M_55604,264
M_51252,989
M_67310,890
M_20683,577
M_8874,280
M_91074,922
M_68666,1060
M_3595,913
M_64007,12
M_70238,52
M_15211,239
M_33136,222
M_69441,620
M_45944,136
M_3693,496
M_94727,190
M_96992,499
M_47422,203
M_45299,274
M_25196,620
M_60957,735
M_23607,1014
M_70281,317
M_37468,366
M_52313,282
M_419,363
M_10561,928
M_69533,58
M_37125,561
M_70175,3
M_59378,292
M_70892,1025
M_54699,175
M_22637,56
M_37343,858
M_18057,234
M_87447,195
M_13331,281
M_10111,746
M_24057,564
M_49005,778
M_19235,1061
M_33603,594
M_21962,765
M_63082,471
M_24155,471
M_69808,971
M_1575,554
M_93852,1062
M_1191,1031
M_57579,704
M_71713,1018
M_34732,105
M_25387,264
M_99088,309
M_88311,115
M_21983,522
M_51205,198
M_54440,975
M_25302,553
M_57647,492
M_82502,682
M_10764,823
M_92679,622
M_44292,621
M_21290,776
M_63829,547
M_6699,984
M_56185,377
M_21509,268
M_75010,152
M_92073,1035
M_55585,552
M_40087,631
M_63597,105
M_36357,267
M_48588,882
M_67520,612
M_69574,958
M_94630,337
M_15380,176
M_81929,704
M_48684,654
M_77469,307
M_250,1063
M_9629,246
M_17456,328
M_85226,359
M_75675,730
M_9136,10
M_79391,879
M_59020,157
M_52498,435
M_13579,874
M_66982,535
M_2167,227
M_65255,651
M_71375,366
M_19480,775
M_1120,190
M_85005,540
M_42096,1001
M_21854,640
M_29834,906
M_55156,238
M_97744,570
M_35650,371
M_8883,602
M_90188,1055
M_4194,787
M_24261,518
M_25269,302
M_39087,213
M_30088,369
M_91170,77
M_95238,885
M_18289,569
M_34422,77
M_86002,316
M_10131,978
M_37527,720
M_54149,172
M_58077,64
M_12046,209
M_96301,358
M_16650,232
M_50328,833
M_70766,545
M_94564,996
M_47990,1023
M_11323,802
M_25714,985
M_61266,544
M_86842,589
M_88217,217
M_11047,840
M_48001,192
M_5225,71
M_56580,756
M_70000,694
M_38489,184
M_27923,682
M_58601,348
M_87590,469
M_57090,316
M_19458,198
M_66020,175
M_68758,24
M_67897,767
M_93849,491
M_54132,556
M_17443,286
M_60730,340
M_53814,294
M_95579,613
M_59221,954
M_27891,367
M_45139,771
M_57525,405
M_77542,155
M_40466,362
M_54807,888
M_61269,851
M_12751,88
M_61290,209
M_87330,337
M_89834,384
M_14212,224
M_36138,624
M_66624,430
M_50346,98
M_17638,546
M_52035,724
M_70578,276
M_24025,463
M_53541,819
M_66413,142
M_19349,75
M_27957,257
M_53598,193
M_26268,277
M_53489,530
M_67857,516
M_11233,256
M_18579,315
M_98440,223
M_71586,305
M_4472,300
M_36397,273
M_46746,58
M_90550,244
M_34391,13
M_33545,391
M_90260,249
M_72449,238
M_36258,667
M_2895,423
M_29065,330
M_84739,620
M_38985,134
M_2330,949
M_76757,856
M_96141,1004
M_67899,578
M_740,1021
M_40062,557
M_95051,956
M_24287,822
M_91175,527
M_23139,591
M_90788,637
M_99316,360
M_31773,972
M_71536,251
M_11584,696
M_66605,117
M_25222,363
M_43604,342
M_88218,145
M_18276,865
M_36209,222
M_88888,230
M_45050,14
M_78460,1047
M_91101,1052
M_12202,759
M_83656,780
M_12879,659
M_14362,169
M_18350,790
M_6995,890
M_7979,485
M_34088,89
M_75672,378
M_32830,572
M_20504,456
M_74399,743
M_27091,525
M_89537,424
M_70193,30
M_41040,807
M_74233,732
M_74919,1037
M_41317,52
M_98946,132
M_2813,483
M_41705,286
M_97044,276
M_89829,518
M_12382,443
M_80650,24
M_28071,436
M_34667,120
M_22911,457
M_56350,965
M_21482,465
M_95580,354
M_28008,1052
M_66223,991
M_44738,1064
M_88059,990
M_20856,267
M_38929,819
M_30834,711
M_3254,116
M_4468,602
M_89239,132
M_84732,410
M_2183,759
M_33791,872
M_56761,518
M_60270,988
M_20419,721
M_20136,123
M_90376,50
M_22460,138
M_32851,501
M_62777,614
M_22590,896
M_61863,692
M_79881,48
M_41571,1065
M_71208,633
M_57372,907
M_65222,1019
M_22145,269
M_77858,173
M_88346,80
M_56545,221
M_17554,485
M_54465,466
M_67269,202
M_45599,40
M_80475,1039
M_95119,6
M_42559,373
M_35277,314
M_56843,240
M_22680,717
M_97116,761
M_4461,374
M_54860,499
M_19941,1001
M_98669,1047
M_53106,2
M_77321,266
M_25887,129
M_27857,152
M_59529,826
M_46100,37
M_49477,63
M_94961,720
M_4588,209
M_25427,763
M_69965,412
M_97006,914
M_20430,629
M_47240,530
M_94016,344
M_56887,449
M_63912,339
M_77658,604
M_80801,336
M_42235,492
M_41376,730
M_92897,218
M_61971,507
M_61660,106
M_14873,1023
M_40962,658
M_60067,45
M_50064,451
M_62970,716
M_28710,1
M_50765,373
M_78988,869
M_76449,605
M_53144,407
M_50617,270
M_1025,1021
M_48995,796
M_3737,407
M_57641,309
M_75521,759
M_65525,812
M_98858,1013
M_96791,161
M_70681,933
M_54028,872
M_89351,31
M_95275,254
M_67199,638
M_1674,933
M_59133,100
M_82699,923
M_49340,940
M_74437,260
M_96360,1061
M_16828,1036
M_1904,411
M_82268,174
M_26745,347
M_3954,1050
M_25320,346
M_48510,220
M_4462,879
M_18955,154
M_39877,831
M_40921,438
M_34367,872
M_99097,346
M_90919,332
M_4551,483
M_78686,7
M_12753,294
M_33501,384
M_50778,440
M_96814,207
M_30611,164
M_16389,430
M_63231,440
M_64718,1045
M_66694,237
M_17820,744
M_19606,1026
M_37302,602
M_89453,333
M_7136,331
M_32347,401
M_28675,407
M_18995,1002
M_80123,726
M_87770,845
M_14265,733
M_44778,883
M_26915,298
M_79345,663
M_84656,526
M_87385,860
M_97651,85
M_30430,440
M_61123,929
M_73022,634
M_60510,363
M_12654,385
M_23512,1035
M_41598,607
M_19660,47
M_96309,499
M_14164,385
M_87089,682
M_44642,663
M_66001,1057
M_32336,206
M_57726,448
M_99850,904
M_8697,233
M_58823,57
M_59927,733
M_91538,816
M_92439,962
M_6461,852
M_62104,747
M_2375,359
M_21562,925
M_51298,1015
M_13482,245
M_23604,250
M_34303,785
M_36152,499
M_49783,889
M_17454,952
M_24397,217
M_35678,429
M_65914,578
M_73261,928
M_11656,514
M_45927,799
M_90033,122
M_90389,648
M_16513,765
M_27540,277
M_84989,261
M_68001,955
M_92687,591
M_4270,222
M_7272,1010
M_89198,830
M_93203,1021
M_72525,271
M_43859,243
M_80612,328
M_99208,963
M_64434,670
M_35379,0
M_57936,279
M_89413,911
M_95628,216
M_28888,700
M_69070,802
M_65956,646
M_11862,396
M_48,763
M_19085,32
M_58760,778
M_81793,425
M_96165,372
M_83930,924
M_40493,369
M_5568,455
M_63241,319
M_27560,821
M_43467,1066
M_33438,869
M_78660,143
M_92157,475
M_63975,86
M_81145,911
M_91314,286
M_75328,203
M_5331,621
M_66396,671
M_28060,714
M_97058,132
M_98332,81
M_29144,586
M_10007,186
M_93366,647
M_21251,791
M_39727,505
M_49348,42
M_33380,136
M_39763,479
M_32477,190
M_33719,676
M_62020,872
M_80057,910
M_33771,761
M_65889,469
M_40172,463
M_54902,25
M_67594,934
M_70265,860
M_36512,762
M_26352,917
M_83607,957
M_30152,1012
M_5438,756
M_74331,227
M_99965,401
M_87598,241
M_46669,385
M_2771,714
M_14966,838
M_40679,785
M_91022,266
M_23110,504
M_49013,635
M_60267,786
M_25411,370
M_76720,376
M_47312,583
M_87769,548
M_24824,736
M_65966,890
M_74795,46
M_97981,1067
M_19983,812
M_51601,371
M_21704,334
M_35218,228
M_26703,593
M_70378,565
M_4984,1066
M_9280,504
M_93451,389
M_646,592
M_1944,983
M_3376,564
M_29224,988
M_56624,534
M_61332,673
M_50685,126
M_72723,750
M_59553,527
M_15080,913
M_76981,405
M_26696,86
M_19806,851
M_47632,1040
M_28140,829
M_61860,449
M_65891,601
M_78654,420
M_81313,118
M_96812,65
M_60120,758
M_73090,861
M_39761,433
M_8237,657
M_90875,580
M_112,53
M_17609,350
M_5838,827
M_47704,219
M_80222,278
M_98443,987
M_9751,585
M_79984,946
M_41692,723
M_77410,886
M_13886,820
M_87478,808
M_32758,157
M_35916,288
M_17175,167
M_62211,301
M_12461,56
M_74355,670
M_55292,516
M_81969,645
M_41629,246
M_14452,721
M_3188,951
M_47835,333
M_79246,27
M_39306,802
M_23067,182
M_95776,538
M_84216,496
M_2839,397
M_90261,918
M_42932,685
M_83859,956
M_20353,159
M_1599,51
M_60884,108
M_74746,423
M_17985,634
M_53893,783
M_42913,505
M_736,877
M_71826,93
M_86150,961
M_87164,764
M_59557,25
M_98757,523
M_26242,278
M_93091,320
M_9712,93
M_11292,19
M_71887,31
M_90778,358
M_20885,1031
M_4046,51
M_88345,1023
M_60031,318
M_92993,430
M_10722,427
M_92354,474
M_54419,514
M_87630,979
M_22018,440
M_96383,1019
M_17012,978
M_49583,272
M_23058,590
M_1650,508
M_42313,693
M_52897,629
M_11670,511
M_98595,210
M_77176,586
M_39524,479
M_37163,482
M_48031,511
M_64857,229
M_56722,604
M_10227,1049
M_30608,666
M_85695,987
M_84045,757
M_40143,266
M_83929,9
M_63255,450
M_14107,514
M_77818,1068
M_21250,770
M_46475,357
M_56489,774
M_85088,84
M_45972,972
M_38633,968
M_10288,990
M_85207,1066
M_58464,245
M_59003,363
M_35358,574
M_44830,153
M_44915,796
M_17501,539
M_80774,862
M_19783,488
M_35564,1015
M_66458,312
M_59973,631
M_65292,642
M_79994,626
M_50282,81
M_84668,805
M_48987,819
M_19488,600
M_97516,779
M_89476,754
M_39937,91
M_92701,619
M_27886,502
M_96282,180
M_55767,98
M_77541,210
M_25649,355
M_85327,964
M_49494,770
M_48784,793
M_14722,31
M_31003,330
M_90473,25
M_50419,178
M_95573,725
M_98538,267
M_58526,446
M_6964,272
M_67313,752
M_83492,582
M_24871,1025
M_15312,302
M_72056,647
M_76182,763
M_32052,945
M_50624,917
M_81085,582
M_18810,998
M_99837,643
M_51139,60
M_12047,821
M_45754,230
M_79084,933
M_20589,382
M_15716,274
M_54934,556
M_4872,197
M_59436,514
M_319,183
M_5255,564
M_28266,443
M_44701,475
M_82773,907
M_4737,587
M_6486,610
M_82544,769
M_9722,40
M_47853,155
M_70836,233
M_31685,59
M_48164,17
M_56656,331
M_89787,281
M_33291,30
M_15589,238
M_71517,44
M_94484,89
M_6784,298
M_8358,533
M_17747,1046
M_44380,340
M_14999,725
M_74334,94
M_50020,931
M_92639,826
M_73675,1039
M_43344,1069
M_53209,84
M_90395,713
M_58238,994
M_14947,755
M_44396,901
M_1263,387
M_54722,801
M_45249,1055
M_79789,531
M_86174,390
M_7498,747
M_46372,48
M_20148,215
M_69981,865
M_88655,1070
M_20810,74
M_73039,169
M_54600,982
M_75392,232
M_41044,319
M_52774,426
M_30892,718
M_94086,223
M_17994,29
M_97939,458
M_98566,525
M_16167,806
M_47717,223
M_1711,508
M_93000,95
M_96831,49
M_65215,1071
M_96623,913
M_32464,993
M_10222,146
M_71633,683
M_41874,295
M_59260,931
M_55167,1044
M_65004,193
M_99005,599
M_78034,303
M_26615,848
M_86481,326
M_12514,815
M_18355,733
M_27361,407
M_33526,962
M_5313,278
M_13636,130
M_81524,231
M_62726,887
M_79006,868
M_26646,16
M_78362,201
M_42878,543
M_29378,472
M_99488,787
M_46000,127
M_43272,19
M_23490,933
M_33097,149
M_46249,732
M_97844,709
M_61293,45
M_62116,838
M_31106,1055
M_70292,346
M_40000,77
M_6630,941
M_91256,229
M_84815,555
M_29362,809
M_17535,118
M_98448,864
M_60130,557
M_50532,79
M_7510,223
M_27951,752
M_48669,76
M_14607,464
M_52349,504
M_26888,329
M_45036,180
M_68835,480
M_12916,366
M_93150,436
M_20884,672
M_94527,218
M_16922,399
M_41667,1048
M_12619,309
M_91033,244
M_79475,1017
M_45454,686
M_92446,728
M_25856,925
M_68871,751
M_85052,635
M_84721,414
M_87619,400
M_31370,1024
M_43795,244
M_13849,1006
M_54888,863
M_14941,848
M_82909,567
M_12644,837
M_86422,417
M_3790,554
M_57588,7
M_4383,149
M_17262,131
M_40748,805
M_3674,853
M_63150,676
M_46012,938
M_39556,689
M_15621,571
M_75496,730
M_39729,2
M_84894,463
M_76477,619
M_95453,309
M_27148,17
M_55122,392
M_44108,392
M_83216,597
M_51109,400
M_71119,1020
M_11867,1072
M_34131,1058
M_82092,421
M_16866,87
M_59604,280
M_83206,744
M_88725,49
M_40734,778
M_80715,676
M_96000,388
M_21793,90
M_89907,569
M_96461,82
M_28963,844
M_1454,1058
M_57701,218
M_57769,611
M_92352,307
M_44652,288
M_55900,77
M_49875,1036
M_84089,946
M_19609,848
M_27298,809
M_76310,1044
M_79879,624
M_53302,1073
M_36927,431
M_88854,247
M_40717,523
M_45625,221
M_57408,572
M_6508,294
M_86527,612
M_85554,927
M_91263,289
M_93618,123
M_8892,547
M_75053,530
M_67367,931
M_99725,1060
M_79562,58
M_82007,689
M_61110,1031
M_50291,531
M_24496,977
M_566,157
M_96629,547
M_35588,664
M_24658,814
M_6737,628
M_27591,4
M_35583,500
M_79248,394
M_4205,597
M_61436,716
M_23716,432
M_39261,158
M_65174,620
M_89894,660
M_18594,47
M_15200,107
M_92494,77
M_34446,176
M_49983,910
M_20461,1061
M_7504,454
M_81887,601
M_2636,84
M_25831,416
M_79355,924
M_58207,187
M_17912,524
M_16684,1001
M_24725,894
M_79487,545
M_55933,64
M_38970,381
M_31800,182
M_8699,141
M_32474,316
M_489,319
M_80927,919
M_14545,83
M_88386,707
M_74404,229
M_38789,52
M_50072,331
M_23188,228
M_73689,395
M_90889,465
M_95443,1054
M_32875,70
M_20932,311
M_86735,372
M_56755,650
M_54243,772
M_81981,587
M_20378,369
M_42763,327
M_90343,320
M_79442,255
M_41107,449
M_46453,109
M_35995,399
M_57948,183
M_28153,549
M_96398,954
M_84790,786
M_65495,195
M_88538,470
M_8900,59
M_76733,494
M_37886,683
M_77641,33
M_22208,975
M_47718,245
M_52357,381
M_3554,633
M_15600,401
M_67512,696
M_99407,881
M_75262,74
M_13515,426
M_16895,873
M_15619,84
M_34971,809
M_45308,988
M_49734,848
M_2353,346
M_6957,381
M_38989,720
M_58818,726
M_20539,81
M_41624,164
M_40477,968
M_87850,251
M_75345,557
M_7991,941
M_47430,1039
M_48129,430
M_70827,786
M_5353,108
M_91476,220
M_74079,163
M_30218,747
M_22070,750
M_68595,653
M_34172,321
M_20949,180
M_21390,588
M_74069,347
M_86942,326
M_55248,267
M_61490,290
M_58968,844
M_68441,565
M_70377,862
M_2881,805
M_72112,370
M_43945,201
M_59004,15
M_99988,920
M_94870,442
M_97408,224
M_5259,517
M_14537,331
M_75743,694
M_56517,1023
M_3397,162
M_60933,558
M_88412,956
M_13426,319
M_78785,631
M_89362,965
M_2841,501
M_33379,28
M_72513,11
M_21234,339
M_99218,342
M_44943,554
M_10252,543
M_60216,411
M_62769,1031
M_13709,746
M_26162,556
M_61983,119
M_77137,213
M_93703,606
M_57302,338
M_3117,971
M_9429,298
M_7961,336
M_23798,438
M_39700,545
M_67612,239
M_79358,443
M_10430,684
M_35194,212
M_31432,615
M_93211,180
M_13495,957
M_79033,446
M_91551,576
M_95881,544
M_9057,364
M_93147,733
M_55422,19
M_11017,611
M_58624,284
M_78578,654
M_87351,1013
M_94814,51
M_46773,232
M_67072,763
M_55753,193
M_19077,182
M_11950,300
M_27559,674
M_60685,1069
M_46074,387
M_69964,999
M_35470,597
M_71068,95
M_30149,935
M_92158,843
M_43347,472
M_994,455
M_24253,484
M_27468,827
M_11962,641
M_54279,331
M_63297,218
M_29551,304
M_66700,211
M_49156,747
M_72107,186
M_12544,238
M_24699,1074
M_81087,468
M_58169,56
M_1901,823
M_99872,691
M_9003,642
M_61516,212
M_82514,21
M_71559,880
M_79284,332
M_85902,489
M_1177,443
M_40148,700
M_57960,1075
M_51834,859
M_56512,241
M_77719,436
M_90701,973
M_67858,86
M_35662,1073
M_37987,122
M_12990,383
M_46968,829
M_24757,875
M_82814,644
M_89967,253
M_70495,166
M_18175,153
M_37991,463
M_92540,361
M_39616,486
M_8046,924
M_92390,680
M_94365,709
M_77661,730
M_9456,15
M_16366,1015
M_96763,540
M_21863,175
M_77301,27
M_99271,574
M_28574,442
M_10659,848
M_20904,777
M_1042,21
M_4811,507
M_28094,42
M_72595,1056
M_31527,561
M_34619,511
M_38688,273
M_77326,930
M_28784,15
M_69666,131
M_73837,971
M_48649,818
M_64723,65
M_57895,487
M_39141,750
M_55910,589
M_21,313
M_30028,471
M_69709,329
M_23945,330
M_80708,932
M_37555,106
M_46441,625
M_62733,824
M_38399,1076
M_30924,542
M_91766,103
M_80425,784
M_84264,758
M_25535,122
M_68733,852
M_92750,654
M_46963,1067
M_32762,957
M_19036,245
M_37046,860
M_29988,694
M_64138,108
M_439,1018
M_46078,10
M_96602,892
M_7035,621
M_68582,918
M_33773,775
M_33122,512
M_76219,1027
M_57326,993
M_85413,355
M_97556,306
M_28159,637
M_6140,771
M_65254,495
M_9765,367
M_88989,452
M_34407,617
M_85638,501
M_71624,540
M_75039,949
M_4589,1060
M_35513,420
M_89113,321
M_195,36
M_50452,172
M_44148,1077
M_2186,1020
M_23130,138
M_4577,632
M_25446,753
M_9539,507
M_35376,1077
M_37600,394
M_43096,254
M_60971,115
M_18951,490
M_51309,596
M_75251,18
M_85283,994
M_70609,703
M_10362,967
M_90809,919
M_43345,253
M_39882,381
M_98975,782
M_68303,762
M_36252,710
M_68741,113
M_56957,748
M_26013,659
M_90113,350
M_56625,5
M_41053,969
M_7328,524
M_49084,19
M_13417,540
M_36225,235
M_77923,334
M_87363,748
M_40891,673
M_57741,517
M_84188,560
M_53255,496
M_44228,940
M_18962,519
M_41299,144
M_92067,807
M_44164,469
M_64380,147
M_71527,950
M_93054,980
M_22863,542
M_7493,667
M_54269,1078
M_86905,288
M_84459,753
M_18820,790
M_66083,892
M_1764,416
M_19919,58
M_9680,264
M_18713,943
M_24895,586
M_50233,428
M_61049,160
M_69165,619
M_29647,1040
M_61154,782
M_77909,864
M_86156,488
M_90988,253
M_64208,777
M_20260,956
M_94955,581
M_97959,650
M_41744,1061
M_87016,706
M_33608,401
M_44093,758
M_60700,212
M_28329,318
M_95844,76
M_13198,644
M_76402,1054
M_53873,413
M_34974,975
M_25027,843
M_17607,615
M_11699,828
M_65555,864
M_83953,782
M_88111,958
M_2912,354
M_19102,186
M_60340,636
M_88951,682
M_30369,541
M_30009,48
M_56771,570
M_48619,957
M_15655,192
M_15683,1017
M_2101,1071
M_94639,592
M_9806,378
M_91221,834
M_92547,624
M_69366,276
M_82340,137
M_31206,382
M_3792,614
M_55062,812
M_52015,762
M_48906,514
M_98794,882
M_30619,775
M_28243,406
M_37641,800
M_99172,465
M_50241,1079
M_74532,253
M_41753,649
M_48505,173
M_86100,810
M_57700,654
M_71387,1056
M_51860,1048
M_74474,550
M_85091,113
M_2460,658
M_88304,648
M_68468,363
M_17237,85
M_17731,213
M_95258,745
M_81853,589
M_63405,469
M_22790,213
M_22244,644
M_25652,913
M_13714,425
M_94981,446
M_40585,498
M_29910,718
M_70634,472
M_46521,964
M_72586,147
M_60427,539
M_29691,242
M_5205,577
M_20789,409
M_52241,149
M_15531,877
M_40096,708
M_33133,273
M_92124,238
M_86374,849
M_31448,286
M_62398,113
M_74924,725
M_31390,579
M_62560,149
M_66744,480
M_95733,777
M_271,394
M_73184,397
M_44575,376
M_18681,799
M_5321,733
M_41424,287
M_76323,134
M_53634,13
M_23431,413
M_4940,454
M_31970,308
M_38045,695
M_22087,546
M_97655,875
M_70220,923
M_99671,90
M_31222,1053
M_49866,723
M_70860,675
M_2694,202
M_32934,430
M_45634,1020
M_49608,203
M_65981,455
M_78427,119
M_1848,359
M_53299,548
M_34709,237
M_46785,445
M_42049,733
M_61040,735
M_11881,571
M_16572,292
M_25101,533
M_68461,741
M_12842,802
M_50414,819
M_59814,538
M_13594,1030
M_61517,553
M_67078,268
M_19055,346
M_22596,46
M_23484,1042
M_90682,462
M_45868,68
M_34063,270
M_37925,751
M_46327,87
M_35874,319
M_35993,840
M_46890,6
M_38413,906
M_97724,985
M_48502,293
M_37708,995
M_22881,581
M_77329,859
M_87725,805
M_21171,676
M_78432,28
M_45224,326
M_27462,943
M_5806,567
M_52518,871
M_8063,43
M_30446,598
M_94910,835
M_52082,415
M_763,1036
M_57460,918
M_54767,597
M_36159,747
M_89532,145
M_25843,206
M_44709,573
M_50439,46
M_66360,712
M_77186,49
M_75505,176
M_73040,523
M_19489,764
M_62663,849
M_38636,843
M_838,1028
M_5364,62
M_5415,690
M_92376,199
M_93229,138
M_58359,210
M_13465,640
M_82020,735
M_39834,250
M_89156,1003
M_3288,1018
M_26803,814
M_95140,832
M_57562,992
M_2730,700
M_14895,1048
M_9523,780
M_62367,11
M_86017,563
M_70893,6
M_56320,625
M_77922,448
M_33897,436
M_24173,1053
M_48190,17
M_61189,52
M_59622,1011
M_98767,1080
M_28014,177
M_59325,128
M_50479,754
M_85885,211
M_63806,986
M_32734,284
M_50268,409
M_68216,1017
M_48290,741
M_47276,751
M_83234,961
M_7987,152
M_94357,377
M_18945,1047
M_45744,233
M_76823,242
M_89874,1022
M_15351,890
M_16178,947
M_94161,564
M_60129,998
M_42901,630
M_47303,215
M_73209,334
M_22179,374
M_40649,127
M_70811,0
M_45522,176
M_27640,959
M_1934,582
M_9935,89
M_72336,340
M_38888,792
M_23935,390
M_37938,408
M_67817,48
M_84512,37
M_65147,743
M_84842,915
M_91628,489
M_54696,438
M_2632,561
M_36858,509
M_90984,215
M_93222,410
M_9420,675
M_30495,555
M_98473,660
M_26681,754
M_11255,96
M_35974,137
M_75,748
M_16608,166
M_91543,373
M_18111,1032
M_51864,380
M_1899,128
M_15356,788
M_60365,741
M_31554,497
M_49682,1020
M_36156,748
M_30969,336
M_13955,898
M_80832,962
M_58231,965
M_20536,259
M_65736,421
M_27506,364
M_57771,865
M_90986,764
M_61130,402
M_86105,447
M_61382,126
M_2106,677
M_82741,578
M_61264,741
M_39553,682
M_69119,531
M_82487,652
M_90519,273
M_55463,567
M_26996,973
M_7245,98
M_15130,304
M_53230,490
M_43407,342
M_67796,267
M_74947,367
M_80964,123
M_26310,76
M_81344,362
M_91284,796
M_16578,785
M_7147,199
M_16622,976
M_18547,19
M_89073,1070
M_55459,761
M_18060,102
M_3050,1054
M_87533,968
M_61115,248
M_28061,561
M_76808,215
M_39838,867
M_76922,140
M_7006,620
M_81568,185
M_96504,126
M_5580,770
M_3365,612
M_52545,962
M_98287,965
M_84158,679
M_54057,727
M_69057,760
M_95462,510
M_33695,490
M_65919,628
M_81759,714
M_81956,174
M_59474,281
M_98900,117
M_70113,793
M_97514,931
M_48636,668
M_71584,47
M_86091,819
M_72026,313
M_19290,299
M_14663,786
M_60680,968
M_37532,796
M_3635,980
M_82658,773
M_11301,990
M_70313,1072
M_40226,350
M_72518,716
M_801,1077
M_9879,65
M_56907,1065
M_62491,908
M_78527,155
M_19358,254
M_95614,823
M_12213,1018
M_67228,749
M_88556,859
M_17786,399
M_62308,652
M_38971,512
M_3722,677
M_28331,674
M_18218,363
M_72881,650
M_17746,119
M_11343,850
M_8437,113
M_73085,385
M_16881,856
M_53217,332
M_93464,166
M_64363,597
M_25250,861
M_43507,770
M_1339,275
M_79890,537
M_46357,191
M_4954,23
M_35490,466
M_46907,690
M_9656,683
M_19357,751
M_99261,257
M_24403,925
M_98857,902
M_58074,103
M_14745,674
M_71761,855
M_98031,626
M_17802,535
M_92077,5
M_30276,548
M_49106,307
M_95422,427
M_5184,158
M_52906,696
M_24998,63
M_52926,58
M_19326,674
M_89587,536
M_68182,2
M_66937,225
M_10156,780
M_59052,936
M_57467,77
M_3514,57
M_29226,66
M_74210,1022
M_80831,175
M_50509,1033
M_17601,468
M_49749,49
M_60195,1030
M_20804,469
M_33862,301
M_73131,1004
M_6164,848
M_88714,925
M_45067,1074
M_7506,539
M_22934,823
M_19014,333
M_21750,1001
M_47766,216
M_33436,796
M_95947,206
M_18774,1067
M_29256,607
M_37516,971
M_72877,819
M_9548,1073
M_42841,399
M_91064,213
M_88141,158
M_87643,616
M_69304,316
M_91260,67
M_28597,693
M_5350,213
M_52020,452
M_43969,467
M_90924,18
M_22917,584
M_44579,1076
M_77869,403
M_52605,421
M_42820,689
M_46830,521
M_45809,542
M_14102,738
M_79399,864
M_71344,1068
M_34846,17
M_41224,692
M_23414,29
M_24264,882
M_95355,40
M_93739,934
M_45236,754
M_58362,337
M_31772,1058
M_99040,1019
M_78632,710
M_50188,1017
M_65422,730
M_23018,496
M_44702,868
M_49918,210
M_51352,1024
M_92412,1081
M_1043,727
M_50299,342
M_46579,764
M_72927,676
M_65607,601
M_99144,62
M_6100,1074
M_19724,1056
M_20080,360
M_44688,664
M_33139,948
M_49100,742
M_60614,671
M_33913,295
M_31153,171
M_19294,420
M_54530,564
M_30716,670
M_27625,177
M_98597,527
M_5504,895
M_49877,1064
M_75568,34
M_51774,21
M_12031,839
M_17112,104
M_79770,402
M_22007,242
M_49208,655
M_28435,811
M_40370,962
M_89895,48
M_71712,29
M_22399,803
M_33287,117
M_89902,1017
M_31229,992
M_35654,1036
M_18930,221
M_28587,539
M_2429,404
M_62785,628
M_83163,20
M_89282,149
M_26534,1024
M_76255,868
M_76051,877
M_11170,562
M_83470,748
M_1373,954
M_50557,859
M_81676,299
M_24161,938
M_71870,462
M_32244,243
M_68788,983
M_74686,26
M_85891,619
M_5860,214
M_11444,748
M_26367,289
M_30601,857
M_77007,227
M_95385,479
M_61923,108
M_10271,1021
M_10586,582
M_55413,755
M_80834,474
M_85531,862
M_64736,203
M_65470,1010
M_32760,280
M_81096,684
M_17756,575
M_22355,997
M_20634,749
M_1633,647
M_69970,975
M_64129,358
M_45578,53
M_41422,357
M_6769,460
M_41261,421
M_64671,487
M_57438,138
M_78724,285
M_63993,102
M_39417,859
M_13469,475
M_65493,70
M_40416,779
M_58138,962
M_1394,344
M_40677,391
M_54846,236
M_62803,269
M_28263,829
M_75258,761
M_84139,59
M_86631,19
M_27989,1050
M_33974,668
M_9605,131
M_51527,447
M_28488,269
M_69286,378
M_38120,784
M_59947,359
M_77338,878
M_44625,53
M_21516,503
M_25596,711
M_28826,392
M_42675,197
M_51251,1049
M_82183,583
M_47014,435
M_66904,882
M_36615,923
M_47298,214
M_10185,494
M_39229,979
M_49135,877
M_66702,242
M_82072,69
M_83085,50
M_30179,801
M_93262,994
M_95137,227
M_15469,348
M_4937,393
M_59898,545
M_7234,160
M_22118,991
M_86552,931
M_86288,206
M_7359,27
M_14770,901
M_74950,837
M_94538,180
M_59351,580
M_31632,37
M_91319,346
M_98294,384
M_44159,50
M_27424,60
M_41312,549
M_81018,327
M_18854,887
M_84182,29
M_50063,237
M_70548,1005
M_90017,222
M_21576,56
M_42967,547
M_97402,296
M_5800,60
M_50893,1034
M_74539,13
M_30482,168
M_64111,136
M_36187,291
M_18528,987
M_17674,86
M_96834,488
M_92850,664
M_51567,448
M_64571,1067
M_46041,657
M_86341,163
M_90710,1080
M_6909,1015
M_66387,524
M_77231,264
M_53493,242
M_2832,139
M_85240,1061
M_59760,10
M_65601,1010
M_70989,1042
M_77333,378
M_25399,320
M_23439,965
M_73241,64
M_19265,926
M_97134,1032
M_75772,250
M_92137,114
M_20343,874
M_69310,768
M_86380,624
M_73311,821
M_35942,1015
M_94749,350
M_12870,579
M_23249,805
M_20464,215
M_40855,27
M_21769,392
M_22982,156
M_51414,541
M_60792,784
M_20716,117
M_12355,656
M_71691,489
M_85100,94
M_52257,693
M_62574,442
M_14042,1035
M_49622,381
M_66950,341
M_64712,717
M_66176,595
M_57643,224
M_84449,129
M_33268,903
M_39784,747
M_82213,321
M_84213,830
M_24957,351
M_51677,275
M_56542,70
M_47231,920
M_45130,375
M_48350,67
M_34501,806
M_9319,539
M_3149,432
M_72578,41
M_31378,585
M_78872,444
M_60135,647
M_53196,364
M_95206,58
M_45752,380
M_6610,403
M_52232,803
M_95681,87
M_46689,487
M_7756,409
M_25424,593
M_90759,632
M_75657,967
M_6111,660
M_49016,496
M_60511,447
M_472,688
M_33942,611
M_36088,827
M_84943,845
M_35156,159
M_47952,266
M_68489,465
M_92686,968
M_74552,736
M_27199,204
M_23340,701
M_67903,940
M_61832,719
M_34365,516
M_63249,799
M_99332,838
M_45929,681
M_4141,225
M_64657,8
M_86353,707
M_87027,291
M_69273,1055
M_20093,205
M_97953,270
M_69222,354
M_92266,192
M_23268,807
M_497,277
M_4303,716
M_58022,381
M_34889,322
M_3406,765
M_28282,360
M_86655,222
M_88512,433
M_98811,434
M_9664,976
M_24709,354
M_32124,923
M_49479,526
M_95915,231
M_29773,158
M_31098,669
M_54226,357
M_63062,870
M_86254,287
M_59601,492
M_48718,845
M_28563,659
M_39189,111
M_72801,72
M_12417,550
M_7363,758
M_41022,1080
M_50787,792
M_11988,985
M_49313,721
M_72284,872
M_91900,19
M_32222,763
M_50146,532
M_66033,561
M_85852,607
M_90704,545
M_35935,801
M_63066,258
M_94342,669
M_80363,704
M_80126,989
M_8128,389
M_39653,705
M_91143,509
M_9882,750
M_89626,1030
M_16438,657
M_57685,593
M_70540,208
M_40741,991
M_39355,472
M_26992,499
M_74505,570
M_47385,505
M_35391,99
M_15923,92
M_67197,615
M_43440,551
M_44961,900
M_39045,612
M_33027,923
M_74090,816
M_80619,1
M_51080,793
M_69508,892
M_29777,342
M_61365,879
M_36459,717
M_73930,686
M_38551,932
M_23147,957
M_66041,284
M_58720,65
M_16215,284
M_69424,884
M_61599,536
M_63316,850
M_56605,837
M_82956,92
M_84518,881
M_60739,750
M_42065,801
M_78411,480
M_70258,851
M_25848,325
M_17767,291
M_36114,542
M_39681,124
M_48840,802
M_27956,165
M_24249,430
M_618,616
M_6708,285
M_57117,119
M_55625,758
M_4817,116
M_3582,168
M_9193,871
M_4479,127
M_17973,994
M_4168,493
M_66117,734
M_80900,886
M_27608,799
M_86927,68
M_19554,629
M_44131,638
M_52334,673
M_96488,975
M_78103,77
M_87652,768
M_87121,1080
M_22726,664
M_60551,628
M_96053,174
M_64908,537
M_50392,876
M_94479,137
M_75344,1005
M_77614,933
M_38954,1069
M_13008,249
M_24788,111
M_56991,772
M_19612,167
M_93962,281
M_10696,415
M_12104,102
M_12072,651
M_19552,231
M_67915,353
M_16903,438
M_15408,681
M_42228,969
M_80890,862
M_68022,252
M_34630,63
M_83670,1015
M_72751,381
M_14711,268
M_45182,21
M_98997,296
M_91210,368
M_14521,621
M_74635,246
M_61850,67
M_67566,767
M_89701,582
M_48479,401
M_66433,955
M_68208,482
M_87325,978
M_96306,397
M_78166,910
M_25582,887
M_76175,756
M_37722,839
M_91593,241
M_30587,827
M_77965,264
M_96797,447
M_33607,1024
M_40398,358
M_57543,555
M_55579,791
M_19985,836
M_25332,20
M_96502,226
M_75499,355
M_8189,478
M_10098,74
M_29584,808
M_55551,550
M_2466,998
M_73141,590
M_86503,658
M_81989,777
M_88786,465
M_90114,993
M_21196,387
M_17499,343
M_6286,568
M_37599,560
M_62297,809
M_85374,576
M_1815,413
M_27454,425
M_87443,688
M_5315,729
M_94548,177
M_14661,47
M_64541,182
M_54441,839
M_81436,515
M_90865,163
M_40219,475
M_21624,213
M_83551,138
M_3102,95
M_30064,548
M_16271,214
M_9520,483
M_25281,153
M_70,188
M_3298,670
M_13524,879
M_46360,960
M_64271,666
M_99351,579
M_31510,610
M_44147,82
M_45196,810
M_99582,151
M_97381,354
M_90042,177
M_90543,412
M_19780,1032
M_91496,315
M_94850,53
M_41160,374
M_24270,1063
M_73622,394
M_5169,294
M_58159,413
M_16549,648
M_28898,367
M_18292,588
M_37628,56
M_50780,82
M_61542,397
M_82383,80
M_90612,616
M_44261,836
M_75637,793
M_53474,577
M_614,342
M_95241,699
M_36873,574
M_72333,26
M_32321,760
M_74555,307
M_25014,954
M_17586,348
M_28152,809
M_40644,873
M_68922,443
M_14077,925
M_76069,257
M_18313,244
M_7446,287
M_40298,978
M_75278,181
M_82287,399
M_60435,720
M_41523,332
M_58520,943
M_9648,286
M_7568,672
M_3104,524
M_29591,360
M_46519,767
M_16181,652
M_5185,573
M_59380,911
M_83855,860
M_26127,930
M_40478,957
M_39544,784
M_99309,71
M_98723,500
M_18568,911
M_49401,468
M_86601,14
M_74855,1055
M_52138,1037
M_45614,647
M_49134,90
M_19379,235
M_57710,634
M_26388,183
M_33056,87
M_18461,445
M_45323,1043
M_87,876
M_30204,350
M_54999,560
M_13066,300
M_39945,202
M_67690,780
M_69963,1007
M_58749,664
M_64972,332
M_38112,641
M_20993,637
M_41813,292
M_29421,551
M_2154,687
M_66879,740
M_6538,475
M_64828,861
M_78827,962
M_1549,711
M_94376,647
M_58053,933
M_21427,887
M_31484,709
M_41940,265
M_17727,1009
M_41586,647
M_31526,258
M_17194,760
M_98810,499
M_91279,476
M_30926,85
M_96621,45
M_64455,473
M_3621,931
M_86613,1081
M_3847,524
M_95783,82
M_75484,498
M_47571,104
M_83891,446
M_92134,1054
M_72761,173
M_31577,544
M_85675,582
M_86823,369
M_65605,104
M_14643,21
M_25440,885
M_17128,760
M_33715,713
M_87350,826
M_57409,562
M_98940,736
M_92776,791
M_15372,451
M_81280,726
M_42782,98
M_57207,999
M_88679,71
M_1399,335
M_57338,498
M_98715,368
M_41593,51
M_55798,966
M_50406,537
M_60280,56
M_72243,616
M_89972,485
M_17838,1071
M_98428,875
M_14522,999
M_23115,815
M_81829,816
M_81968,709
M_85728,627
M_12715,322
M_11258,725
M_9711,1035
M_85068,698
M_87926,981
M_59136,321
M_88421,194
M_20618,316
M_51435,120
M_84161,422
M_29163,560
M_29320,853
M_93527,293
M_4017,366
M_18429,620
M_18287,1029
M_82129,665
M_68675,953
M_24282,697
M_84357,115
M_72937,138
M_12247,335
M_21436,171
M_38882,484
M_83273,538
M_36791,299
M_71696,164
M_57199,423
M_40317,649
M_52046,348
M_72254,108
M_84463,88
M_25971,292
M_15925,598
M_1217,187
M_64939,766
M_58448,226
M_28633,161
M_45817,648
M_69389,1058
M_94928,889
M_58894,177
M_31136,108
M_42328,847
M_19029,1070
M_96879,147
M_26291,195
M_57134,617
M_27885,363
M_61369,974
M_25426,673
M_69216,726
M_85459,70
M_39787,457
M_14646,188
M_48698,677
M_15434,623
M_70516,356
M_28676,70
M_40892,579
M_83122,1013
M_15393,811
M_46886,724
M_16072,590
M_62565,1066
M_28757,462
M_96608,186
M_10517,705
M_54598,330
M_95841,524
M_76188,543
M_6561,150
M_73569,908
M_42611,643
M_48454,577
M_99394,896
M_47299,173
M_85460,237
M_7350,484
M_88929,230
M_85197,233
M_48498,556
M_66558,409
M_43640,355
M_61341,444
M_45276,258
M_24236,976
M_35481,552
M_74058,187
M_53824,534
M_46758,410
M_20158,558
M_80175,486
M_3821,771
M_29352,134
M_96869,36
M_4058,701
M_4857,104
M_60335,792
M_80311,576
M_58468,924
M_27689,216
M_31996,879
M_4897,1033
M_36254,2
M_54190,957
M_92031,905
M_44647,68
M_50653,642
M_73580,88
M_16541,293
M_32789,665
M_17164,113
M_8109,669
M_65043,275
M_70457,819
M_80944,327
M_3849,558
M_86278,32
M_82193,836
M_79425,1002
M_86944,638
M_59806,523
M_26430,377
M_4617,382
M_21132,1054
M_17011,470
M_36948,814
M_20411,779
M_37101,344
M_92272,724
M_24172,576
M_59727,686
M_26197,282
M_79452,682
M_70979,101
M_75349,568
M_75766,528
M_83061,743
M_95383,222
M_44279,587
M_41161,561
M_73350,990
M_57847,287
M_27327,676
M_87088,612
M_76856,665
M_75963,21
M_39831,270
M_62904,458
M_29718,684
M_67539,488
M_36108,966
M_28427,648
M_63841,186
M_88394,466
M_94689,781
M_71358,910
M_99086,1030
M_71774,854
M_76017,210
M_790,984
M_95110,606
M_17085,322
M_72819,543
M_54675,795
M_15330,234
M_64709,278
M_93239,169
M_78577,623
M_99746,765
M_22603,493
M_8734,934
M_97248,916
M_67469,715
M_6324,1056
M_9310,217
M_49457,18
M_72553,421
M_51645,483
M_10181,564
M_44472,982
M_49331,651
M_91955,289
M_74126,861
M_7043,256
M_31621,259
M_44110,420
M_75456,363
M_6883,732
M_11957,873
M_22925,427
M_58265,52
M_65474,287
M_17280,746
M_62418,841
M_6951,482
M_54362,1030
M_84791,52
M_92487,64
M_16763,714
M_98942,443
M_13390,863
M_47917,569
M_42016,852
M_11256,536
M_30567,280
M_87774,953
M_73550,223
M_75247,477
M_22607,771
M_92187,531
M_97910,399
M_82990,434
M_74516,463
M_76327,441
M_32006,287
M_87891,7
M_8309,801
M_5830,596
M_77804,355
M_88922,1080
M_34069,569
M_92724,78
M_54427,5
M_56417,460
M_4143,1082
M_38239,27
M_3977,775
M_7048,862
M_6700,1075
M_12156,956
M_54332,1
M_60728,483
M_69691,946
M_80192,622
M_6096,9
M_94950,972
M_98015,429
M_23628,683
M_38084,64
M_30150,923
M_24187,445
M_31183,827
M_25336,474
M_90489,1077
M_63023,876
M_66401,1056
M_49793,937
M_65698,993
M_17639,799
M_77028,88
M_41937,320
M_48443,710
M_93575,547
M_15300,730
M_31664,378
M_7029,555
M_81944,475
M_77789,231
M_86615,508
M_74892,867
M_22758,616
M_83630,983
M_37694,973
M_99578,266
M_52193,15
M_78154,554
M_82125,114
M_36314,894
M_36091,964
M_5645,735
M_84957,475
M_48788,741
M_16621,355
M_9641,639
M_43173,599
M_12412,300
M_85889,224
M_91507,359
M_53452,490
M_50257,30
M_70141,804
M_33675,35
M_35851,376
M_17612,124
M_48064,556
M_1348,564
M_96917,102
M_68853,111
M_2486,939
M_22955,113
M_34375,369
M_79997,69
M_77109,600
M_25085,406
M_93413,462
M_55387,428
M_56531,141
M_43152,1062
M_2148,596
M_39716,866
M_34455,596
M_67323,189
M_95506,493
M_33222,253
M_34156,595
M_40832,434
M_60591,688
M_89780,313
M_66195,1007
M_23098,1008
M_4164,408
M_8071,812
M_66707,302
M_93956,79
M_70547,712
M_20177,675
M_76265,497
M_24851,1034
M_23336,641
M_81641,72
M_72709,595
M_46983,267
M_26519,603
M_86378,757
M_16986,812
M_95330,271
M_51068,875
M_69906,939
M_76156,529
M_72665,602
M_91568,134
M_87159,150
M_28170,799
M_95999,148
M_85783,777
M_96495,242
M_42949,588
M_1182,793
M_41884,239
M_85426,693
M_48171,703
M_67541,1029
M_49481,156
M_90095,604
M_51101,243
M_2152,946
M_79057,1002
M_7965,933
M_35928,651
M_20588,925
M_33203,333
M_61761,285
M_63630,808
M_48250,258
M_34734,671
M_5573,731
M_17873,765
M_22465,530
M_18038,780
M_96748,942
M_70163,321
M_29161,698
M_51693,658
M_88954,562
M_5886,755
M_85462,388
M_7261,629
M_59338,119
M_91790,25
M_49502,251
M_64323,28
M_53567,248
M_77668,218
M_27294,415
M_62285,235
M_67508,599
M_52746,89
M_39989,947
M_88322,926
M_89184,107
M_27492,1059
M_90194,161
M_63338,683
M_69809,639
M_44758,851
M_20336,981
M_76815,239
M_70352,449
M_30494,683
M_33314,94
M_55881,849
M_62942,29
M_42008,646
M_60523,793
M_87712,581
M_17701,630
M_76057,396
M_86289,823
M_10828,752
M_94478,371
M_88743,314
M_5458,933
M_35303,600
M_55378,683
M_34397,244
M_60180,71
M_19027,998
M_64650,19
M_34062,422
M_84205,307
M_6728,1009
M_36362,523
M_48946,571
M_40632,530
M_16959,372
M_5219,941
M_63234,383
M_49771,462
M_64261,508
M_31604,420
M_7114,823
M_85144,1018
M_53505,198
M_32724,731
M_28264,338
M_71815,255
M_29486,784
M_19015,806
M_34341,972
M_55888,830
M_35472,174
M_49865,385
M_1285,704
M_57766,269
M_93568,1015
M_7317,239
M_15243,769
M_14139,478
M_46107,416
M_75321,185
M_31440,307
M_68316,841
M_51762,623
M_73379,97
M_25740,370
M_32411,1063
M_43718,924
M_78522,905
M_58505,377
M_75579,843
M_81283,516
M_22564,576
M_36315,559
M_34701,1006
M_4169,355
M_12808,1037
M_78989,112
M_7891,792
M_44918,6
M_74896,106
M_60161,625
M_67616,257
M_93397,373
M_80243,221
M_69658,476
M_9877,138
M_71256,210
M_49357,388
M_54304,108
M_93930,547
M_97180,717
M_9981,333
M_4212,396
M_26917,121
M_55060,245
M_15471,929
M_58482,122
M_97947,592
M_71428,438
M_92966,998
M_26980,248
M_93060,514
M_33103,1007
M_48352,561
M_56504,1003
M_25186,550
M_67406,194
M_92455,999
M_50349,218
M_66614,12
M_58702,780
M_3412,768
M_32685,214
M_9276,1074
M_48532,759
M_68760,986
M_65170,559
M_4474,782
M_19556,632
M_79029,11
M_86069,282
M_67214,287
M_14676,713
M_94651,1053
M_83950,222
M_5327,737
M_394,1063
M_36072,110
M_89124,262
M_23559,35
M_16543,953
M_61078,1048
M_18629,409
M_6122,572
M_32583,131
M_34551,276
M_89145,631
M_53303,234
M_68249,19
M_12631,506
M_95280,159
M_7225,180
M_99294,41
M_52382,126
M_2577,1000
M_32795,409
M_84542,962
M_53260,324
M_49031,319
M_2448,922
M_25052,771
M_88946,457
M_36973,935
M_26054,551
M_68679,650
M_44149,418
M_29251,28
M_95483,763
M_40887,267
M_94223,430
M_67165,915
M_36978,901
M_82148,486
M_64266,88
M_85699,283
M_95825,292
M_44047,547
M_58604,496
M_21302,601
M_25627,931
M_8025,605
M_48329,269
M_28185,674
M_59093,64
M_86019,911
M_33937,26
M_19657,766
M_36429,784
M_5058,182
M_67245,354
M_95064,772
M_37905,96
M_73989,575
M_93671,627
M_40542,425
M_70960,331
M_14097,406
M_76573,786
M_76925,566
M_79446,621
M_64778,573
M_31134,1075
M_20216,26
M_28260,577
M_1218,36
M_46892,150
M_20876,788
M_76311,1060
M_37234,868
M_49724,1002
M_4787,446
M_68428,994
M_73343,554
M_54403,932
M_83137,482
M_15972,595
M_47070,568
M_98547,54
M_98730,602
M_79364,494
M_98929,996
M_14747,294
M_28928,522
M_20620,831
M_60694,61
M_95037,313
M_71811,734
M_76383,978
M_64933,498
M_77740,1
M_36641,761
M_95589,21
M_48341,1008
M_10187,972
M_7608,669
M_22909,173
M_38562,692
M_85692,467
M_8985,635
M_98251,513
M_40163,695
M_82412,666
M_3445,670
M_19392,786
M_64177,327
M_24200,878
M_67789,671
M_50338,565
M_13833,209
M_35283,165
M_85860,897
M_39450,409
M_54457,571
M_70106,272
M_86609,651
M_55255,503
M_39255,830
M_18927,667
M_41559,462
M_96025,288
M_75413,65
M_32318,284
M_74875,330
M_84581,513
M_85539,164
M_31180,615
M_7073,509
M_89120,721
M_89544,194
M_22138,1071
M_32683,218
M_10874,282
M_92021,11
M_25842,721
M_36243,521
M_9459,963
M_9645,781
M_60361,598
M_62922,520
M_83084,172
M_8344,1070
M_9627,927
M_68885,1023
M_19942,587
M_52735,420
M_84875,996
M_26663,753
M_55009,908
M_98053,11
M_72015,906
M_83918,410
M_93422,323
M_59138,523
M_7710,920
M_57070,838
M_65455,922
M_65970,380
M_14736,999
M_15650,899
M_9491,128
M_11526,714
M_21152,22
M_83545,768
M_74589,798
M_68929,752
M_15416,45
M_89705,934
M_65409,1013
M_20071,299
M_47187,32
M_54423,1064
M_16943,377
M_94011,752
M_25322,221
M_85139,903
M_90258,860
M_667,530
M_16711,369
M_20215,946
M_31145,587
M_63136,399
M_93076,802
M_21033,849
M_44369,597
M_6597,579
M_10351,641
M_65502,50
M_20693,995
M_15782,830
M_11600,71
M_96710,398
M_6937,782
M_53040,176
M_13336,266
M_433,703
M_64348,473
M_48851,503
M_79601,805
M_92983,834
M_24694,883
M_41206,190
M_62052,635
M_89042,632
M_41565,305
M_47416,420
M_42037,807
M_93456,305
M_25494,18
M_39094,145
M_23817,297
M_57572,1056
M_38547,110
M_67281,106
M_10653,832
M_11339,281
M_71341,563
M_80765,252
M_95049,123
M_74416,418
M_36744,419
M_46409,281
M_82380,880
M_54334,225
M_62882,274
M_35013,608
M_1354,405
M_5254,404
M_77539,194
M_38887,880
M_14471,654
M_68618,659
M_51518,32
M_120,7
M_33467,227
M_9051,73
M_52790,221
M_25628,120
M_34903,853
M_59643,899
M_15166,883
M_86065,614
M_66487,192
M_458,512
M_15163,458
M_55569,644
M_4652,117
M_67605,790
M_72478,34
M_19639,933
M_18827,54
M_57437,1037
M_78206,1002
M_71960,737
M_58289,1
M_26740,935
M_7192,922
M_98568,458
M_72411,266
M_95166,303
M_7137,36
M_22923,609
M_32592,727
M_81824,455
M_68506,702
M_70873,1064
M_10363,120
M_34403,457
M_49954,239
M_44635,135
M_18835,43
M_23921,889
M_34899,34
M_47599,698
M_57833,615
M_74103,771
M_16637,392
M_85376,171
M_92321,608
M_15881,738
M_85015,884
M_51002,700
M_50472,804
M_10192,901
M_31656,243
M_73686,613
M_32805,874
M_50815,410
M_33248,17
M_70091,429
M_35967,123
M_19648,952
M_17658,17
M_6471,264
M_67665,369
M_189,844
M_23998,384
M_31131,604
M_91522,438
M_49449,935
M_42167,288
M_863,603
M_48941,278
M_84023,631
M_89763,380
M_20661,593
M_31410,153
M_24723,565
M_38071,886
M_78606,1025
M_93975,1063
M_59048,836
M_84550,1081
M_80337,314
M_28555,796
M_25658,242
M_95615,273
M_3600,722
M_47061,408
M_41579,940
M_10049,469
M_16185,980
M_37381,893
M_24043,1030
M_3642,1022
M_25130,163
M_42729,1062
M_53822,513
M_75198,172
M_41188,64
M_79421,829
M_98029,937
M_65485,340
M_66373,403
M_13899,717
M_34918,742
M_27399,815
M_5145,570
M_75142,576
M_85290,1034
M_14699,1014
M_2307,508
M_25984,43
M_22388,843
M_60154,599
M_2057,745
M_5194,722
M_87623,478
M_9510,435
M_32918,109
M_68525,467
M_2289,66
M_12549,727
M_25780,857
M_58972,309
M_81366,937
M_8519,207
M_76334,910
M_92905,687
M_17814,816
M_30305,482
M_14839,740
M_20379,1069
M_76521,636
M_98882,834
M_77420,48
M_21000,285
M_76876,754
M_63480,231
M_93724,742
M_85002,630
M_34052,697
M_68907,568
M_10940,361
M_3625,367
M_36296,35
M_19167,708
M_30275,741
M_50993,67
M_28931,715
M_87573,39
M_69897,655
M_72049,973
M_17026,1013
M_90235,950
M_69446,63
M_23510,29
M_41165,377
M_1068,718
M_26873,694
M_28965,164
M_48070,577
M_25576,430
M_89133,981
M_95634,188
M_94899,819
M_88057,944
M_2124,301
M_95460,1001
M_95838,223
M_96337,983
M_50842,624
M_68979,592
M_39908,510
M_93146,800
M_78520,403
M_84588,736
M_32896,812
M_76321,808
M_87892,616
M_79922,457
M_19991,913
M_32250,89
M_92283,823
M_79603,59
M_97559,744
M_9357,740
M_72062,767
M_55560,946
M_64558,367
M_83643,860
M_28179,19
M_98614,349
M_86745,247
M_39612,838
M_14066,827
M_8452,774
M_32933,464
M_35088,680
M_43768,559
M_59876,349
M_79764,901
M_68154,390
M_84686,567
M_6950,406
M_21029,844
M_43246,256
M_46004,941
M_86749,739
M_4409,81
M_76286,534
M_54276,568
M_91119,117
M_4318,1082
M_66011,824
M_85769,0
M_4429,440
M_79100,343
M_83474,92
M_96326,1050
M_79294,636
M_10308,587
M_50295,1076
M_23909,230
M_93420,197
M_18509,1030
M_41398,16
M_71538,14
M_24426,851
M_1530,939
M_25032,253
M_96936,80
M_7815,842
M_47666,176
M_39497,126
M_33894,842
M_46496,992
M_3785,1063
M_96193,94
M_55710,870
M_9406,1030
M_92394,436
M_69543,427
M_61465,35
M_84311,963
M_5385,445
M_37165,562
M_4763,934
M_53855,618
M_50440,799
M_58735,488
M_94744,367
M_47602,979
M_2831,171
M_93681,990
M_8904,20
M_22482,718
M_79702,705
M_36465,114
M_79197,789
M_37033,103
M_42139,405
M_98584,102
M_88893,470
M_92914,492
M_12136,142
M_98701,658
M_85610,997
M_64660,67
M_6281,812
M_33579,374
M_7140,531
M_68435,432
M_90324,873
M_62031,365
M_19897,711
M_72794,116
M_98087,659
M_41211,444
M_99066,945
M_69728,815
M_21014,388
M_87683,500
M_64953,832
M_81341,71
M_80297,188
M_51134,678
M_95870,717
M_11725,51
M_51404,821
M_18158,839
M_91804,541
M_13582,237
M_47558,212
M_19678,726
M_42857,231
M_53336,968
M_7433,785
M_57698,813
M_95897,479
M_79368,385
M_26843,345
M_78593,675
M_72919,745
M_6287,103
M_22507,649
M_8414,638
M_80326,244
M_91342,668
M_93961,774
M_94146,548
M_86009,113
M_64256,808
M_82646,661
M_65927,139
M_91739,43
M_25778,351
M_83924,676
M_64879,701
M_94474,610
M_8489,533
M_21158,663
M_30869,169
M_39931,734
M_95370,58
M_57269,1000
M_57055,598
M_8898,367
M_87118,254
M_35700,690
M_73284,801
M_86511,426
M_23502,540
M_31940,1025
M_55722,61
M_98478,1045
M_28653,775
M_83722,514
M_99519,486
M_73710,683
M_18070,171
M_30389,721
M_45225,532
M_95403,923
M_60522,729
M_11522,230
M_50361,738
M_8043,592
M_53430,185
M_6413,607
M_872,1027
M_67925,763
M_20645,355
M_32729,971
M_53466,827
M_53463,443
M_91519,686
M_3212,531
M_29437,525
M_67410,287
M_88576,683
M_24356,17
M_91984,219
M_66187,333
M_36646,453
M_59387,318
M_9306,306
M_4832,457
M_94351,674
M_63336,894
M_76783,698
M_54753,691
M_92965,1005
M_33098,58
M_45507,851
M_97645,150
M_52534,545
M_35852,1020
M_10466,171
M_19713,991
M_39399,538
M_63533,901
M_34456,472
M_53840,321
M_1344,241
M_62446,310
M_20515,690
M_27650,441
M_40699,793
M_65800,434
M_39962,309
M_69657,820
M_69451,168
M_38791,295
M_42013,483
M_94067,935
M_11614,987
M_6880,685
M_46184,576
M_80512,727
M_4190,419
M_12900,328
M_27952,893
M_898,851
M_89160,116
M_31176,288
M_1882,756
M_68019,982
M_85129,173
M_86545,974
M_87911,384
M_18052,314
M_49180,450
M_59800,990
M_74180,150
M_26963,1039
M_83737,855
M_29259,927
M_74344,908
M_39997,164
M_99099,382
M_47808,39
M_28440,777
M_68342,873
M_24931,811
M_477,269
M_14504,1015
M_26538,176
M_73878,506
M_62550,353
M_69805,126
M_73200,698
M_33077,842
M_17073,889
M_85466,70
M_27277,180
M_86490,598
M_90005,683
M_29394,829
M_86232,293
M_48133,183
M_39253,925
M_48575,307
M_71392,324
M_37466,80
M_57455,646
M_44547,851
M_99959,876
M_8121,479
M_50728,336
M_16697,350
M_44423,856
M_68293,723
M_21544,1082
M_65401,270
M_86933,1049
M_64036,504
M_65524,1055
M_89458,215
M_42548,284
M_7051,510
M_42185,590
M_10171,419
M_53164,519
M_82757,803
M_11182,469
M_2617,805
M_64435,57
M_64664,793
M_36953,203
M_16821,105
M_40114,566
M_52306,323
M_71169,57
M_77185,33
M_14721,611
M_10779,623
M_84665,514
M_86660,147
M_26004,649
M_504,874
M_64620,37
M_78186,129
M_26906,878
M_85236,207
M_81287,433
M_72641,1065
M_60569,30
M_92431,292
M_99426,479
M_12923,828
M_37765,905
M_73386,408
M_71769,895
M_29494,373
M_95702,67
M_61780,903
M_52921,296
M_74815,455
M_7276,1011
M_54119,710
M_81151,732
M_50863,21
M_40178,634
M_54695,369
M_32214,860
M_14454,693
M_7738,357
M_98619,628
M_23794,616
M_58610,704
M_72389,868
M_32317,1000
M_88560,148
M_92385,910
M_85498,575
M_97131,737
M_45144,367
M_77533,314
M_13910,433
M_93379,805
M_40441,695
M_14482,327
M_72554,120
M_12948,437
M_31489,74
M_96279,209
M_73697,353
M_3829,600
M_45691,406
M_53594,437
M_26535,137
M_1251,170
M_49191,739
M_3853,431
M_45006,1005
M_12824,342
M_4443,323
M_50189,539
M_10682,281
M_11927,715
M_20285,990
M_49174,895
M_57703,910
M_4735,432
M_49716,403
M_52059,932
M_92655,718
M_58344,423
M_4150,82
M_3268,410
M_92286,858
M_21199,665
M_74531,102
M_47524,166
M_65280,771
M_93026,916
M_54201,466
M_60334,835
M_73038,21
M_65039,422
M_79815,130
M_41722,563
M_13127,908
M_70419,124
M_9636,986
M_18612,942
M_86457,48
M_89360,332
M_20236,229
M_97829,208
M_37697,557
M_58799,137
M_9419,756
M_51652,303
M_7414,445
M_41506,1027
M_5450,490
M_58158,278
M_75332,206
M_50042,157
M_36601,153
M_52321,847
M_44639,925
M_60379,1016
M_80200,111
M_17222,711
M_80776,719
M_44509,930
M_72788,40
M_49058,373
M_70143,1043
M_53981,225
M_56596,851
M_58539,256
M_90195,738
M_33875,39
M_24280,30
M_87204,976
M_17710,902
M_52662,539
M_1053,373
M_2751,43
M_61564,652
M_43905,789
M_9598,183
M_32945,512
M_47457,971
M_14550,169
M_16593,646
M_65339,50
M_4859,747
M_21466,544
M_40517,733
M_3663,811
M_13791,660
M_66474,464
M_8949,647
M_29135,210
M_11378,798
M_64534,807
M_57248,73
M_5005,22
M_18529,546
M_99421,158
M_17027,216
M_68251,916
M_14118,996
M_92573,346
M_65403,459
M_81478,384
M_10941,381
M_34799,680
M_10127,343
M_58605,961
M_77605,176
M_1423,83
M_67195,803
M_18035,118
M_21882,958
M_29769,105
M_94801,1061
M_21417,268
M_61573,139
M_7649,547
M_61206,367
M_33088,721
M_71813,248
M_73973,99
M_84063,595
M_91348,172
M_91209,1053
M_96129,37
M_16989,16
M_62728,931
M_24652,490
M_57201,852
M_89959,925
M_97866,135
M_35272,1046
M_66219,487
M_52990,957
M_59032,128
M_58437,494
M_64533,1050
M_14918,763
M_13534,898
M_47821,549
M_79502,429
M_22716,891
M_85319,391
M_57727,790
M_95509,1030
M_2131,957
M_35508,726
M_15489,114
M_9586,429
M_45508,797
M_26195,489
M_4945,880
M_74519,763
M_4815,951
M_18744,306
M_63156,261
M_40329,935
M_3166,534
M_1529,464
M_82127,1068
M_68958,1065
M_32616,468
M_38759,287
M_47420,435
M_64066,870
M_65920,631
M_71340,206
M_58761,32
M_27295,1004
M_8260,541
M_35402,630
M_16432,257
M_40750,584
M_32688,58
M_22290,725
M_25026,121
M_49010,878
M_21746,518
M_69936,581
M_42941,1071
M_28301,10
M_36882,429
M_93683,683
M_57715,448
M_86852,905
M_10991,509
M_4274,710
M_11319,81
M_79081,232
M_31749,920
M_58578,416
M_39565,608
M_53773,327
M_32680,1042
M_95822,351
M_81990,23
M_52565,521
M_90527,365
M_59258,500
M_18021,301
M_70320,747
M_72684,601
M_58374,410
M_32987,473
M_85801,933
M_9026,363
M_92722,801
M_5099,228
M_70197,194
M_99984,186
M_96833,29
M_29919,658
M_91795,379
M_39272,187
M_5050,322
M_46552,481
M_62362,365
M_90452,790
M_49551,142
M_27974,247
M_77642,702
M_96093,1054
M_53555,636
M_61790,231
M_16997,798
M_17480,162
M_8909,698
M_42128,582
M_10283,36
M_53425,914
M_1839,403
M_1641,83
M_50660,364
M_10008,712
M_24714,824
M_8241,893
M_44839,699
M_1287,183
M_66009,790
M_47136,326
M_20784,444
M_60872,747
M_11758,602
M_45070,253
M_83571,309
M_15828,40
M_24604,507
M_22284,552
M_50523,512
M_16602,721
M_76107,658
M_93102,213
M_39393,301
M_99758,521
M_60887,536
M_8776,712
M_67883,404
M_70317,84
M_87666,971
M_50807,583
M_93354,814
M_98288,975
M_70029,114
M_81806,888
M_68755,137
M_74880,658
M_19146,590
M_76214,736
M_34252,382
M_43263,910
M_76829,190
M_41810,993
M_52246,573
M_82488,862
M_58883,17
M_13237,1012
M_2958,840
M_3614,765
M_73780,852
M_76959,114
M_58636,92
M_70344,759
M_83041,860
M_12569,853
M_30063,832
M_2233,848
M_19585,981
M_15286,742
M_72777,1002
M_99104,965
M_8305,51
M_11883,630
M_99960,769
M_5012,804
M_82113,1003
M_97952,666
M_6422,876
M_83682,640
M_91031,859
M_79026,852
M_16673,168
M_99992,415
M_62770,327
M_35412,667
M_77088,1017
M_8577,819
M_91456,432
M_14323,492
M_47239,1021
M_28042,451
M_39978,569
M_10848,705
M_76857,236
M_92964,218
M_96896,432
M_21001,831
M_97822,435
M_56122,257
M_59717,208
M_98935,696
M_28589,211
M_39692,779
M_14968,675
M_5010,74
M_46619,523
M_20775,790
M_53348,782
M_31324,1072
M_90887,1081
M_67220,923
M_26637,454
M_82841,911
M_54762,1081
M_37001,254
M_53125,934
M_63561,865
M_8876,700
M_39533,683
M_86497,735
M_3867,288
M_34290,715
M_44160,32
M_70696,629
M_95371,466
M_7120,289
M_47204,592
M_43162,588
M_33663,838
M_89417,619
M_5227,27
M_72179,1049
M_85251,803
M_85580,813
M_27122,855
M_78311,197
M_21561,409
M_10179,474
M_82735,992
M_98165,89
M_36542,383
M_29395,149
M_52126,414
M_40122,697
M_5433,318
M_69898,1057
M_77480,584
M_89614,459
M_96647,667
M_76187,1019
M_86525,301
M_74549,172
M_20476,868
M_59687,792
M_16973,543
M_68243,393
M_5508,1067
M_13184,3
M_41128,115
M_35368,448
M_43686,940
M_85437,969
M_11035,252
M_36388,374
M_85488,804
M_3872,19
M_65486,152
M_83651,525
M_68592,932
M_13697,104
M_75088,601
M_55424,13
M_83928,563
M_35447,831
M_34741,392
M_81377,651
M_45122,564
M_96381,691
M_77195,715
M_30491,1054
M_66099,1029
M_59329,738
M_87514,547
M_23102,737
M_57651,985
M_5080,1007
M_99844,728
M_58456,770
M_9921,210
M_53293,56
M_52061,898
M_25905,135
M_15888,438
M_81579,74
M_58688,219
M_19184,911
M_55318,1064
M_22766,993
M_72017,835
M_13908,941
M_60888,538
M_33586,612
M_59043,182
M_88024,447
M_23057,946
M_58430,261
M_33869,258
M_27087,584
M_81596,103
M_26590,958
M_81009,271
M_89651,785
M_6762,173
M_52657,912
M_33710,202
M_83850,565
M_71115,869
M_20689,497
M_97127,347
M_23919,615
M_85798,872
M_9095,913
M_8820,362
M_20734,1004
M_29164,800
M_39545,954
M_92221,983
M_34302,106
M_20452,731
M_80121,25
M_48858,543
M_17227,704
M_27347,85
M_68254,504
M_92981,811
M_33301,581
M_26890,652
M_25382,524
M_38858,675
M_55826,883
M_34218,567
M_15942,13
M_92384,191
M_17050,671
M_37962,314
M_36219,400
M_76930,771
M_57754,548
M_55106,93
M_74654,1030
M_42375,942
M_77029,821
M_8403,863
M_86853,209
M_55943,882
M_28711,177
M_52798,1045
M_59744,436
M_46274,90
M_45902,524
M_52954,731
M_5274,873
M_54773,762
M_17380,79
M_85087,121
M_32203,1002
M_84859,963
M_97856,334
M_69122,1039
M_43084,495
M_7293,664
M_43592,137
M_51472,618
M_25915,617
M_81697,1060
M_94830,225
M_33679,703
M_11024,345
M_42960,124
M_72252,767
M_77045,41
M_81998,1055
M_43621,396
M_25862,41
M_29926,379
M_43092,651
M_66719,913
M_73676,398
M_77235,508
M_13888,91
M_85883,309
M_43869,525
M_39718,234
M_57191,285
M_68782,343
M_2914,1032
M_29886,213
M_90709,238
M_95616,353
M_83210,825
M_21340,77
M_9192,288
M_43023,91
M_93167,970
M_44444,146
M_65396,487
M_98009,756
M_3024,620
M_7271,237
M_7641,88
M_96222,280
M_74023,196
M_53048,1079
M_28854,369
M_69899,498
M_14412,1061
M_64405,113
M_87737,737
M_97339,325
M_9672,15
M_27611,117
M_63898,248
M_11397,719
M_14681,424
M_94226,494
M_9821,502
M_32949,850
M_92711,312
M_11124,452
M_52068,251
M_19414,884
M_41773,652
M_35981,503
M_50630,978
M_72964,887
M_65041,844
M_77389,838
M_91307,917
M_76245,1005
M_25242,635
M_29735,464
M_97643,876
M_45168,1034
M_39108,174
M_47284,990
M_22538,19
M_59277,619
M_82393,525
M_83375,329
M_23479,766
M_61984,106
M_16286,352
M_27629,1057
M_99174,607
M_58786,76
M_29491,801
M_79810,196
M_74197,774
M_38445,775
M_50583,1013
M_54707,480
M_47826,631
M_56130,1053
M_69184,459
M_92042,440
M_2952,421
M_96635,252
M_8497,304
M_81609,72
M_91311,633
M_47054,99
M_71284,777
M_17545,462
M_70688,752
M_6012,870
M_68449,202
M_96338,726
M_77713,844
M_85199,380
M_73497,40
M_5123,313
M_13970,1076
M_97014,178
M_55514,382
M_76737,809
M_90736,105
M_23164,845
M_52119,439
M_22501,123
M_37683,991
M_4111,622
M_625,805
M_6232,43
M_34691,924
M_90720,918
M_88302,1053
M_88387,1079
M_83065,251
M_7757,630
M_13792,832
M_2021,162
M_33193,61
M_80325,1060
M_10169,767
M_8746,317
M_16655,201
M_18723,1021
M_86399,944
M_94408,33
M_15446,184
M_78148,853
M_88669,793
M_1414,1035
M_36008,802
M_51947,967
M_50144,507
M_67588,782
M_9309,783
M_64666,148
M_34934,876
M_40239,98
M_43863,760
M_96707,757
M_84316,134
M_96939,811
M_22119,126
M_55789,29
M_95773,878
M_14235,940
M_52141,270
M_61360,1068
M_93283,113
M_10210,871
M_56975,434
M_47046,120
M_69101,340
M_57946,654
M_83622,308
M_69752,275
M_93880,425
M_26505,284
M_36621,459
M_8319,507
M_31336,257
M_72195,680
M_69380,903
M_68380,172
M_81876,689
M_8062,962
M_66764,409
M_97649,803
M_60526,1030
M_8573,1078
M_79527,141
M_66215,365
M_83323,738
M_29782,1057
M_5536,1022
M_54579,559
M_29187,630
M_73584,622
M_33688,748
M_61970,881
M_77843,968
M_29631,51
M_90552,457
M_29535,912
M_39529,65
M_26253,991
M_94452,315
M_59932,781
M_4810,10
M_84041,750
M_12489,466
M_26132,326
M_79583,612
M_35330,425
M_86737,1057
M_34236,514
M_39585,590
M_57668,588
M_72630,600
M_57911,851
M_82984,398
M_61368,546
M_80527,189
M_15941,1010
M_60437,440
M_61395,17
M_84150,733
M_4417,674
M_87861,783
M_99470,951
M_6309,34
M_79723,538
M_38424,735
M_82337,556
M_47923,1041
M_37978,480
M_15454,911
M_30874,678
M_57892,400
M_54686,92
M_75757,677
M_61751,888
M_91478,858
M_45463,1039
M_26402,396
M_15000,781
M_19643,57
M_54885,442
M_14490,590
M_73813,937
M_17122,2
M_47904,1072
M_39463,393
M_89615,89
M_28547,970
M_59867,610
M_67990,293
M_93465,299
M_56762,464
M_90055,587
M_76804,406
M_92806,818
M_22709,516
M_43877,495
M_6619,160
M_51272,630
M_38947,777
M_30447,580
M_59075,314
M_58954,153
M_92895,547
M_52235,760
M_55776,40
M_13624,264
M_14099,460
M_71439,747
M_78688,480
M_67089,145
M_99016,398
M_47454,408
M_3900,645
M_40088,712
M_168,845
M_93336,890
M_87616,782
M_75264,315
M_13567,1076
M_48887,467
M_90128,986
M_59934,337
M_30980,314
M_35478,517
M_47819,452
M_93854,320
M_83621,21
M_86638,583
M_87742,567
M_25896,293
M_46469,629
M_46334,587
M_74567,787
M_71749,353
M_88609,86
M_35274,692
M_49167,1055
M_23708,468
M_93392,894
M_27523,301
M_30589,531
M_36273,764
M_67004,196
M_30431,145
M_45695,268
M_38894,560
M_24262,885
M_66878,127
M_53208,811
M_79611,29
M_7344,275
M_77829,849
M_6654,858
M_76068,647
M_87483,405
M_52105,502
M_51710,444
M_99401,417
M_16029,17
M_17856,948
M_72606,888
M_69670,492
M_10349,404
M_47847,367
M_78835,463
M_95309,45
M_82790,596
M_55121,744
M_18730,30
M_98274,266
M_44577,167
M_46998,287
M_65842,188
M_46898,153
M_48595,532
M_881,182
M_1113,463
M_81571,112
M_43481,920
M_99910,43
M_37369,270
M_71478,471
M_61512,764
M_67462,1071
M_63835,141
M_6455,228
M_1397,898
M_36099,626
M_8846,804
M_26223,997
M_75956,729
M_33765,377
M_61435,418
M_85205,941
M_25725,147
M_23660,337
M_37235,637
M_38057,726
M_32642,746
M_7483,522
M_15606,864
M_76850,395
M_52976,712
M_44069,911
M_66265,100
M_89346,225
M_81370,1005
M_48011,15
M_51199,443
M_12765,1077
M_26618,686
M_39948,1032
M_97466,685
M_10842,984
M_21836,106
M_97706,914
M_65895,580
M_45687,223
M_79817,657
M_84488,136
M_84953,484
M_7594,207
M_72255,79
M_83563,602
M_9079,475
M_95401,263
M_76739,493
M_84207,981
M_54575,565
M_8104,305
M_36874,536
M_4202,1038
M_85551,851
M_63205,766
M_94241,211
M_80901,437
M_54571,72
M_24272,714
M_30271,920
M_93136,704
M_5812,774
M_88897,206
M_81614,19
M_40162,0
M_60790,326
M_63376,215
M_98191,184
M_50507,425
M_31472,693
M_33935,303
M_20929,674
M_64989,919
M_84748,808
M_62043,87
M_77629,831
M_62252,145
M_69701,126
M_76562,872
M_34795,50
M_39664,981
M_45406,795
M_54081,1069
M_59725,786
M_5802,972
M_40501,276
M_45098,94
M_78396,128
M_60048,848
M_6856,19
M_69587,758
M_15551,1002
M_41528,287
M_75981,792
M_11608,1002
M_83044,535
M_92878,805
M_18256,554
M_28156,702
M_53952,873
M_64123,331
M_72572,1052
M_43846,90
M_29173,284
M_43656,796
M_71487,80
M_5239,255
M_34034,877
M_35222,14
M_70640,1000
M_80793,872
M_50635,1029
M_54828,748
M_13124,474
M_16492,98
M_86773,765
M_52788,1054
M_69238,339
M_12185,477
M_37052,597
M_864,421
M_23802,602
M_84380,833
M_39561,334
M_12781,566
M_698,768
M_27566,301
M_13514,1078
M_91945,592
M_63861,21
M_6525,356
M_32279,249
M_67236,475
M_83397,309
M_55992,674
M_9668,894
M_34856,724
M_58478,1019
M_1852,940
M_41663,323
M_86409,259
M_30647,635
M_47278,148
M_68513,788
M_49325,838
M_94984,182
M_49587,506
M_62180,579
M_8502,1012
M_62089,415
M_92334,799
M_79102,597
M_37709,715
M_2992,1045
M_62984,815
M_7398,1057
M_88312,409
M_41712,500
M_25519,732
M_13214,85
M_42244,538
M_56979,849
M_18324,6
M_50352,403
M_83486,19
M_54139,478
M_12055,56
M_13031,734
M_84415,223
M_24916,1058
M_362,1081
M_34372,943
M_62905,692
M_45990,216
M_11483,199
M_82517,309
M_11648,974
M_39213,440
M_22238,532
M_64790,1054
M_89920,988
M_72909,499
M_83893,68
M_36889,826
M_5330,869
M_44379,779
M_63137,725
M_11627,746
M_25439,1040
M_85025,645
M_4418,203
M_27968,863
M_21995,744
M_43603,136
M_36547,409
M_15420,556
M_67870,533
M_7709,285
M_63604,590
M_88080,724
M_40346,668
M_68480,520
M_21642,443
M_12007,956
M_68141,507
M_28291,982
M_25656,575
M_50874,183
M_51426,71
M_74570,919
M_80231,987
M_26611,438
M_24801,792
M_72280,771
M_91549,249
M_24584,545
M_20981,984
M_50998,592
M_87595,258
M_88771,1015
M_6709,519
M_40902,638
M_93256,28
M_30950,319
M_71289,429
M_90238,990
M_57714,196
M_47485,348
M_6193,994
M_63961,56
M_30469,407
M_4073,735
M_19398,886
M_37288,704
M_23501,883
M_86754,625
M_84366,342
M_87390,450
M_63797,509
M_41944,803
M_31890,451
M_91565,918
M_66976,739
M_7954,150
M_20919,97
M_21686,1052
M_41432,215
M_53138,322
M_89620,847
M_23721,768
M_67613,527
M_90479,878
M_23737,543
M_75128,760
M_73841,1038
M_17064,1058
M_20184,1059
M_33946,775
M_38849,521
M_32230,467
M_36059,815
M_8247,280
M_81519,1028
M_46538,337
M_53853,1048
M_64821,959
M_86430,896
M_69816,8
M_26379,654
M_58519,750
M_75535,780
M_90970,313
M_40432,833
M_1319,518
M_92521,74
M_87011,162
M_98698,1068
M_28063,571
M_318,705
M_27782,1033
M_53324,149
M_27345,5
M_40038,521
M_62867,787
M_42311,1009
M_81747,458
M_37955,106
M_65325,503
M_26258,19
M_1442,539
M_12089,48
M_50986,786
M_38506,428
M_21133,513
M_61327,87
M_7889,249
M_24841,782
M_31496,272
M_14364,574
M_34073,487
M_44804,721
M_35682,751
M_65413,163
M_15443,594
M_39200,445
M_71729,758
M_73179,999
M_41167,700
M_40085,331
M_32784,170
M_53380,651
M_48328,1055
M_43163,846
M_42431,845
M_25631,907
M_83861,808
M_59581,454
M_69032,395
M_96407,254
M_33824,378
M_805,118
M_2536,471
M_88428,83
M_54514,709
M_48469,975
M_36772,526
M_39708,479
M_53658,284
M_57972,5
M_87913,837
M_18061,338
M_53149,781
M_70762,920
M_86479,872
M_14360,7
M_65674,568
M_6023,115
M_76413,387
M_8365,329
M_4593,102
M_64481,785
M_80936,1038
M_90191,118
M_91173,145
M_53650,593
M_94911,433
M_46769,552
M_99530,416
M_43866,551
M_52472,328
M_61356,671
M_54648,27
M_55653,447
M_13706,733
M_16370,817
M_41509,344
M_25568,916
M_94823,468
M_55552,697
M_49946,560
M_12926,998
M_80981,76
M_5728,366
M_47668,637
M_4911,81
M_21357,932
M_41154,1042
M_39252,744
M_62077,1002
M_96483,913
M_62971,254
M_19661,1008
M_57653,19
M_87342,321
M_36500,51
M_4971,367
M_30958,399
M_79797,806
M_7473,237
M_25223,686
M_99825,731
M_93776,960
M_32280,979
M_72771,534
M_58958,399
M_63130,432
M_67552,108
M_78797,968
M_21239,263
M_67662,9
M_61473,133
M_63302,975
M_80806,997
M_72857,333
M_83538,498
M_15307,472
M_46387,397
M_10251,361
M_16447,297
M_95895,152
M_73522,377
M_75415,836
M_13069,1074
M_94433,863
M_39706,617
M_5590,845
M_62098,184
M_97909,948
M_14438,188
M_17410,1047
M_26979,871
M_32298,105
M_2847,767
M_10832,1059
M_3633,73
M_71413,902
M_20925,414
M_34902,507
M_62559,129
M_33704,185
M_390,598
M_33971,302
M_60025,6
M_91493,844
M_3053,408
M_56540,650
M_79320,345
M_36010,542
M_87645,137
M_97365,736
M_25300,455
M_74123,39
M_85789,439
M_22570,326
M_91821,74
M_55129,615
M_31043,179
M_55781,625
M_20099,956
M_43244,258
M_44442,294
M_79434,903
M_16407,651
M_82484,225
M_83411,628
M_39267,619
M_6039,818
M_52851,693
M_18580,326
M_63282,253
M_87592,1082
M_89215,359
M_84056,218
M_92758,120
M_90752,817
M_30749,932
M_32037,467
M_35760,675
M_38393,350
M_50265,931
M_11665,367
M_64422,968
M_12986,672
M_11588,1065
M_59591,540
M_30210,323
M_55898,726
M_71846,606
M_21929,622
M_26316,771
M_60404,368
M_39913,653
M_54864,385
M_89552,384
M_53921,158
M_85719,707
M_66608,138
M_92894,907
M_94013,914
M_56582,698
M_79774,174
M_78636,621
M_96066,27
M_8566,211
M_64927,597
M_61810,538
M_56584,222
M_63417,39
M_31847,897
M_49275,347
M_81726,484
M_4964,125
M_3870,1007
M_34018,131
M_86560,574
M_82513,291
M_69059,165
M_5049,206
M_88985,478
M_23199,37
M_44787,9
M_97492,603
M_27443,238
M_43703,540
M_8371,188
M_19916,645
M_42838,640
M_58220,321
M_6948,576
M_28791,915
M_15172,400
M_31427,957
M_90805,985
M_13576,589
M_41867,909
M_53807,91
M_69598,984
M_96318,352
M_73544,555
M_87746,1009
M_29931,843
M_21674,461
M_92146,423
M_43778,149
M_99619,335
M_76551,308
M_55971,502
M_89577,812
M_45399,599
M_15737,516
M_51584,759
M_65187,242
M_39384,652
M_68064,354
M_71403,988
M_25479,100
M_5934,371
M_72239,573
M_1872,418
M_38956,169
M_49416,492
M_60167,605
M_8286,565
M_41835,305
M_57436,327
M_24508,183
M_73198,819
M_76190,360
M_28906,38
M_62773,47
M_52728,845
M_76884,922
M_66675,259
M_42566,548
M_18717,129
M_38618,468
M_33793,622
M_47481,927
M_70865,396
M_60040,641
M_39518,885
M_70149,998
M_55917,617
M_96626,1018
M_12270,396
M_22191,972
M_10209,533
M_75501,770
M_24121,669
M_86681,90
M_2584,577
M_18672,230
M_52420,666
M_67728,201
M_10932,540
M_21176,628
M_18388,977
M_49070,817
M_70502,400
M_58513,764
M_60465,126
M_47471,171
M_53526,978
M_70625,84
M_72712,495
M_74690,304
M_77784,193
M_91336,605
M_7253,919
M_81625,391
M_22461,828
M_29155,852
M_83932,658
M_85280,674
M_91450,385
M_76418,647
M_78732,163
M_328,758
M_25298,952
M_68541,934
M_76288,396
M_58195,330
M_1875,962
M_29197,557
M_84211,451
M_45718,559
M_21354,879
M_79209,689
M_53323,137
M_22941,1
M_37403,939
M_77054,473
M_12529,639
M_67039,164
M_132,779
M_12531,18
M_65653,38
M_3776,512
M_92688,592
M_18113,202
M_297,615
M_79593,28
M_28990,267
M_37201,791
M_9778,483
M_31637,413
M_64457,1020
M_31027,405
M_48342,195
M_61270,209
M_91582,73
M_4016,123
M_38282,690
M_38363,970
M_94463,88
M_88729,81
M_4441,1051
M_22898,1073
M_31991,851
M_78669,98
M_93786,299
M_29377,312
M_40354,588
M_53218,656
M_13027,930
M_69851,499
M_47142,894
M_54619,139
M_99199,1025
M_97200,333
M_75027,611
M_72702,809
M_88657,128
M_57266,467
M_58349,444
M_13751,116
M_79972,1006
M_72672,489
M_3838,732
M_95750,1035
M_45772,509
M_35595,843
M_10061,405
M_58925,1065
M_6874,19
M_8171,225
M_5467,1078
M_15952,368
M_762,341
M_94879,444
M_14335,487
M_9048,1046
M_44348,340
M_27522,304
M_87975,467
M_68816,840
M_33313,825
M_85953,205
M_9094,1018
M_23108,604
M_88605,423
M_1811,94
M_44985,581
M_68536,489
M_86720,16
M_35390,869
M_42404,287
M_75358,47
M_81187,130
M_18829,85
M_97534,353
M_35104,163
M_94137,484
M_84934,265
M_2998,562
M_37824,253
M_66539,719
M_33550,422
M_90915,69
M_92829,733
M_51439,564
M_13585,727
M_81474,494
M_11561,430
M_90532,392
M_42547,83
M_11748,153
M_21712,30
M_36208,766
M_49805,735
M_77409,797
M_65739,767
M_93007,532
M_55987,1015
M_78499,366
M_69431,990
M_87825,619
M_97346,770
M_37903,280
M_57240,1064
M_29968,762
M_8126,450
M_80459,292
M_48088,451
M_34503,986
M_37022,43
M_18412,777
M_24254,599
M_33578,386
M_55214,536
M_87760,693
M_7696,278
M_39821,826
M_29924,509
M_69630,283
M_68605,97
M_30224,172
M_20820,19
M_33110,721
M_59879,344
M_20091,436
M_88016,795
M_20499,475
M_15902,138
M_51532,74
M_22466,564
M_28326,577
M_73808,438
M_70348,1009
M_43271,965
M_20614,330
M_11517,896
M_32970,350
M_35533,554
M_52927,926
M_40648,223
M_78695,627
M_27983,591
M_47984,608
M_56688,493
M_6466,185
M_64376,594
M_40093,695
M_40242,809
M_10778,653
M_19850,289
M_98580,861
M_33668,726
M_70085,788
M_96533,492
M_19923,950
M_37290,915
M_38163,158
M_43196,903
M_73113,723
M_84936,614
M_91550,910
M_16120,455
M_78210,256
M_35544,560
M_42585,898
M_73083,530
M_46246,716
M_98392,775
M_9922,570
M_47956,805
M_11349,97
M_92362,701
M_5992,463
M_19716,78
M_7413,526
M_85993,415
M_88456,786
M_98582,717
M_98848,601
M_53366,213
M_67959,939
M_81359,900
M_73576,483
M_30544,398
M_62094,524
M_18238,814
M_50556,616
M_72007,667
M_17427,916
M_69716,971
M_93226,232
M_54077,377
M_97362,148
M_43342,930
M_98813,862
M_81143,718
M_74278,620
M_94025,48
M_26288,780
M_18301,540
M_57362,763
M_37464,874
M_68879,374
M_16473,684
M_98662,416
M_26948,581
M_38350,799
M_67003,871
M_90137,167
M_6638,457
M_45555,1027
M_23800,181
M_375,1079
M_23862,967
M_34338,60
M_38325,546
M_65176,600
M_97688,37
M_19104,957
M_21009,390
M_47477,234
M_43580,638
M_64855,503
M_59274,404
M_89796,147
M_75249,1046
M_31328,155
M_38321,671
M_16668,657
M_84722,965
M_94131,976
M_92154,176
M_69403,203
M_31594,902
M_23520,402
M_84000,822
M_95689,1000
M_11320,112
M_37341,1034
M_41120,531
M_3945,269
M_70693,807
M_71294,504
M_23237,15
M_63493,819
M_64476,1007
M_69282,1063
M_90533,717
M_14688,412
M_14905,390
M_54557,554
M_68413,921
M_2506,324
M_23049,168
M_84746,85
M_9985,502
M_22074,413
M_67022,1003
M_11052,23
M_9904,322
M_56623,310
M_11673,454
M_79920,836
M_31505,742
M_61900,782
M_67145,87
M_11004,822
M_83290,648
M_97253,173
M_27966,948
M_95013,197
M_90060,10
M_71469,780
M_17025,134
M_24641,846
M_64820,227
M_68321,1015
M_94623,91
M_20418,222
M_63257,190
M_77695,906
M_80529,629
M_81982,504
M_68589,164
M_13523,896
M_95084,341
M_16262,318
M_71000,43
M_41372,172
M_33143,174
M_54215,980
M_1954,76
M_72103,748
M_37593,223
M_52569,575
M_48192,1000
M_90806,314
M_91347,123
M_10190,603
M_83815,892
M_88314,705
M_89461,944
M_30553,53
M_82742,97
M_88290,19
M_72778,445
M_41111,755
M_22735,284
M_44736,584
M_47015,233
M_48249,742
M_69174,490
M_3456,332
M_11674,705
M_73602,115
M_95691,462
M_51332,887
M_24321,134
M_98194,876
M_11395,649
M_40890,819
M_29157,136
M_60698,227
M_98817,145
M_62948,724
M_71668,705
M_79996,37
M_89603,979
M_80894,93
M_61218,886
M_278,1017
M_60735,474
M_4742,1055
M_71451,717
M_7054,498
M_41274,1016
M_74943,35
M_88026,567
M_8288,10
M_10045,373
M_64027,49
M_35962,925
M_19667,722
M_22407,764
M_3141,938
M_26485,566
M_70950,983
M_27823,955
M_92668,278
M_14579,1081
M_3831,519
M_47701,340
M_36026,286
M_39358,757
M_33660,363
M_30406,122
M_81843,763
M_90611,599
M_98714,572
M_42600,565
M_10198,472
M_28504,474
M_19998,963
M_23694,482
M_7697,377
M_9975,824
M_68687,8
M_91518,397
M_47429,295
M_65802,829
M_37425,410
M_36143,606
M_19900,296
M_55138,130
M_33565,482
M_59920,954
M_46219,284
M_62390,517
M_65436,379
M_27269,862
M_76434,55
M_63955,859
M_6685,35
M_46955,662
M_90249,734
M_40948,635
M_11356,182
M_39365,839
M_14952,94
M_4321,776
M_81580,480
M_12586,231
M_34469,992
M_14188,423
M_99814,1018
M_99862,600
M_1741,758
M_94974,132
M_7478,359
M_93460,984
M_49714,220
M_94007,9
M_73230,274
M_77289,933
M_97219,14
M_20423,715
M_21268,166
M_52602,528
M_64635,318
M_54322,126
M_28216,609
M_9829,805
M_14092,652
M_86269,324
M_26872,311
M_53337,429
M_14743,604
M_9690,251
M_16453,637
M_23733,276
M_61977,233
M_9201,170
M_43504,715
M_72566,736
M_61775,1030
M_58389,956
M_16598,331
M_86913,215
M_77990,60
M_88690,1052
M_52156,424
M_36392,63
M_72782,991
M_75353,119
M_27363,789
M_45864,975
M_56906,584
M_47060,27
M_29498,720
M_96825,471
M_19289,477
M_16663,298
M_61737,548
M_14876,650
M_24396,664
M_28459,280
M_70895,216
M_76419,567
M_70736,19
M_36754,865
M_91997,228
M_34430,826
M_50436,743
M_55128,299
M_73886,267
M_4950,340
M_38190,103
M_51521,104
M_67821,1079
M_81787,528
M_55011,130
M_25847,37
M_28834,234
M_38076,521
M_91096,919
M_94081,43
M_87232,175
M_9838,1063
M_73589,605
M_70801,601
M_38834,716
M_24308,179
M_81470,410
M_46633,824
M_22167,421
M_62591,45
M_93616,319
M_3463,706
M_47462,492
M_86766,210
M_98596,181
M_97121,569
M_19044,617
M_9500,448
M_58277,522
M_71707,274
M_79400,194
M_91897,625
M_42229,889
M_45306,854
M_95250,869
M_23463,273
M_88591,1064
M_38361,780
M_9960,209
M_6983,537
M_32825,104
M_55159,736
M_34532,199
M_55747,831
M_43704,1039
M_11497,205
M_92941,384
M_46540,74
M_38411,947
M_57481,734
M_22729,919
M_36096,606
M_84022,1052
M_96433,143
M_6442,218
M_41056,419
M_76794,113
M_49127,315
M_94937,754
M_19866,377
M_28939,253
M_67124,403
M_48010,333
M_59737,761
M_58164,1014
M_80307,188
M_88667,189
M_36056,607
M_56579,887
M_95873,857
M_7227,284
M_37378,303
M_11193,44
M_47188,190
M_52355,1062
M_78802,654
M_1284,1076
M_2611,197
M_54374,121
M_52449,405
M_15424,793
M_72924,835
M_14406,15
M_26482,385
M_83280,869
M_89557,365
M_1985,38
M_36192,113
M_96765,160
M_31168,470
M_81070,127
M_58667,432
M_45841,8
M_80426,657
M_80592,893
M_74951,944
M_72628,147
M_90431,620
M_91431,717
M_32994,247
M_1627,238
M_40484,272
M_91741,798
M_6397,978
M_3031,61
M_69370,913
M_69245,337
M_98088,95
M_44956,1058
M_64581,570
M_70807,547
M_68566,887
M_61446,239
M_77501,220
M_50908,841
M_66769,336
M_27196,249
M_65034,478
M_62558,828
M_649,705
M_34818,388
M_99721,608
M_74371,643
M_51968,830
M_95417,170
M_18244,141
M_34340,432
M_44291,184
M_33995,839
M_35722,836
M_66780,754
M_99136,27
M_75131,285
M_17883,668
M_41633,1062
M_43385,136
M_18974,843
M_1342,1012
M_39317,771
M_42583,585
M_79642,929
M_58744,1021
M_80119,700
M_13906,730
M_65643,266
M_31988,376
M_59163,751
M_81965,787
M_91520,242
M_80786,911
M_74141,202
M_1041,946
M_62041,872
M_3466,373
M_83338,310
M_71153,670
M_93503,673
M_28037,554
M_27253,542
M_72582,940
M_21641,130
M_14238,707
M_3893,616
M_63,444
M_34803,929
M_5796,454
M_32084,679
M_67847,288
M_32156,912
M_20658,478
M_70243,615
M_82709,783
M_85261,436
M_99335,1044
M_8833,379
M_73955,1051
M_59448,306
M_95715,115
M_71546,62
M_75377,469
M_77941,289
M_2629,45
M_66068,192
M_28518,1008
M_22746,338
M_24710,1032
M_70151,1039
M_41002,372
M_17551,272
M_26440,114
M_60268,36
M_62075,622
M_48798,74
M_837,304
M_80941,859
M_90526,522
M_71385,435
M_62666,989
M_70808,252
M_9513,698
M_83304,228
M_5409,327
M_1961,479
M_95411,224
M_53075,81
M_35248,528
M_55052,715
M_31186,697
M_61635,14
M_53741,857
M_25081,890
M_83125,304
M_60603,534
M_37149,929
M_36255,1044
M_67329,456
M_89891,47
M_11431,837
M_19631,327
M_78289,727
M_16290,68
M_95830,66
M_83689,304
M_91086,317
M_55334,683
M_58101,818
M_73778,469
M_19885,728
M_25680,425
M_46038,117
M_44931,298
M_46802,63
M_41147,213
M_53662,874
M_75357,373
M_46148,923
M_19954,278
M_91097,936
M_32393,293
M_59818,513
M_89208,621
M_85676,902
M_78704,728
M_76532,179
M_55336,1042
M_22959,491
M_91659,863
M_28638,573
M_98303,752
M_26309,62
M_4091,855
M_65040,543
M_79108,868
M_96464,814
M_16303,976
M_95246,764
M_65364,8
M_16,333
M_31502,225
M_81978,58
M_83101,787
M_68943,121
M_75354,283
M_29410,402
M_25867,876
M_92670,906
M_12205,313
M_88071,510
M_15364,717
M_4808,263
M_6198,32
M_43026,52
M_43131,120
M_3318,762
M_17702,466
M_46711,516
M_89685,460
M_68498,737
M_850,326
M_63751,1039
M_83536,167
M_95426,454
M_48928,170
M_57557,83
M_59847,628
M_98702,165
M_4503,1059
M_73033,280
M_46195,823
M_5819,518
M_6899,490
M_18445,392
M_25057,549
M_53442,229
M_63039,82
M_76070,1
M_61539,202
M_70477,97
M_66029,3
M_88027,629
M_32231,669
M_51270,658
M_400,158
M_67732,845
M_15194,486
M_65118,1082
M_64739,938
M_78041,276
M_72988,904
M_60598,491
M_19359,1039
M_11557,611
M_29686,1045
M_28300,994
M_70083,579
M_63577,703
M_10435,206
M_48294,793
M_35999,1011
M_97237,155
M_3742,412
M_11036,631
M_19060,456
M_49914,458
M_84479,793
M_72690,291
M_9274,167
M_50339,17
M_56716,290
M_62299,976
M_60814,177
M_61933,505
M_23654,261
M_97897,1030
M_19179,733
M_71758,384
M_21480,807
M_145,709
M_17270,511
M_77950,47
M_90553,93
M_90279,836
M_1275,423
M_14462,88
M_74957,75
M_40324,75
M_47719,473
M_66091,759
M_72202,872
M_93297,163
M_38204,513
M_60473,579
M_64556,698
M_59452,507
M_61136,19
M_96875,979
M_71701,217
M_86450,815
M_96243,685
M_54189,907
M_72882,361
M_53898,339
M_74934,1049
M_80302,100
M_94720,900
M_92659,258
M_38402,300
M_72001,32
M_17698,204
M_27718,583
M_66897,790
M_64547,854
M_45229,211
M_19083,521
M_90886,169
M_83479,946
M_22580,27
M_29276,132
M_38128,317
M_49341,403
M_47884,936
M_29359,775
M_68908,244
M_83770,1054
M_45493,656
M_39182,92
M_3917,297
M_27932,211
M_21361,382
M_76503,890
M_46455,429
M_41596,47
M_25594,531
M_22056,138
M_28698,815
M_33201,744
M_23451,433
M_79142,529
M_76041,241
M_66582,969
M_44033,175
M_26339,210
M_77024,737
M_97336,856
M_66174,83
M_15996,267
M_88099,1051
M_21336,953
M_23075,677
M_70890,966
M_91939,692
M_6093,249
M_41817,834
M_38176,630
M_5468,903
M_42652,984
M_38156,1063
M_47827,589
M_50200,65
M_36048,351
M_73267,235
M_13799,1075
M_64981,638
M_81011,292
M_89105,509
M_70326,904
M_72384,378
M_80758,169
M_97106,838
M_26101,527
M_1571,191
M_45438,802
M_22236,114
M_98035,301
M_57836,1011
M_8924,914
M_87412,386
M_55108,741
M_15066,958
M_91904,511
M_21965,603
M_53347,1033
M_40150,746
M_74942,459
M_42888,310
M_55236,579
M_4177,587
M_84666,19
M_36761,326
M_93963,486
M_5937,331
M_11572,30
M_11025,854
M_14835,796
M_16163,577
M_33857,218
M_20170,395
M_9959,129
M_85267,769
M_54743,807
M_4306,666
M_89636,107
M_71388,1025
M_84302,495
M_87377,554
M_29245,233
M_2231,54
M_28806,925
M_60223,972
M_66682,507
M_60848,360
M_53637,44
M_68837,861
M_86716,630
M_99870,48
M_82395,31
M_22120,323
M_72277,879
M_83380,984
M_66987,200
M_77546,865
M_9219,653
M_12184,323
M_65186,753
M_78845,104
M_84278,145
M_29568,930
M_91554,490
M_95758,320
M_63586,835
M_78356,903
M_83117,797
M_66633,929
M_19353,493
M_56488,332
M_59798,372
M_38286,404
M_32038,231
M_60214,419
M_50447,1046
M_88454,891
M_9176,1052
M_18178,19
M_58850,823
M_93965,294
M_87793,607
M_81526,138
M_67646,464
M_60819,502
M_79376,845
M_3850,892
M_87266,818
M_69265,7
M_38421,824
M_30591,100
M_35813,19
M_52285,626
M_11658,993
M_55257,39
M_66497,724
M_98039,889
M_65143,77
M_35287,186
M_77334,950
M_93115,1067
M_94952,1020
M_3325,385
M_83016,779
M_77457,869
M_69909,733
M_34669,659
M_65955,887
M_97716,172
M_75520,422
M_20964,990
M_22089,30
M_9340,302
M_50826,8
M_18986,481
M_9897,123
M_50760,623
M_61267,294
M_19860,574
M_37176,188
M_84753,112
M_28873,831
M_21408,925
M_61940,112
M_17651,762
M_53523,993
M_38755,718
M_27773,508
M_35254,521
M_11732,955
M_2626,730
M_60215,284
M_27126,35
M_64684,317
M_74721,36
M_25278,968
M_55554,320
M_22620,865
M_79598,1044
M_84536,903
M_76580,533
M_77466,139
M_3581,465
M_6077,998
M_74813,522
M_70923,869
M_83224,646
M_32596,1077
M_16103,235
M_37713,370
M_97843,675
M_65509,943
M_75776,943
M_935,487
M_98050,241
M_15803,875
M_18435,527
M_8587,831
M_15845,990
M_78448,895
M_83811,198
M_13617,602
M_64309,562
M_84645,212
M_15198,599
M_78230,132
M_95394,802
M_87600,619
M_29602,375
M_33242,1008
M_18131,270
M_81300,438
M_91389,522
M_37754,275
M_10553,386
M_73111,347
M_50845,971
M_67171,491
M_87285,706
M_75860,388
M_81032,479
M_55937,581
M_3833,18
M_9770,667
M_82197,663
M_38794,799
M_25696,705
M_1632,582
M_64885,652
M_89613,600
M_40135,895
M_98404,992
M_80217,275
M_1748,130
M_97990,183
M_31605,700
M_18392,354
M_68661,293
M_72875,718
M_53133,863
M_47023,642
M_84048,265
M_48102,808
M_93832,703
M_47845,343
M_18716,895
M_51979,1058
M_94882,856
M_54522,359
M_39494,275
M_51606,309
M_66958,419
M_84073,1043
M_14095,475
M_34264,105
M_54970,89
M_57963,315
M_86219,1041
M_1970,254
M_21044,143
M_18054,239
M_45346,372
M_52622,577
M_62993,460
M_92646,340
M_19548,6
M_60110,120
M_19171,811
M_93405,731
M_82635,174
M_77478,64
M_90001,1030
M_35320,585
M_687,336
M_29287,1015
M_67781,770
M_83723,1072
M_74177,744
M_70247,941
M_39959,575
M_32735,207
M_51823,604
M_62328,606
M_19709,939
M_71884,860
M_26119,690
M_62273,155
M_1258,29
M_64180,914
M_69202,370
M_78163,224
M_52159,381
M_17999,861
M_89060,334
M_97110,131
M_91626,723
M_16099,1054
M_23339,918
M_51379,1061
M_31216,509
M_14502,962
M_57709,39
M_97806,85
M_15213,886
M_63362,351
M_52294,316
M_97644,378
M_60575,421
M_44356,254
M_55148,895
M_32705,365
M_87140,134
M_59863,585
M_73466,906
M_5426,641
M_7186,808
M_13243,33
M_15305,134
M_33172,307
M_34515,954
M_15738,84
M_49631,995
M_84249,142
M_53266,899
M_18023,673
M_96612,46
M_51304,378
M_45358,816
M_73717,726
M_64094,542
M_28748,2
M_10789,592
M_64724,870
M_53736,876
M_52860,290
M_92826,671
M_40192,201
M_12981,144
M_66153,417
M_52983,582
M_91648,468
M_49414,408
M_58782,424
M_31110,711
M_10958,211
M_58991,1075
M_59429,265
M_90909,321
M_4906,822
M_73853,1051
M_87788,999
M_17093,322
M_56133,1033
M_74333,185
M_42171,223
M_47279,506
M_90773,782
M_61962,959
M_30578,1070
M_95946,1042
M_71116,288
M_25086,598
M_71291,159
M_85012,761
M_83166,257
M_51717,1078
M_64255,216
M_30687,31
M_12349,521
M_87751,481
M_95045,598
M_29973,495
M_38167,460
M_32894,854
M_80232,895
M_37556,905
M_29892,198
M_71844,966
M_76651,778
M_86693,990
M_93815,162
M_14555,96
M_41623,550
M_40165,247
M_78285,235
M_39709,61
M_48836,622
M_78165,722
M_88670,749
M_11640,969
M_47356,690
M_53668,86
M_89550,952
M_98041,24
M_12361,571
M_33173,131
M_68248,904
M_27947,477
M_86932,314
M_25018,214
M_4816,984
M_67094,503
M_34177,651
M_13356,1060
M_16414,280
M_12044,962
M_67222,521
M_47465,259
M_24150,152
M_46819,1024
M_55453,354
M_99922,147
M_35346,420
M_49592,91
M_34273,202
M_22974,238
M_52448,415
M_11421,17
M_42276,455
M_76867,591
M_6335,710
M_85355,0
M_7280,1044
M_37843,254
M_38081,843
M_72664,1028
M_45769,470
M_76926,1004
M_89965,465
M_13096,478
M_95461,604
M_85928,837
M_11037,185
M_66275,282
M_56734,1066
M_41518,869
M_32395,715
M_66669,585
M_35952,753
M_70515,240
M_12655,289
M_41760,1022
M_54037,224
M_61111,610
M_74130,626
M_90872,841
M_24407,433
M_50620,342
M_97261,577
M_83442,734
M_96264,620
M_18194,803
M_24657,496
M_41564,697
M_59998,536
M_42134,706
M_36341,1016
M_2735,441
M_44658,217
M_73640,907
M_69999,402
M_57484,348
M_96373,781
M_28384,171
M_18845,840
M_79250,498
M_51732,767
M_20498,869
M_90104,598
M_4642,527
M_16657,298
M_17458,89
M_51734,546
M_61959,985
M_78333,30
M_30169,720
M_48849,817
M_26879,932
M_93602,621
M_79153,430
M_90976,104
M_86184,220
M_90702,900
M_84329,483
M_71626,297
M_94677,199
M_63310,90
M_63549,520
M_12690,403
M_68278,966
M_39465,735
M_24550,854
M_70156,470
M_73208,810
M_8879,1050
M_42601,648
M_27729,255
M_35360,710
M_78450,136
M_4210,244
M_18506,882
M_44144,730
M_35927,280
M_69941,357
M_9123,16
M_38085,655
M_2749,468
M_5276,513
M_28197,642
M_50253,589
M_29805,131
M_97495,751
M_72146,308
M_12669,681
M_14513,223
M_74814,247
M_80411,1032
M_77005,848
M_67209,895
M_38297,38
M_48808,67
M_92926,815
M_53966,927
M_79584,378
M_21524,495
M_39055,803
M_413,1049
M_99336,336
M_97713,577
M_71151,803
M_9325,838
M_13860,525
M_63333,483
M_47222,366
M_48263,1043
M_60116,133
M_89155,612
M_42785,768
M_8094,185
M_1907,617
M_17291,640
M_20157,90
M_34794,474
M_55157,701
M_91895,330
M_56397,923
M_87653,233
M_2487,203
M_11330,537
M_64810,655
M_15232,689
M_36696,477
M_36389,608
M_61642,482
M_96995,251
M_33595,627
M_8896,299
M_31538,499
M_68505,1071
M_9404,95
M_58670,9
M_80789,573
M_44219,255
M_27893,497
M_44168,742
M_53329,5
M_55195,134
M_71706,1054
M_4561,333
M_13789,477
M_30648,606
M_21543,1016
M_36856,123
M_83513,261
M_20047,900
M_84508,893
M_60836,116
M_84523,446
M_39407,283
M_15263,631
M_88202,597
M_30329,279
M_66921,227
M_85917,897
M_84337,318
M_20370,559
M_20740,90
M_87329,1047
M_1635,101
M_97921,291
M_10039,234
M_72667,412
M_84729,638
M_20434,512
M_94804,285
M_9876,617
M_54771,151
M_86619,275
M_47793,645
M_7640,533
M_16551,311
M_64228,971
M_30897,402
M_30515,535
M_38063,984
M_34749,964
M_93238,449
M_7922,117
M_76802,279
M_45002,935
M_16900,451
M_39301,680
M_17075,589
M_70787,921
M_19482,835
M_56380,655
M_13717,174
M_62444,1039
M_53819,220
M_7956,971
M_60431,443
M_63520,379
M_37272,988
M_73566,433
M_29409,775
M_70761,158
M_33796,619
M_14788,990
M_56878,145
M_57739,620
M_26999,809
M_43069,243
M_49117,937
M_61397,802
M_84123,675
M_80125,856
M_95894,302
M_19859,83
M_8053,559
M_67849,746
M_23148,425
M_43194,121
M_61321,142
M_15643,366
M_29613,371
M_85308,1014
M_27728,1050
M_16298,26
M_56416,300
M_87247,158
M_53697,489
M_71898,303
M_88373,3
M_8101,299
M_87693,202
M_31499,38
M_74877,523
M_51796,87
M_78780,716
M_37565,1032
M_71214,434
M_67314,709
M_42177,853
M_46999,620
M_95366,916
M_20812,877
M_53460,999
M_96172,424
M_71801,244
M_31568,960
M_76252,190
M_97520,34
M_42245,128
M_42222,88
M_28789,132
M_50081,945
M_11929,965
M_23925,845
M_35069,978
M_10094,172
M_5493,197
M_68098,889
M_3563,665
M_29904,418
M_51691,312
M_91062,574
M_2476,859
M_89039,751
M_31454,839
M_11279,381
M_33411,767
M_45780,846
M_41172,669
M_97264,547
M_97529,802
M_70643,19
M_76972,388
M_59936,1046
M_35998,1072
M_58149,985
M_68008,262
M_18320,568
M_30450,473
M_34326,290
M_92656,270
M_91511,745
M_706,1082
M_35487,439
M_26391,831
M_7639,618
M_74967,1040
M_50387,1002
M_73270,841
M_63844,969
M_31285,912
M_85166,792
M_55479,476
M_55726,822
M_96741,352
M_6154,656
M_90724,28
M_20528,725
M_81057,889
M_94708,80
M_347,991
M_55390,716
M_573,1000
M_57689,116
M_71149,1048
M_73071,647
M_72705,581
M_23234,248
M_61753,1053
M_49034,668
M_8550,909
M_35245,405
M_86458,1015
M_23134,928
M_72732,865
M_91748,700
M_73790,515
M_17228,266
M_33202,1035
M_22129,838
M_44095,1041
M_42851,169
M_9156,1067
M_55619,295
M_3431,924
M_91032,824
M_25109,602
M_83407,582
M_46854,330
M_57837,507
M_43097,955
M_84197,454
M_94581,123
M_19149,315
M_22989,37
M_67509,583
M_64023,585
M_89760,62
M_93015,528
M_90481,933
M_17947,1046
M_65837,998
M_41580,445
M_23529,799
M_31094,417
M_69285,178
M_14374,774
M_72221,535
M_46762,874
M_22259,211
M_92953,949
M_94404,916
M_67437,932
M_37099,117
M_87114,548
M_73004,179
M_97152,1038
M_30301,718
M_60757,865
M_54865,1054
M_41970,412
M_61812,16
M_53717,486
M_8282,1073
M_65259,726
M_98907,707
M_880,885
M_67478,373
M_49194,832
M_96652,995
M_78168,146
M_58668,34
M_54479,555
M_95442,947
M_2780,768
M_22486,820
M_40667,500
M_12767,952
M_86855,272
M_6315,308
M_31858,412
M_61545,966
M_43381,508
M_56079,1077
M_84537,149
M_99691,314
M_50839,344
M_42632,984
M_61106,315
M_79818,330
M_84691,10
M_82096,790
M_80146,978
M_45733,445
M_33616,705
M_5939,220
M_51913,16
M_97349,497
M_56931,193
M_6637,461
M_17074,136
M_8575,642
M_83548,228
M_84230,901
M_22306,535
M_72900,743
M_69589,1039
M_36814,997
M_52118,137
M_17621,711
M_19798,332
M_63161,250
M_68222,916
M_40013,205
M_41486,522
M_23458,699
M_99296,802
M_41875,619
M_6657,816
M_72729,456
M_88179,491
M_75494,844
M_14273,183
M_56922,462
M_17219,16
M_15649,373
M_71638,868
