merchant_A,merchant_B,weight,reason
M_50614,M_68249,3,PAN
M_68249,M_28761,1,IP
M_28761,M_81614,3,PAN
M_81614,M_6856,1,IP
M_6856,M_26258,3,PAN
M_26258,M_88290,2,DEVICE
M_88290,M_44846,1,IP
M_44846,M_70736,2,DEVICE
M_70736,M_91186,2,DEVICE
M_91186,M_10768,3,PAN
M_10768,M_84666,2,DEVICE
M_84666,M_35813,1,IP
M_35813,M_79940,2,DEVICE
M_79940,M_51035,1,IP
M_51035,M_20820,2,DEVICE
M_20820,M_83486,2,DEVICE
M_83486,M_41485,3,PAN
M_41485,M_80401,2,DEVICE
M_80401,M_6874,1,IP
M_6874,M_11292,2,DEVICE
M_11292,M_70643,3,PAN
M_70643,M_12450,2,DEVICE
M_12450,M_86631,2,DEVICE
M_86631,M_8802,1,IP
M_8802,M_43272,3,PAN
M_43272,M_55422,3,PAN
M_55422,M_65968,3,PAN
M_65968,M_18547,3,PAN
M_18547,M_91900,1,IP
M_91900,M_57653,3,PAN
M_57653,M_64650,2,DEVICE
M_64650,M_28179,3,PAN
M_28179,M_73811,3,PAN
M_73811,M_69417,1,IP
M_69417,M_22538,3,PAN
M_22538,M_3872,3,PAN
M_3872,M_49084,3,PAN
M_49084,M_61136,1,IP
M_61136,M_66947,1,IP
M_66947,M_65619,3,PAN
M_65619,M_18178,2,DEVICE
M_18178,M_2335,3,PAN
M_2335,M_50614,2,DEVICE
M_50614,M_28761,3,PAN
M_81614,M_26258,1,IP
M_88290,M_70736,1,IP
M_91186,M_84666,3,PAN
M_35813,M_51035,2,DEVICE
M_20820,M_41485,3,PAN
M_80401,M_11292,3,PAN
M_70643,M_86631,3,PAN
M_8802,M_55422,3,PAN
M_65968,M_91900,1,IP
M_57653,M_28179,3,PAN
M_73811,M_22538,1,IP
M_3872,M_61136,3,PAN
M_66947,M_18178,2,DEVICE
M_2335,M_68249,2,DEVICE
M_83139,M_2154,3,PAN
M_2154,M_39423,3,PAN
M_39423,M_92905,2,DEVICE
M_92905,M_92608,2,DEVICE
M_92608,M_75886,2,DEVICE
M_75886,M_35345,3,PAN
M_35345,M_83139,3,PAN
M_42404,M_83130,1,IP
M_83130,M_67214,2,DEVICE
M_67214,M_32006,2,DEVICE
M_32006,M_46998,3,PAN
M_46998,M_65474,3,PAN
M_65474,M_41528,1,IP
M_41528,M_7446,2,DEVICE
M_7446,M_67410,3,PAN
M_67410,M_41424,1,IP
M_41424,M_38759,2,DEVICE
M_38759,M_57847,3,PAN
M_57847,M_21717,3,PAN
M_21717,M_32419,2,DEVICE
M_32419,M_86254,3,PAN
M_86254,M_42404,2,DEVICE
M_95870,M_36459,3,PAN
M_36459,M_22680,1,IP
M_22680,M_15364,3,PAN
M_15364,M_97180,3,PAN
M_97180,M_98582,2,DEVICE
M_98582,M_71451,2,DEVICE
M_71451,M_13899,3,PAN
M_13899,M_1364,2,DEVICE
M_1364,M_67949,1,IP
M_67949,M_51977,1,IP
M_51977,M_91431,1,IP
M_91431,M_27674,3,PAN
M_27674,M_64712,3,PAN
M_64712,M_90533,2,DEVICE
M_90533,M_95870,3,PAN
M_45981,M_7414,2,DEVICE
M_7414,M_24187,3,PAN
M_24187,M_5385,3,PAN
M_5385,M_44115,3,PAN
M_44115,M_45733,3,PAN
M_45733,M_18461,3,PAN
M_18461,M_39200,2,DEVICE
M_39200,M_41580,2,DEVICE
M_41580,M_46785,3,PAN
M_46785,M_72778,3,PAN
M_72778,M_61520,1,IP
M_61520,M_45981,3,PAN
M_88428,M_54688,2,DEVICE
M_54688,M_14545,2,DEVICE
M_14545,M_1423,1,IP
M_1423,M_9945,2,DEVICE
M_9945,M_57557,1,IP
M_57557,M_1641,1,IP
M_1641,M_4997,3,PAN
M_4997,M_66174,3,PAN
M_66174,M_42547,3,PAN
M_42547,M_19859,3,PAN
M_19859,M_88428,2,DEVICE
M_347,M_26253,3,PAN
M_26253,M_37683,3,PAN
M_37683,M_66223,3,PAN
M_66223,M_72782,2,DEVICE
M_72782,M_22118,2,DEVICE
M_22118,M_36885,1,IP
M_36885,M_19713,3,PAN
M_19713,M_40741,3,PAN
M_40741,M_7135,1,IP
M_7135,M_347,2,DEVICE
M_44148,M_35376,2,DEVICE
M_35376,M_801,3,PAN
M_801,M_56079,1,IP
M_56079,M_32596,2,DEVICE
M_32596,M_90489,2,DEVICE
M_90489,M_12765,2,DEVICE
M_12765,M_44148,3,PAN
M_33314,M_6715,3,PAN
M_6715,M_20564,2,DEVICE
M_20564,M_14952,2,DEVICE
M_14952,M_96193,3,PAN
M_96193,M_45098,3,PAN
M_45098,M_23850,1,IP
M_23850,M_60352,3,PAN
M_60352,M_1811,3,PAN
M_1811,M_74334,2,DEVICE
M_74334,M_85100,1,IP
M_85100,M_33314,2,DEVICE
M_77301,M_96066,3,PAN
M_96066,M_76811,1,IP
M_76811,M_22580,1,IP
M_22580,M_99136,2,DEVICE
M_99136,M_40855,2,DEVICE
M_40855,M_47060,3,PAN
M_47060,M_54648,3,PAN
M_54648,M_25192,3,PAN
M_25192,M_5227,3,PAN
M_5227,M_59861,1,IP
M_59861,M_98468,3,PAN
M_98468,M_7359,2,DEVICE
M_7359,M_38239,3,PAN
M_38239,M_79246,3,PAN
M_79246,M_77301,3,PAN
M_33668,M_38057,3,PAN
M_38057,M_80123,2,DEVICE
M_80123,M_35508,1,IP
M_35508,M_96338,3,PAN
M_96338,M_73717,1,IP
M_73717,M_10582,2,DEVICE
M_10582,M_81280,2,DEVICE
M_81280,M_22813,3,PAN
M_22813,M_69216,3,PAN
M_69216,M_55898,1,IP
M_55898,M_65259,2,DEVICE
M_65259,M_58818,3,PAN
M_58818,M_19678,1,IP
M_19678,M_33668,3,PAN
M_37938,M_73386,3,PAN
M_73386,M_49414,1,IP
M_49414,M_41855,3,PAN
M_41855,M_47061,3,PAN
M_47061,M_4164,2,DEVICE
M_4164,M_53635,3,PAN
M_53635,M_71679,1,IP
M_71679,M_47454,2,DEVICE
M_47454,M_3053,3,PAN
M_3053,M_65875,3,PAN
M_65875,M_76702,1,IP
M_76702,M_11285,2,DEVICE
M_11285,M_8757,1,IP
M_8757,M_33131,3,PAN
M_33131,M_37938,1,IP
M_24424,M_25971,2,DEVICE
M_25971,M_81011,2,DEVICE
M_81011,M_61527,3,PAN
M_61527,M_56033,3,PAN
M_56033,M_24634,1,IP
M_24634,M_69471,1,IP
M_69471,M_80459,3,PAN
M_80459,M_41813,1,IP
M_41813,M_16572,3,PAN
M_16572,M_92431,3,PAN
M_92431,M_59378,3,PAN
M_59378,M_95825,3,PAN
M_95825,M_24424,3,PAN
M_79487,M_59898,3,PAN
M_59898,M_52534,2,DEVICE
M_52534,M_70190,1,IP
M_70190,M_80248,2,DEVICE
M_80248,M_22232,3,PAN
M_22232,M_24584,2,DEVICE
M_24584,M_70766,3,PAN
M_70766,M_90704,2,DEVICE
M_90704,M_39700,2,DEVICE
M_39700,M_79487,3,PAN
M_70709,M_91356,3,PAN
M_91356,M_97339,1,IP
M_97339,M_63828,1,IP
M_63828,M_25848,2,DEVICE
M_25848,M_72053,1,IP
M_72053,M_15247,1,IP
M_15247,M_85404,3,PAN
M_85404,M_28340,2,DEVICE
M_28340,M_70709,3,PAN
M_90806,M_37962,3,PAN
M_37962,M_99691,1,IP
M_99691,M_80337,2,DEVICE
M_80337,M_88743,3,PAN
M_88743,M_77533,3,PAN
M_77533,M_76414,3,PAN
M_76414,M_59075,2,DEVICE
M_59075,M_10536,1,IP
M_10536,M_30980,3,PAN
M_30980,M_99306,3,PAN
M_99306,M_86932,2,DEVICE
M_86932,M_35277,3,PAN
M_35277,M_18052,2,DEVICE
M_18052,M_90806,3,PAN
M_71893,M_10050,3,PAN
M_10050,M_75841,3,PAN
M_75841,M_40677,1,IP
M_40677,M_81625,3,PAN
M_81625,M_37325,3,PAN
M_37325,M_33545,2,DEVICE
M_33545,M_11565,1,IP
M_11565,M_39537,3,PAN
M_39537,M_85319,3,PAN
M_85319,M_71893,2,DEVICE
M_48941,M_92668,2,DEVICE
M_92668,M_12977,3,PAN
M_12977,M_19954,3,PAN
M_19954,M_26242,3,PAN
M_26242,M_64709,2,DEVICE
M_64709,M_58158,3,PAN
M_58158,M_80222,3,PAN
M_80222,M_95982,3,PAN
M_95982,M_80695,2,DEVICE
M_80695,M_5313,3,PAN
M_5313,M_10118,2,DEVICE
M_10118,M_7696,2,DEVICE
M_7696,M_48941,3,PAN
M_7695,M_74344,1,IP
M_74344,M_73569,1,IP
M_73569,M_7439,3,PAN
M_7439,M_75726,3,PAN
M_75726,M_62491,3,PAN
M_62491,M_28815,3,PAN
M_28815,M_13127,2,DEVICE
M_13127,M_55009,1,IP
M_55009,M_7695,1,IP
M_2466,M_92966,3,PAN
M_92966,M_94907,3,PAN
M_94907,M_65837,2,DEVICE
M_65837,M_70149,3,PAN
M_70149,M_61987,1,IP
M_61987,M_60129,1,IP
M_60129,M_88119,3,PAN
M_88119,M_12926,2,DEVICE
M_12926,M_19027,2,DEVICE
M_19027,M_6077,1,IP
M_6077,M_18810,3,PAN
M_18810,M_72036,3,PAN
M_72036,M_2466,2,DEVICE
M_68853,M_24788,3,PAN
M_24788,M_84768,2,DEVICE
M_84768,M_80200,3,PAN
M_80200,M_39189,2,DEVICE
M_39189,M_79019,1,IP
M_79019,M_45788,3,PAN
M_45788,M_61409,3,PAN
M_61409,M_68853,2,DEVICE
M_66897,M_75988,2,DEVICE
M_75988,M_67605,2,DEVICE
M_67605,M_18820,3,PAN
M_18820,M_82096,1,IP
M_82096,M_20775,2,DEVICE
M_20775,M_90452,2,DEVICE
M_90452,M_18350,3,PAN
M_18350,M_66009,3,PAN
M_66009,M_57727,3,PAN
M_57727,M_66897,1,IP
M_60522,M_75956,1,IP
M_75956,M_33370,1,IP
M_33370,M_47461,3,PAN
M_47461,M_73627,2,DEVICE
M_73627,M_5315,2,DEVICE
M_5315,M_60522,2,DEVICE
M_50414,M_70457,1,IP
M_70457,M_53541,3,PAN
M_53541,M_15386,3,PAN
M_15386,M_48987,1,IP
M_48987,M_8577,3,PAN
M_8577,M_72877,3,PAN
M_72877,M_73198,2,DEVICE
M_73198,M_63493,1,IP
M_63493,M_19107,3,PAN
M_19107,M_38929,2,DEVICE
M_38929,M_86091,3,PAN
M_86091,M_40890,3,PAN
M_40890,M_94899,3,PAN
M_94899,M_50414,2,DEVICE
M_40734,M_49005,3,PAN
M_49005,M_19437,3,PAN
M_19437,M_76651,2,DEVICE
M_76651,M_33583,2,DEVICE
M_33583,M_58760,2,DEVICE
M_58760,M_40734,1,IP
M_41548,M_78854,3,PAN
M_78854,M_25440,3,PAN
M_25440,M_39518,2,DEVICE
M_39518,M_81362,3,PAN
M_81362,M_24262,3,PAN
M_24262,M_90088,3,PAN
M_90088,M_880,3,PAN
M_880,M_95238,1,IP
M_95238,M_41548,2,DEVICE
M_85554,M_83949,3,PAN
M_83949,M_9627,2,DEVICE
M_9627,M_47481,2,DEVICE
M_47481,M_29259,3,PAN
M_29259,M_94182,3,PAN
M_94182,M_1382,2,DEVICE
M_1382,M_53966,3,PAN
M_53966,M_80534,2,DEVICE
M_80534,M_85554,2,DEVICE
M_6844,M_84948,1,IP
M_84948,M_67905,2,DEVICE
M_67905,M_67509,2,DEVICE
M_67509,M_82183,3,PAN
M_82183,M_47312,2,DEVICE
M_47312,M_86638,1,IP
M_86638,M_37043,1,IP
M_37043,M_27718,1,IP
M_27718,M_87062,3,PAN
M_87062,M_77190,2,DEVICE
M_77190,M_50807,1,IP
M_50807,M_6844,2,DEVICE
M_37001,M_19358,2,DEVICE
M_19358,M_82430,2,DEVICE
M_82430,M_62971,2,DEVICE
M_62971,M_1970,3,PAN
M_1970,M_99224,3,PAN
M_99224,M_95275,1,IP
M_95275,M_96407,1,IP
M_96407,M_96955,1,IP
M_96955,M_37843,3,PAN
M_37843,M_87118,3,PAN
M_87118,M_44356,3,PAN
M_44356,M_43096,1,IP
M_43096,M_37001,2,DEVICE
M_23816,M_81531,3,PAN
M_81531,M_34154,2,DEVICE
M_34154,M_47240,2,DEVICE
M_47240,M_22465,3,PAN
M_22465,M_53489,1,IP
M_53489,M_667,2,DEVICE
M_667,M_73083,3,PAN
M_73083,M_40632,3,PAN
M_40632,M_75053,1,IP
M_75053,M_72094,2,DEVICE
M_72094,M_75197,2,DEVICE
M_75197,M_23816,2,DEVICE
M_70546,M_22928,3,PAN
M_22928,M_26388,2,DEVICE
M_26388,M_97990,1,IP
M_97990,M_88118,3,PAN
M_88118,M_1287,2,DEVICE
M_1287,M_9598,3,PAN
M_9598,M_319,3,PAN
M_319,M_9907,3,PAN
M_9907,M_51604,1,IP
M_51604,M_57948,3,PAN
M_57948,M_50874,3,PAN
M_50874,M_14273,2,DEVICE
M_14273,M_24508,3,PAN
M_24508,M_48133,2,DEVICE
M_48133,M_70546,1,IP
M_66119,M_46711,3,PAN
M_46711,M_22709,1,IP
M_22709,M_81283,3,PAN
M_81283,M_5256,3,PAN
M_5256,M_55292,1,IP
M_55292,M_63824,1,IP
M_63824,M_15737,2,DEVICE
M_15737,M_34365,2,DEVICE
M_34365,M_67857,1,IP
M_67857,M_53551,2,DEVICE
M_53551,M_66119,2,DEVICE
M_60733,M_94375,1,IP
M_94375,M_10600,2,DEVICE
M_10600,M_6252,2,DEVICE
M_6252,M_76922,3,PAN
M_76922,M_48446,2,DEVICE
M_48446,M_60733,2,DEVICE
M_34284,M_89587,3,PAN
M_89587,M_55214,1,IP
M_55214,M_20682,3,PAN
M_20682,M_31399,3,PAN
M_31399,M_61599,3,PAN
M_61599,M_11256,3,PAN
M_11256,M_48804,2,DEVICE
M_48804,M_36874,3,PAN
M_36874,M_28288,3,PAN
M_28288,M_59998,1,IP
M_59998,M_60887,3,PAN
M_60887,M_93629,3,PAN
M_93629,M_34284,1,IP
M_18953,M_7796,2,DEVICE
M_7796,M_1251,2,DEVICE
M_1251,M_9201,1,IP
M_9201,M_95417,1,IP
M_95417,M_48928,3,PAN
M_48928,M_32784,2,DEVICE
M_32784,M_49358,2,DEVICE
M_49358,M_18953,3,PAN
M_67406,M_38415,3,PAN
M_38415,M_88421,1,IP
M_88421,M_49670,2,DEVICE
M_49670,M_77539,2,DEVICE
M_77539,M_70197,3,PAN
M_70197,M_98824,1,IP
M_98824,M_79400,2,DEVICE
M_79400,M_19193,3,PAN
M_19193,M_89544,3,PAN
M_89544,M_67406,2,DEVICE
M_8763,M_12586,3,PAN
M_12586,M_95915,2,DEVICE
M_95915,M_29189,2,DEVICE
M_29189,M_37721,3,PAN
M_37721,M_77789,2,DEVICE
M_77789,M_42857,3,PAN
M_42857,M_19552,1,IP
M_19552,M_61790,1,IP
M_61790,M_63480,3,PAN
M_63480,M_17664,2,DEVICE
M_17664,M_58721,2,DEVICE
M_58721,M_42269,1,IP
M_42269,M_32038,3,PAN
M_32038,M_81524,2,DEVICE
M_81524,M_8763,1,IP
M_83338,M_32235,2,DEVICE
M_32235,M_62446,3,PAN
M_62446,M_42888,2,DEVICE
M_42888,M_15226,3,PAN
M_15226,M_67516,1,IP
M_67516,M_56623,3,PAN
M_56623,M_83338,3,PAN
M_32043,M_86409,1,IP
M_86409,M_47465,1,IP
M_47465,M_31621,2,DEVICE
M_31621,M_20536,2,DEVICE
M_20536,M_66675,3,PAN
M_66675,M_32043,2,DEVICE
M_95844,M_26310,3,PAN
M_26310,M_80981,1,IP
M_80981,M_61998,2,DEVICE
M_61998,M_96593,3,PAN
M_96593,M_48669,3,PAN
M_48669,M_58786,1,IP
M_58786,M_1954,3,PAN
M_1954,M_71618,3,PAN
M_71618,M_95844,3,PAN
M_1635,M_47866,3,PAN
M_47866,M_50082,3,PAN
M_50082,M_94281,1,IP
M_94281,M_70979,3,PAN
M_70979,M_1635,2,DEVICE
M_21995,M_55121,2,DEVICE
M_55121,M_5406,2,DEVICE
M_5406,M_48380,2,DEVICE
M_48380,M_48254,2,DEVICE
M_48254,M_83206,2,DEVICE
M_83206,M_97046,2,DEVICE
M_97046,M_44193,2,DEVICE
M_44193,M_33201,2,DEVICE
M_33201,M_74177,3,PAN
M_74177,M_97559,2,DEVICE
M_97559,M_24103,2,DEVICE
M_24103,M_17820,3,PAN
M_17820,M_39252,1,IP
M_39252,M_21995,3,PAN
M_25582,M_62726,3,PAN
M_62726,M_51332,1,IP
M_51332,M_78841,3,PAN
M_78841,M_56579,3,PAN
M_56579,M_71172,3,PAN
M_71172,M_18854,1,IP
M_18854,M_68566,3,PAN
M_68566,M_65955,2,DEVICE
M_65955,M_72964,2,DEVICE
M_72964,M_21427,2,DEVICE
M_21427,M_45653,1,IP
M_45653,M_68372,1,IP
M_68372,M_25582,3,PAN
M_55961,M_4078,2,DEVICE
M_4078,M_83224,3,PAN
M_83224,M_42008,3,PAN
M_42008,M_16593,2,DEVICE
M_16593,M_18343,3,PAN
M_18343,M_65956,2,DEVICE
M_65956,M_57455,3,PAN
M_57455,M_16089,2,DEVICE
M_16089,M_55961,3,PAN
M_64927,M_64363,1,IP
M_64363,M_78079,3,PAN
M_78079,M_54767,3,PAN
M_54767,M_10133,3,PAN
M_10133,M_37052,3,PAN
M_37052,M_35470,2,DEVICE
M_35470,M_4205,2,DEVICE
M_4205,M_83216,3,PAN
M_83216,M_82932,1,IP
M_82932,M_99832,3,PAN
M_99832,M_55187,3,PAN
M_55187,M_88202,2,DEVICE
M_88202,M_79102,2,DEVICE
M_79102,M_44369,2,DEVICE
M_44369,M_64927,3,PAN
M_30152,M_8502,2,DEVICE
M_8502,M_1342,3,PAN
M_1342,M_13237,3,PAN
M_13237,M_47468,1,IP
M_47468,M_30152,2,DEVICE
M_95126,M_33603,3,PAN
M_33603,M_31198,3,PAN
M_31198,M_64376,2,DEVICE
M_64376,M_98222,3,PAN
M_98222,M_36066,3,PAN
M_36066,M_70438,3,PAN
M_70438,M_15443,2,DEVICE
M_15443,M_58847,2,DEVICE
M_58847,M_95126,3,PAN
M_3445,M_71153,2,DEVICE
M_71153,M_11422,2,DEVICE
M_11422,M_63830,2,DEVICE
M_63830,M_3298,3,PAN
M_3298,M_54721,2,DEVICE
M_54721,M_64434,1,IP
M_64434,M_30716,2,DEVICE
M_30716,M_26130,3,PAN
M_26130,M_74355,2,DEVICE
M_74355,M_78114,3,PAN
M_78114,M_3445,3,PAN
M_37045,M_57153,3,PAN
M_57153,M_64965,1,IP
M_64965,M_72023,3,PAN
M_72023,M_49348,1,IP
M_49348,M_28094,2,DEVICE
M_28094,M_37045,2,DEVICE
M_98715,M_85388,2,DEVICE
M_85388,M_69632,3,PAN
M_69632,M_49044,3,PAN
M_49044,M_13233,3,PAN
M_13233,M_60404,3,PAN
M_60404,M_91210,2,DEVICE
M_91210,M_15952,3,PAN
M_15952,M_9967,3,PAN
M_9967,M_98715,1,IP
M_18287,M_66099,3,PAN
M_66099,M_37661,3,PAN
M_37661,M_50635,3,PAN
M_50635,M_67541,3,PAN
M_67541,M_18287,2,DEVICE
M_49117,M_73813,3,PAN
M_73813,M_9504,2,DEVICE
M_9504,M_98029,3,PAN
M_98029,M_49793,1,IP
M_49793,M_81366,1,IP
M_81366,M_49117,3,PAN
M_50331,M_79810,3,PAN
M_79810,M_67004,3,PAN
M_67004,M_24129,3,PAN
M_24129,M_57714,3,PAN
M_57714,M_51126,2,DEVICE
M_51126,M_74023,3,PAN
M_74023,M_50331,3,PAN
M_24550,M_32894,1,IP
M_32894,M_74124,1,IP
M_74124,M_45306,3,PAN
M_45306,M_36555,2,DEVICE
M_36555,M_71774,3,PAN
M_71774,M_64547,2,DEVICE
M_64547,M_34853,2,DEVICE
M_34853,M_11025,1,IP
M_11025,M_24550,3,PAN
M_51305,M_35288,3,PAN
M_35288,M_66557,1,IP
M_66557,M_45406,3,PAN
M_45406,M_41162,3,PAN
M_41162,M_54675,2,DEVICE
M_54675,M_88016,2,DEVICE
M_88016,M_90521,2,DEVICE
M_90521,M_51305,2,DEVICE
M_67139,M_10039,3,PAN
M_10039,M_43500,2,DEVICE
M_43500,M_15330,2,DEVICE
M_15330,M_28834,1,IP
M_28834,M_39718,3,PAN
M_39718,M_18057,3,PAN
M_18057,M_91372,2,DEVICE
M_91372,M_53303,3,PAN
M_53303,M_11173,3,PAN
M_11173,M_62082,1,IP
M_62082,M_47477,2,DEVICE
M_47477,M_67139,3,PAN
M_13038,M_39616,3,PAN
M_39616,M_99519,3,PAN
M_99519,M_54058,2,DEVICE
M_54058,M_65249,3,PAN
M_65249,M_80175,3,PAN
M_80175,M_84678,3,PAN
M_84678,M_53717,3,PAN
M_53717,M_15194,3,PAN
M_15194,M_82148,3,PAN
M_82148,M_20316,2,DEVICE
M_20316,M_93963,3,PAN
M_93963,M_13038,3,PAN
M_98428,M_42528,3,PAN
M_42528,M_24757,3,PAN
M_24757,M_51068,3,PAN
M_51068,M_97655,3,PAN
M_97655,M_75888,3,PAN
M_75888,M_15803,2,DEVICE
M_15803,M_29855,3,PAN
M_29855,M_98428,2,DEVICE
M_78274,M_13559,2,DEVICE
M_13559,M_99984,3,PAN
M_99984,M_10007,3,PAN
M_10007,M_35287,3,PAN
M_35287,M_63841,3,PAN
M_63841,M_19102,2,DEVICE
M_19102,M_10294,3,PAN
M_10294,M_72107,1,IP
M_72107,M_96608,3,PAN
M_96608,M_78274,2,DEVICE
M_38506,M_79946,2,DEVICE
M_79946,M_48152,1,IP
M_48152,M_2699,1,IP
M_2699,M_50233,3,PAN
M_50233,M_73827,3,PAN
M_73827,M_55387,3,PAN
M_55387,M_50570,3,PAN
M_50570,M_38506,2,DEVICE
M_36362,M_39361,3,PAN
M_39361,M_40717,3,PAN
M_40717,M_42149,2,DEVICE
M_42149,M_15496,3,PAN
M_15496,M_46619,2,DEVICE
M_46619,M_59138,3,PAN
M_59138,M_59806,2,DEVICE
M_59806,M_98757,2,DEVICE
M_98757,M_67761,3,PAN
M_67761,M_74877,2,DEVICE
M_74877,M_73040,3,PAN
M_73040,M_29323,2,DEVICE
M_29323,M_36362,2,DEVICE
M_52820,M_12015,2,DEVICE
M_12015,M_10621,1,IP
M_10621,M_23462,2,DEVICE
M_23462,M_53162,2,DEVICE
M_53162,M_79527,2,DEVICE
M_79527,M_63835,3,PAN
M_63835,M_56531,2,DEVICE
M_56531,M_18244,1,IP
M_18244,M_34923,3,PAN
M_34923,M_62652,3,PAN
M_62652,M_8699,3,PAN
M_8699,M_46620,3,PAN
M_46620,M_52820,3,PAN
M_95140,M_26579,3,PAN
M_26579,M_49194,2,DEVICE
M_49194,M_13792,3,PAN
M_13792,M_30063,3,PAN
M_30063,M_81966,2,DEVICE
M_81966,M_64953,3,PAN
M_64953,M_98544,3,PAN
M_98544,M_10653,2,DEVICE
M_10653,M_95140,1,IP
M_14963,M_57194,3,PAN
M_57194,M_80800,3,PAN
M_80800,M_89636,1,IP
M_89636,M_15200,2,DEVICE
M_15200,M_89184,2,DEVICE
M_89184,M_14963,2,DEVICE
M_57833,M_31180,3,PAN
M_31180,M_17607,3,PAN
M_17607,M_40785,2,DEVICE
M_40785,M_23919,1,IP
M_23919,M_67197,3,PAN
M_67197,M_297,2,DEVICE
M_297,M_70243,3,PAN
M_70243,M_55129,1,IP
M_55129,M_31432,3,PAN
M_31432,M_89844,2,DEVICE
M_89844,M_57833,3,PAN
M_12047,M_77029,2,DEVICE
M_77029,M_45339,3,PAN
M_45339,M_26096,1,IP
M_26096,M_27560,1,IP
M_27560,M_73311,1,IP
M_73311,M_51404,3,PAN
M_51404,M_12047,2,DEVICE
M_40536,M_52202,2,DEVICE
M_52202,M_91342,2,DEVICE
M_91342,M_24855,3,PAN
M_24855,M_49034,2,DEVICE
M_49034,M_48636,3,PAN
M_48636,M_17883,3,PAN
M_17883,M_40346,3,PAN
M_40346,M_44522,3,PAN
M_44522,M_77037,3,PAN
M_77037,M_33974,3,PAN
M_33974,M_40536,2,DEVICE
M_25158,M_49515,3,PAN
M_49515,M_17985,2,DEVICE
M_17985,M_40178,1,IP
M_40178,M_57710,1,IP
M_57710,M_56188,1,IP
M_56188,M_73022,1,IP
M_73022,M_25158,2,DEVICE
M_63220,M_66719,1,IP
M_66719,M_30049,1,IP
M_30049,M_69370,3,PAN
M_69370,M_25652,1,IP
M_25652,M_96623,2,DEVICE
M_96623,M_9095,2,DEVICE
M_9095,M_19991,1,IP
M_19991,M_15080,3,PAN
M_15080,M_96483,3,PAN
M_96483,M_3595,2,DEVICE
M_3595,M_63220,2,DEVICE
M_81087,M_49401,1,IP
M_49401,M_76227,2,DEVICE
M_76227,M_41997,1,IP
M_41997,M_17601,3,PAN
M_17601,M_94823,1,IP
M_94823,M_52079,3,PAN
M_52079,M_91648,2,DEVICE
M_91648,M_44362,3,PAN
M_44362,M_23708,2,DEVICE
M_23708,M_38618,3,PAN
M_38618,M_32616,3,PAN
M_32616,M_78123,2,DEVICE
M_78123,M_2749,2,DEVICE
M_2749,M_32473,3,PAN
M_32473,M_81087,2,DEVICE
M_36152,M_5906,3,PAN
M_5906,M_69851,3,PAN
M_69851,M_72909,3,PAN
M_72909,M_96309,2,DEVICE
M_96309,M_51434,2,DEVICE
M_51434,M_98810,2,DEVICE
M_98810,M_54715,1,IP
M_54715,M_67046,2,DEVICE
M_67046,M_54860,2,DEVICE
M_54860,M_96992,1,IP
M_96992,M_26992,3,PAN
M_26992,M_80304,3,PAN
M_80304,M_31538,3,PAN
M_31538,M_36152,2,DEVICE
M_35851,M_94995,3,PAN
M_94995,M_76720,1,IP
M_76720,M_14596,1,IP
M_14596,M_90952,3,PAN
M_90952,M_14148,3,PAN
M_14148,M_59143,3,PAN
M_59143,M_31988,3,PAN
M_31988,M_44575,1,IP
M_44575,M_35851,2,DEVICE
M_90260,M_27196,3,PAN
M_27196,M_59649,3,PAN
M_59649,M_37086,3,PAN
M_37086,M_13008,3,PAN
M_13008,M_48963,3,PAN
M_48963,M_91549,2,DEVICE
M_91549,M_7889,2,DEVICE
M_7889,M_6093,1,IP
M_6093,M_63225,3,PAN
M_63225,M_32279,2,DEVICE
M_32279,M_90260,3,PAN
M_31442,M_99530,1,IP
M_99530,M_6620,2,DEVICE
M_6620,M_98662,3,PAN
M_98662,M_76234,3,PAN
M_76234,M_25831,2,DEVICE
M_25831,M_37712,1,IP
M_37712,M_58578,2,DEVICE
M_58578,M_46107,3,PAN
M_46107,M_24007,3,PAN
M_24007,M_84098,3,PAN
M_84098,M_1764,3,PAN
M_1764,M_65812,2,DEVICE
M_65812,M_31442,2,DEVICE
M_95758,M_93854,3,PAN
M_93854,M_55554,2,DEVICE
M_55554,M_90343,2,DEVICE
M_90343,M_41937,2,DEVICE
M_41937,M_25399,3,PAN
M_25399,M_93091,3,PAN
M_93091,M_7637,3,PAN
M_7637,M_95758,3,PAN
M_3397,M_41727,3,PAN
M_41727,M_88553,3,PAN
M_88553,M_93815,3,PAN
M_93815,M_17480,1,IP
M_17480,M_75533,2,DEVICE
M_75533,M_2021,3,PAN
M_2021,M_87233,1,IP
M_87233,M_55934,3,PAN
M_55934,M_87011,3,PAN
M_87011,M_94764,1,IP
M_94764,M_3397,3,PAN
M_34709,M_50063,3,PAN
M_50063,M_85460,3,PAN
M_85460,M_13582,2,DEVICE
M_13582,M_66694,2,DEVICE
M_66694,M_7473,3,PAN
M_7473,M_7271,3,PAN
M_7271,M_72247,3,PAN
M_72247,M_34709,2,DEVICE
M_27608,M_92334,1,IP
M_92334,M_45927,2,DEVICE
M_45927,M_17639,3,PAN
M_17639,M_50440,2,DEVICE
M_50440,M_38794,3,PAN
M_38794,M_37150,3,PAN
M_37150,M_23529,3,PAN
M_23529,M_63249,3,PAN
M_63249,M_28170,2,DEVICE
M_28170,M_34025,1,IP
M_34025,M_38350,3,PAN
M_38350,M_6986,3,PAN
M_6986,M_16930,2,DEVICE
M_16930,M_18681,3,PAN
M_18681,M_27608,3,PAN
M_65025,M_49275,1,IP
M_49275,M_97127,1,IP
M_97127,M_74069,1,IP
M_74069,M_73111,3,PAN
M_73111,M_74174,3,PAN
M_74174,M_26745,3,PAN
M_26745,M_65025,1,IP
M_36465,M_23320,3,PAN
M_23320,M_92137,3,PAN
M_92137,M_26440,2,DEVICE
M_26440,M_57384,2,DEVICE
M_57384,M_63572,2,DEVICE
M_63572,M_76959,3,PAN
M_76959,M_82125,2,DEVICE
M_82125,M_70029,3,PAN
M_70029,M_98347,3,PAN
M_98347,M_22236,3,PAN
M_22236,M_15489,2,DEVICE
M_15489,M_36465,3,PAN
M_39358,M_8423,1,IP
M_8423,M_84821,3,PAN
M_84821,M_84045,3,PAN
M_84045,M_86378,2,DEVICE
M_86378,M_96707,2,DEVICE
M_96707,M_39358,3,PAN
M_48219,M_10722,3,PAN
M_10722,M_90160,3,PAN
M_90160,M_94,2,DEVICE
M_94,M_95422,2,DEVICE
M_95422,M_49007,3,PAN
M_49007,M_44641,3,PAN
M_44641,M_69543,2,DEVICE
M_69543,M_68625,3,PAN
M_68625,M_22925,1,IP
M_22925,M_12226,2,DEVICE
M_12226,M_1729,1,IP
M_1729,M_48219,3,PAN
M_24931,M_15393,1,IP
M_15393,M_80725,3,PAN
M_80725,M_29889,3,PAN
M_29889,M_53208,3,PAN
M_53208,M_42251,3,PAN
M_42251,M_28435,1,IP
M_28435,M_96939,2,DEVICE
M_96939,M_3663,2,DEVICE
M_3663,M_19171,2,DEVICE
M_19171,M_92981,2,DEVICE
M_92981,M_24931,2,DEVICE
M_7510,M_98440,2,DEVICE
M_98440,M_73550,2,DEVICE
M_73550,M_97626,3,PAN
M_97626,M_45687,1,IP
M_45687,M_62218,3,PAN
M_62218,M_37593,3,PAN
M_37593,M_95838,1,IP
M_95838,M_47717,3,PAN
M_47717,M_73829,3,PAN
M_73829,M_14513,3,PAN
M_14513,M_94086,3,PAN
M_94086,M_42171,1,IP
M_42171,M_84415,1,IP
M_84415,M_40648,3,PAN
M_40648,M_7510,1,IP
M_35974,M_38478,2,DEVICE
M_38478,M_52118,1,IP
M_52118,M_53323,3,PAN
M_53323,M_68755,3,PAN
M_68755,M_3576,3,PAN
M_3576,M_82340,3,PAN
M_82340,M_94479,2,DEVICE
M_94479,M_97711,3,PAN
M_97711,M_43592,2,DEVICE
M_43592,M_87645,2,DEVICE
M_87645,M_58799,3,PAN
M_58799,M_26535,3,PAN
M_26535,M_85534,2,DEVICE
M_85534,M_35974,1,IP
M_28493,M_9306,1,IP
M_9306,M_59448,1,IP
M_59448,M_97556,2,DEVICE
M_97556,M_18744,3,PAN
M_18744,M_28493,2,DEVICE
M_41281,M_64394,1,IP
M_64394,M_21858,3,PAN
M_21858,M_2821,1,IP
M_2821,M_91279,1,IP
M_91279,M_53051,3,PAN
M_53051,M_69658,2,DEVICE
M_69658,M_55479,2,DEVICE
M_55479,M_41281,2,DEVICE
M_71645,M_90783,3,PAN
M_90783,M_75044,3,PAN
M_75044,M_60950,3,PAN
M_60950,M_27591,1,IP
M_27591,M_71645,3,PAN
M_14643,M_82514,1,IP
M_82514,M_50863,3,PAN
M_50863,M_45182,3,PAN
M_45182,M_54176,1,IP
M_54176,M_73038,2,DEVICE
M_73038,M_51774,3,PAN
M_51774,M_75963,3,PAN
M_75963,M_50051,3,PAN
M_50051,M_63861,3,PAN
M_63861,M_83621,3,PAN
M_83621,M_1042,2,DEVICE
M_1042,M_91427,3,PAN
M_91427,M_95589,3,PAN
M_95589,M_14643,3,PAN
M_45196,M_73208,1,IP
M_73208,M_86100,3,PAN
M_86100,M_77737,3,PAN
M_77737,M_93768,2,DEVICE
M_93768,M_45196,1,IP
M_63255,M_49180,2,DEVICE
M_49180,M_8126,1,IP
M_8126,M_76782,1,IP
M_76782,M_87390,2,DEVICE
M_87390,M_10275,1,IP
M_10275,M_26295,3,PAN
M_26295,M_41975,1,IP
M_41975,M_23814,1,IP
M_23814,M_63255,1,IP
M_49914,M_67845,2,DEVICE
M_67845,M_97939,3,PAN
M_97939,M_80418,2,DEVICE
M_80418,M_49114,3,PAN
M_49114,M_98568,2,DEVICE
M_98568,M_81747,2,DEVICE
M_81747,M_62904,3,PAN
M_62904,M_15163,3,PAN
M_15163,M_95459,3,PAN
M_95459,M_49914,2,DEVICE
M_21524,M_43877,2,DEVICE
M_43877,M_29973,2,DEVICE
M_29973,M_84302,3,PAN
M_84302,M_43084,1,IP
M_43084,M_65254,2,DEVICE
M_65254,M_66348,3,PAN
M_66348,M_83233,3,PAN
M_83233,M_72712,3,PAN
M_72712,M_29531,3,PAN
M_29531,M_21524,3,PAN
M_23551,M_16103,3,PAN
M_16103,M_80416,3,PAN
M_80416,M_19379,3,PAN
M_19379,M_36225,1,IP
M_36225,M_44058,2,DEVICE
M_44058,M_73267,3,PAN
M_73267,M_86134,2,DEVICE
M_86134,M_62285,2,DEVICE
M_62285,M_31339,3,PAN
M_31339,M_78285,3,PAN
M_78285,M_78596,3,PAN
M_78596,M_40504,2,DEVICE
M_40504,M_44640,3,PAN
M_44640,M_23551,3,PAN
M_78928,M_34410,2,DEVICE
M_34410,M_87266,1,IP
M_87266,M_48649,3,PAN
M_48649,M_92806,2,DEVICE
M_92806,M_58101,3,PAN
M_58101,M_6039,2,DEVICE
M_6039,M_78928,2,DEVICE
M_79084,M_85801,3,PAN
M_85801,M_15525,3,PAN
M_15525,M_23490,1,IP
M_23490,M_90481,3,PAN
M_90481,M_56157,1,IP
M_56157,M_19639,3,PAN
M_19639,M_79695,3,PAN
M_79695,M_58053,3,PAN
M_58053,M_7965,3,PAN
M_7965,M_5458,1,IP
M_5458,M_1674,3,PAN
M_1674,M_70681,2,DEVICE
M_70681,M_77614,2,DEVICE
M_77614,M_77289,1,IP
M_77289,M_79084,2,DEVICE
M_7526,M_35682,1,IP
M_35682,M_65226,1,IP
M_65226,M_37925,3,PAN
M_37925,M_68871,1,IP
M_68871,M_59163,1,IP
M_59163,M_25686,3,PAN
M_25686,M_19357,2,DEVICE
M_19357,M_97495,3,PAN
M_97495,M_89039,2,DEVICE
M_89039,M_90112,3,PAN
M_90112,M_47276,2,DEVICE
M_47276,M_42387,3,PAN
M_42387,M_7526,2,DEVICE
M_79797,M_34501,2,DEVICE
M_34501,M_19015,3,PAN
M_19015,M_71079,2,DEVICE
M_71079,M_16167,3,PAN
M_16167,M_79797,3,PAN
M_34510,M_62769,3,PAN
M_62769,M_1191,1,IP
M_1191,M_20885,3,PAN
M_20885,M_61110,2,DEVICE
M_61110,M_34510,3,PAN
M_24356,M_27148,3,PAN
M_27148,M_50339,3,PAN
M_50339,M_61395,3,PAN
M_61395,M_16029,3,PAN
M_16029,M_17658,3,PAN
M_17658,M_68462,3,PAN
M_68462,M_33248,2,DEVICE
M_33248,M_11421,1,IP
M_11421,M_48190,3,PAN
M_48190,M_48164,1,IP
M_48164,M_34846,3,PAN
M_34846,M_4072,3,PAN
M_4072,M_58883,3,PAN
M_58883,M_55687,3,PAN
M_55687,M_24356,3,PAN
M_81814,M_80391,1,IP
M_80391,M_54427,2,DEVICE
M_54427,M_27345,2,DEVICE
M_27345,M_56625,3,PAN
M_56625,M_53329,3,PAN
M_53329,M_71675,2,DEVICE
M_71675,M_57972,3,PAN
M_57972,M_64096,3,PAN
M_64096,M_91867,3,PAN
M_91867,M_92077,3,PAN
M_92077,M_69908,2,DEVICE
M_69908,M_81814,3,PAN
M_22138,M_67462,1,IP
M_67462,M_68505,1,IP
M_68505,M_2101,3,PAN
M_2101,M_17838,3,PAN
M_17838,M_65215,2,DEVICE
M_65215,M_42941,3,PAN
M_42941,M_22138,3,PAN
M_91097,M_93987,3,PAN
M_93987,M_47884,3,PAN
M_47884,M_39683,1,IP
M_39683,M_59052,2,DEVICE
M_59052,M_44430,1,IP
M_44430,M_91097,2,DEVICE
M_97742,M_56488,2,DEVICE
M_56488,M_54394,2,DEVICE
M_54394,M_90919,3,PAN
M_90919,M_79284,3,PAN
M_79284,M_89360,2,DEVICE
M_89360,M_41523,3,PAN
M_41523,M_19798,3,PAN
M_19798,M_10980,3,PAN
M_10980,M_64972,2,DEVICE
M_64972,M_53217,3,PAN
M_53217,M_3456,3,PAN
M_3456,M_32436,3,PAN
M_32436,M_97742,3,PAN
M_41958,M_99172,1,IP
M_99172,M_88786,3,PAN
M_88786,M_37861,3,PAN
M_37861,M_90889,3,PAN
M_90889,M_18250,1,IP
M_18250,M_68489,2,DEVICE
M_68489,M_3581,3,PAN
M_3581,M_21482,3,PAN
M_21482,M_49077,2,DEVICE
M_49077,M_89965,1,IP
M_89965,M_41958,3,PAN
M_34946,M_61356,3,PAN
M_61356,M_66396,3,PAN
M_66396,M_92826,2,DEVICE
M_92826,M_34734,1,IP
M_34734,M_38321,1,IP
M_38321,M_60614,2,DEVICE
M_60614,M_67789,3,PAN
M_67789,M_61429,1,IP
M_61429,M_17050,3,PAN
M_17050,M_97853,3,PAN
M_97853,M_71528,2,DEVICE
M_71528,M_34946,3,PAN
M_97804,M_39995,1,IP
M_39995,M_39716,1,IP
M_39716,M_82368,2,DEVICE
M_82368,M_41939,2,DEVICE
M_41939,M_59165,3,PAN
M_59165,M_97804,3,PAN
M_49805,M_38424,2,DEVICE
M_38424,M_4478,1,IP
M_4478,M_86497,3,PAN
M_86497,M_61040,3,PAN
M_61040,M_4073,3,PAN
M_4073,M_82020,2,DEVICE
M_82020,M_39465,2,DEVICE
M_39465,M_5645,1,IP
M_5645,M_16261,3,PAN
M_16261,M_60957,3,PAN
M_60957,M_96614,3,PAN
M_96614,M_49805,3,PAN
M_408,M_20981,3,PAN
M_20981,M_93460,2,DEVICE
M_93460,M_790,3,PAN
M_790,M_42632,3,PAN
M_42632,M_38063,2,DEVICE
M_38063,M_6699,1,IP
M_6699,M_10842,3,PAN
M_10842,M_42652,3,PAN
M_42652,M_83380,2,DEVICE
M_83380,M_4816,2,DEVICE
M_4816,M_69598,1,IP
M_69598,M_143,3,PAN
M_143,M_408,2,DEVICE
M_11517,M_99394,3,PAN
M_99394,M_36116,3,PAN
M_36116,M_22590,1,IP
M_22590,M_12398,3,PAN
M_12398,M_13523,2,DEVICE
M_13523,M_86430,1,IP
M_86430,M_11517,3,PAN
M_16632,M_95045,2,DEVICE
M_95045,M_30446,3,PAN
M_30446,M_25086,1,IP
M_25086,M_57055,1,IP
M_57055,M_15925,1,IP
M_15925,M_8660,3,PAN
M_8660,M_35053,2,DEVICE
M_35053,M_86490,1,IP
M_86490,M_90104,2,DEVICE
M_90104,M_87047,2,DEVICE
M_87047,M_60361,3,PAN
M_60361,M_39096,1,IP
M_39096,M_390,3,PAN
M_390,M_16632,3,PAN
M_82748,M_99527,1,IP
M_99527,M_15172,1,IP
M_15172,M_56165,3,PAN
M_56165,M_93056,3,PAN
M_93056,M_6555,3,PAN
M_6555,M_59729,3,PAN
M_59729,M_68526,1,IP
M_68526,M_87619,2,DEVICE
M_87619,M_68140,3,PAN
M_68140,M_85230,3,PAN
M_85230,M_51109,3,PAN
M_51109,M_36219,1,IP
M_36219,M_70502,2,DEVICE
M_70502,M_57892,3,PAN
M_57892,M_82748,3,PAN
M_73563,M_35245,3,PAN
M_35245,M_10061,3,PAN
M_10061,M_34376,1,IP
M_34376,M_87483,2,DEVICE
M_87483,M_31027,3,PAN
M_31027,M_67429,2,DEVICE
M_67429,M_57525,3,PAN
M_57525,M_52449,3,PAN
M_52449,M_42139,2,DEVICE
M_42139,M_85826,3,PAN
M_85826,M_67812,3,PAN
M_67812,M_1354,1,IP
M_1354,M_55605,1,IP
M_55605,M_76981,3,PAN
M_76981,M_73563,2,DEVICE
M_66382,M_74872,2,DEVICE
M_74872,M_48481,3,PAN
M_48481,M_29777,2,DEVICE
M_29777,M_614,3,PAN
M_614,M_43407,1,IP
M_43407,M_64439,1,IP
M_64439,M_12824,3,PAN
M_12824,M_50620,2,DEVICE
M_50620,M_43604,3,PAN
M_43604,M_84366,2,DEVICE
M_84366,M_99218,3,PAN
M_99218,M_50299,3,PAN
M_50299,M_66382,2,DEVICE
M_60924,M_35993,3,PAN
M_35993,M_68816,2,DEVICE
M_68816,M_2958,2,DEVICE
M_2958,M_33809,3,PAN
M_33809,M_11047,3,PAN
M_11047,M_18845,2,DEVICE
M_18845,M_60924,2,DEVICE
M_5805,M_15881,3,PAN
M_15881,M_90195,2,DEVICE
M_90195,M_14102,2,DEVICE
M_14102,M_83323,1,IP
M_83323,M_4666,3,PAN
M_4666,M_50361,2,DEVICE
M_50361,M_59329,2,DEVICE
M_59329,M_27695,3,PAN
M_27695,M_5805,3,PAN
M_67165,M_84842,3,PAN
M_84842,M_28791,1,IP
M_28791,M_37290,3,PAN
M_37290,M_74592,2,DEVICE
M_74592,M_67165,2,DEVICE
M_56870,M_86219,1,IP
M_86219,M_63506,2,DEVICE
M_63506,M_47923,3,PAN
M_47923,M_44095,2,DEVICE
M_44095,M_56870,2,DEVICE
M_21899,M_98733,3,PAN
M_98733,M_18045,2,DEVICE
M_18045,M_58526,2,DEVICE
M_58526,M_4787,3,PAN
M_4787,M_79033,1,IP
M_79033,M_94981,2,DEVICE
M_94981,M_84523,2,DEVICE
M_84523,M_83891,3,PAN
M_83891,M_21899,3,PAN
M_97404,M_55985,2,DEVICE
M_55985,M_85648,2,DEVICE
M_85648,M_14676,2,DEVICE
M_14676,M_33715,3,PAN
M_33715,M_90395,2,DEVICE
M_90395,M_97404,1,IP
M_82733,M_64502,2,DEVICE
M_64502,M_25302,2,DEVICE
M_25302,M_96668,1,IP
M_96668,M_37723,3,PAN
M_37723,M_78472,2,DEVICE
M_78472,M_46323,1,IP
M_46323,M_37389,2,DEVICE
M_37389,M_61517,3,PAN
M_61517,M_82733,1,IP
M_93054,M_16185,3,PAN
M_16185,M_54215,3,PAN
M_54215,M_65516,3,PAN
M_65516,M_3635,3,PAN
M_3635,M_93054,3,PAN
M_42311,M_17727,1,IP
M_17727,M_70348,3,PAN
M_70348,M_72418,2,DEVICE
M_72418,M_6728,1,IP
M_6728,M_87746,1,IP
M_87746,M_42311,3,PAN
M_4878,M_79841,2,DEVICE
M_79841,M_5415,1,IP
M_5415,M_57734,2,DEVICE
M_57734,M_9169,3,PAN
M_9169,M_20515,2,DEVICE
M_20515,M_31451,2,DEVICE
M_31451,M_63002,2,DEVICE
M_63002,M_35700,1,IP
M_35700,M_26119,2,DEVICE
M_26119,M_46907,2,DEVICE
M_46907,M_1906,2,DEVICE
M_1906,M_47356,2,DEVICE
M_47356,M_38282,2,DEVICE
M_38282,M_41702,3,PAN
M_41702,M_4878,2,DEVICE
M_84158,M_32084,2,DEVICE
M_32084,M_53803,3,PAN
M_53803,M_42214,3,PAN
M_42214,M_28938,2,DEVICE
M_28938,M_84158,2,DEVICE
M_84953,M_38769,3,PAN
M_38769,M_81726,3,PAN
M_81726,M_94137,1,IP
M_94137,M_38882,1,IP
M_38882,M_80713,2,DEVICE
M_80713,M_15245,3,PAN
M_15245,M_46574,2,DEVICE
M_46574,M_24253,2,DEVICE
M_24253,M_80071,1,IP
M_80071,M_7350,3,PAN
M_7350,M_56996,3,PAN
M_56996,M_84953,2,DEVICE
M_57801,M_4956,3,PAN
M_4956,M_76802,2,DEVICE
M_76802,M_36606,2,DEVICE
M_36606,M_30329,3,PAN
M_30329,M_37349,3,PAN
M_37349,M_50057,2,DEVICE
M_50057,M_57936,1,IP
M_57936,M_57801,3,PAN
M_93580,M_47070,2,DEVICE
M_47070,M_6286,3,PAN
M_6286,M_66383,2,DEVICE
M_66383,M_54276,2,DEVICE
M_54276,M_48299,3,PAN
M_48299,M_65674,2,DEVICE
M_65674,M_18320,2,DEVICE
M_18320,M_68907,3,PAN
M_68907,M_61163,2,DEVICE
M_61163,M_75349,1,IP
M_75349,M_88449,2,DEVICE
M_88449,M_93580,3,PAN
M_54815,M_31568,2,DEVICE
M_31568,M_46360,3,PAN
M_46360,M_2247,2,DEVICE
M_2247,M_93776,2,DEVICE
M_93776,M_17928,3,PAN
M_17928,M_58125,3,PAN
M_58125,M_54815,1,IP
M_64271,M_82412,1,IP
M_82412,M_97952,2,DEVICE
M_97952,M_52420,2,DEVICE
M_52420,M_4306,3,PAN
M_4306,M_29595,3,PAN
M_29595,M_30608,3,PAN
M_30608,M_76672,2,DEVICE
M_76672,M_64271,1,IP
M_89968,M_83163,1,IP
M_83163,M_30920,3,PAN
M_30920,M_8904,3,PAN
M_8904,M_43917,3,PAN
M_43917,M_25332,1,IP
M_25332,M_10979,3,PAN
M_10979,M_89968,3,PAN
M_34040,M_39494,2,DEVICE
M_39494,M_69752,3,PAN
M_69752,M_21491,2,DEVICE
M_21491,M_65043,3,PAN
M_65043,M_26256,3,PAN
M_26256,M_1339,3,PAN
M_1339,M_39622,3,PAN
M_39622,M_86619,1,IP
M_86619,M_85581,2,DEVICE
M_85581,M_80217,2,DEVICE
M_80217,M_7344,3,PAN
M_7344,M_51677,2,DEVICE
M_51677,M_37754,1,IP
M_37754,M_34040,3,PAN
M_18529,M_69073,1,IP
M_69073,M_22087,2,DEVICE
M_22087,M_11073,2,DEVICE
M_11073,M_38325,3,PAN
M_38325,M_17638,2,DEVICE
M_17638,M_61368,2,DEVICE
M_61368,M_13302,1,IP
M_13302,M_51734,1,IP
M_51734,M_98049,3,PAN
M_98049,M_87780,1,IP
M_87780,M_18529,1,IP
M_5080,M_64476,3,PAN
M_64476,M_69963,3,PAN
M_69963,M_91913,3,PAN
M_91913,M_66195,3,PAN
M_66195,M_3870,1,IP
M_3870,M_73765,3,PAN
M_73765,M_77930,2,DEVICE
M_77930,M_33103,2,DEVICE
M_33103,M_5080,2,DEVICE
M_28243,M_25085,3,PAN
M_25085,M_15916,2,DEVICE
M_15916,M_28088,2,DEVICE
M_28088,M_76804,2,DEVICE
M_76804,M_21449,3,PAN
M_21449,M_6950,2,DEVICE
M_6950,M_49250,3,PAN
M_49250,M_45691,2,DEVICE
M_45691,M_14097,3,PAN
M_14097,M_75185,3,PAN
M_75185,M_28243,1,IP
M_10297,M_34515,1,IP
M_34515,M_59221,1,IP
M_59221,M_96398,3,PAN
M_96398,M_49553,3,PAN
M_49553,M_1373,3,PAN
M_1373,M_59920,1,IP
M_59920,M_7580,2,DEVICE
M_7580,M_39545,3,PAN
M_39545,M_25014,2,DEVICE
M_25014,M_10297,3,PAN
M_88711,M_27650,2,DEVICE
M_27650,M_86228,2,DEVICE
M_86228,M_2735,3,PAN
M_2735,M_23599,1,IP
M_23599,M_76327,3,PAN
M_76327,M_88711,2,DEVICE
M_31382,M_40923,1,IP
M_40923,M_58739,3,PAN
M_58739,M_71174,1,IP
M_71174,M_10438,3,PAN
M_10438,M_31382,1,IP
M_87517,M_72667,3,PAN
M_72667,M_68447,2,DEVICE
M_68447,M_70038,3,PAN
M_70038,M_73744,1,IP
M_73744,M_15162,1,IP
M_15162,M_90543,3,PAN
M_90543,M_3742,2,DEVICE
M_3742,M_31858,2,DEVICE
M_31858,M_69965,3,PAN
M_69965,M_41970,2,DEVICE
M_41970,M_14688,2,DEVICE
M_14688,M_87517,2,DEVICE
M_75776,M_24560,1,IP
M_24560,M_79285,3,PAN
M_79285,M_27462,2,DEVICE
M_27462,M_67190,3,PAN
M_67190,M_58520,3,PAN
M_58520,M_18967,3,PAN
M_18967,M_65509,3,PAN
M_65509,M_18713,2,DEVICE
M_18713,M_34372,2,DEVICE
M_34372,M_75776,2,DEVICE
M_14839,M_66879,2,DEVICE
M_66879,M_57158,3,PAN
M_57158,M_41776,3,PAN
M_41776,M_9357,2,DEVICE
M_9357,M_8427,2,DEVICE
M_8427,M_14839,2,DEVICE
M_4577,M_90759,1,IP
M_90759,M_42605,3,PAN
M_42605,M_43649,2,DEVICE
M_43649,M_89042,3,PAN
M_89042,M_80455,2,DEVICE
M_80455,M_90484,3,PAN
M_90484,M_19556,2,DEVICE
M_19556,M_31407,3,PAN
M_31407,M_4577,2,DEVICE
M_89763,M_56025,3,PAN
M_56025,M_51864,2,DEVICE
M_51864,M_81204,3,PAN
M_81204,M_45752,3,PAN
M_45752,M_85199,2,DEVICE
M_85199,M_65970,3,PAN
M_65970,M_89763,3,PAN
M_17674,M_643,1,IP
M_643,M_88609,1,IP
M_88609,M_36409,3,PAN
M_36409,M_53668,2,DEVICE
M_53668,M_29004,2,DEVICE
M_29004,M_8703,3,PAN
M_8703,M_26696,2,DEVICE
M_26696,M_67858,3,PAN
M_67858,M_63975,1,IP
M_63975,M_17674,2,DEVICE
M_56605,M_85928,3,PAN
M_85928,M_13917,3,PAN
M_13917,M_8771,3,PAN
M_8771,M_87593,3,PAN
M_87593,M_70449,2,DEVICE
M_70449,M_43371,2,DEVICE
M_43371,M_36776,2,DEVICE
M_36776,M_87913,3,PAN
M_87913,M_11431,2,DEVICE
M_11431,M_74950,3,PAN
M_74950,M_12644,3,PAN
M_12644,M_54476,1,IP
M_54476,M_88289,2,DEVICE
M_88289,M_56605,2,DEVICE
M_82287,M_17786,3,PAN
M_17786,M_58958,1,IP
M_58958,M_16922,2,DEVICE
M_16922,M_42841,2,DEVICE
M_42841,M_23109,3,PAN
M_23109,M_82204,3,PAN
M_82204,M_97910,3,PAN
M_97910,M_63136,3,PAN
M_63136,M_30958,3,PAN
M_30958,M_35995,2,DEVICE
M_35995,M_82287,2,DEVICE
M_27675,M_82136,3,PAN
M_82136,M_25101,2,DEVICE
M_25101,M_80828,1,IP
M_80828,M_7640,2,DEVICE
M_7640,M_59084,2,DEVICE
M_59084,M_99155,2,DEVICE
M_99155,M_67870,3,PAN
M_67870,M_76580,3,PAN
M_76580,M_48762,1,IP
M_48762,M_8489,2,DEVICE
M_8489,M_10427,2,DEVICE
M_10427,M_56063,1,IP
M_56063,M_8358,3,PAN
M_8358,M_10209,3,PAN
M_10209,M_27675,2,DEVICE
M_16178,M_95442,2,DEVICE
M_95442,M_38411,1,IP
M_38411,M_86072,2,DEVICE
M_86072,M_39989,3,PAN
M_39989,M_50259,2,DEVICE
M_50259,M_69860,3,PAN
M_69860,M_56925,1,IP
M_56925,M_16178,3,PAN
M_21543,M_56139,1,IP
M_56139,M_41274,3,PAN
M_41274,M_60379,3,PAN
M_60379,M_36341,2,DEVICE
M_36341,M_21543,3,PAN
M_68506,M_86672,1,IP
M_86672,M_28156,1,IP
M_28156,M_77642,3,PAN
M_77642,M_49235,2,DEVICE
M_49235,M_68506,1,IP
M_71731,M_26013,1,IP
M_26013,M_63452,3,PAN
M_63452,M_60410,3,PAN
M_60410,M_34669,1,IP
M_34669,M_9361,3,PAN
M_9361,M_12879,3,PAN
M_12879,M_68618,2,DEVICE
M_68618,M_98087,3,PAN
M_98087,M_28563,1,IP
M_28563,M_71731,3,PAN
M_50539,M_93150,1,IP
M_93150,M_70700,1,IP
M_70700,M_72312,1,IP
M_72312,M_77719,1,IP
M_77719,M_28071,3,PAN
M_28071,M_33897,1,IP
M_33897,M_37942,1,IP
M_37942,M_19212,2,DEVICE
M_19212,M_59744,3,PAN
M_59744,M_85261,3,PAN
M_85261,M_92394,2,DEVICE
M_92394,M_20091,2,DEVICE
M_20091,M_87250,3,PAN
M_87250,M_50539,3,PAN
M_78949,M_58743,2,DEVICE
M_58743,M_58720,3,PAN
M_58720,M_75413,1,IP
M_75413,M_33280,3,PAN
M_33280,M_8436,3,PAN
M_8436,M_39529,3,PAN
M_39529,M_46525,1,IP
M_46525,M_9879,1,IP
M_9879,M_96812,3,PAN
M_96812,M_70529,3,PAN
M_70529,M_64723,3,PAN
M_64723,M_50200,3,PAN
M_50200,M_78949,2,DEVICE
M_38120,M_38186,2,DEVICE
M_38186,M_39544,3,PAN
M_39544,M_82367,3,PAN
M_82367,M_80425,3,PAN
M_80425,M_29486,3,PAN
M_29486,M_25145,3,PAN
M_25145,M_70467,3,PAN
M_70467,M_97841,3,PAN
M_97841,M_60792,1,IP
M_60792,M_68195,3,PAN
M_68195,M_36429,3,PAN
M_36429,M_38120,3,PAN
M_78826,M_98479,2,DEVICE
M_98479,M_99470,1,IP
M_99470,M_4815,2,DEVICE
M_4815,M_3188,2,DEVICE
M_3188,M_78826,1,IP
M_60700,M_74839,1,IP
M_74839,M_99113,2,DEVICE
M_99113,M_47558,3,PAN
M_47558,M_61516,3,PAN
M_61516,M_30651,3,PAN
M_30651,M_35194,3,PAN
M_35194,M_84645,1,IP
M_84645,M_73606,3,PAN
M_73606,M_35243,2,DEVICE
M_35243,M_60700,1,IP
M_64724,M_6012,3,PAN
M_6012,M_63062,3,PAN
M_63062,M_18336,2,DEVICE
M_18336,M_68333,1,IP
M_68333,M_84682,3,PAN
M_84682,M_6771,3,PAN
M_6771,M_64066,2,DEVICE
M_64066,M_55710,1,IP
M_55710,M_64724,3,PAN
M_47821,M_51898,1,IP
M_51898,M_25057,3,PAN
M_25057,M_41312,3,PAN
M_41312,M_86023,2,DEVICE
M_86023,M_28153,3,PAN
M_28153,M_48506,3,PAN
M_48506,M_47821,2,DEVICE
M_9470,M_68278,2,DEVICE
M_68278,M_36108,2,DEVICE
M_36108,M_71844,3,PAN
M_71844,M_61545,2,DEVICE
M_61545,M_55798,2,DEVICE
M_55798,M_71254,1,IP
M_71254,M_90057,2,DEVICE
M_90057,M_70890,2,DEVICE
M_70890,M_9470,1,IP
M_92221,M_68788,3,PAN
M_68788,M_83630,1,IP
M_83630,M_81729,1,IP
M_81729,M_70950,3,PAN
M_70950,M_96337,3,PAN
M_96337,M_89889,2,DEVICE
M_89889,M_19122,3,PAN
M_19122,M_1944,2,DEVICE
M_1944,M_92221,2,DEVICE
M_3945,M_62803,3,PAN
M_62803,M_22145,3,PAN
M_22145,M_92406,1,IP
M_92406,M_9097,3,PAN
M_9097,M_65448,2,DEVICE
M_65448,M_60159,3,PAN
M_60159,M_48329,3,PAN
M_48329,M_477,2,DEVICE
M_477,M_28488,3,PAN
M_28488,M_67501,2,DEVICE
M_67501,M_34138,2,DEVICE
M_34138,M_27434,3,PAN
M_27434,M_57766,3,PAN
M_57766,M_3945,2,DEVICE
M_17304,M_79989,2,DEVICE
M_79989,M_28216,2,DEVICE
M_28216,M_15686,3,PAN
M_15686,M_22923,3,PAN
M_22923,M_17304,2,DEVICE
M_9307,M_83085,2,DEVICE
M_83085,M_47518,1,IP
M_47518,M_65326,3,PAN
M_65326,M_34795,2,DEVICE
M_34795,M_6658,2,DEVICE
M_6658,M_65502,3,PAN
M_65502,M_65339,2,DEVICE
M_65339,M_90376,2,DEVICE
M_90376,M_42579,3,PAN
M_42579,M_44159,3,PAN
M_44159,M_67561,3,PAN
M_67561,M_9307,1,IP
M_71884,M_83855,3,PAN
M_83855,M_83643,3,PAN
M_83643,M_87385,3,PAN
M_87385,M_32214,3,PAN
M_32214,M_83041,2,DEVICE
M_83041,M_34505,3,PAN
M_34505,M_98853,3,PAN
M_98853,M_90258,3,PAN
M_90258,M_37046,3,PAN
M_37046,M_70265,3,PAN
M_70265,M_71884,2,DEVICE
M_56843,M_17712,2,DEVICE
M_17712,M_70515,2,DEVICE
M_70515,M_37879,3,PAN
M_37879,M_32144,1,IP
M_32144,M_92270,2,DEVICE
M_92270,M_41641,3,PAN
M_41641,M_56843,3,PAN
M_77872,M_34333,3,PAN
M_34333,M_21239,3,PAN
M_21239,M_16079,2,DEVICE
M_16079,M_4808,3,PAN
M_4808,M_71080,1,IP
M_71080,M_95401,3,PAN
M_95401,M_79035,3,PAN
M_79035,M_77872,3,PAN
M_92385,M_80057,3,PAN
M_80057,M_57703,1,IP
M_57703,M_58554,1,IP
M_58554,M_71358,1,IP
M_71358,M_91967,2,DEVICE
M_91967,M_43263,3,PAN
M_43263,M_49983,3,PAN
M_49983,M_76334,3,PAN
M_76334,M_91550,1,IP
M_91550,M_33846,3,PAN
M_33846,M_28714,3,PAN
M_28714,M_78166,2,DEVICE
M_78166,M_92385,2,DEVICE
M_90235,M_96595,2,DEVICE
M_96595,M_52940,2,DEVICE
M_52940,M_19923,1,IP
M_19923,M_77334,3,PAN
M_77334,M_71527,3,PAN
M_71527,M_13453,3,PAN
M_13453,M_90235,1,IP
M_19648,M_67890,1,IP
M_67890,M_17454,2,DEVICE
M_17454,M_12767,3,PAN
M_12767,M_25298,3,PAN
M_25298,M_46928,2,DEVICE
M_46928,M_89550,3,PAN
M_89550,M_19648,2,DEVICE
M_5096,M_49095,3,PAN
M_49095,M_95580,3,PAN
M_95580,M_27719,3,PAN
M_27719,M_18392,3,PAN
M_18392,M_67245,2,DEVICE
M_67245,M_9792,3,PAN
M_9792,M_24709,3,PAN
M_24709,M_64069,3,PAN
M_64069,M_97381,3,PAN
M_97381,M_85081,2,DEVICE
M_85081,M_69222,2,DEVICE
M_69222,M_55453,2,DEVICE
M_55453,M_2912,2,DEVICE
M_2912,M_68064,3,PAN
M_68064,M_5096,2,DEVICE
M_46246,M_27428,3,PAN
M_27428,M_4303,1,IP
M_4303,M_55390,3,PAN
M_55390,M_78780,3,PAN
M_78780,M_61436,3,PAN
M_61436,M_83013,2,DEVICE
M_83013,M_85533,3,PAN
M_85533,M_72518,1,IP
M_72518,M_45796,3,PAN
M_45796,M_76460,1,IP
M_76460,M_38834,2,DEVICE
M_38834,M_28161,3,PAN
M_28161,M_62970,3,PAN
M_62970,M_46246,3,PAN
M_82790,M_34455,1,IP
M_34455,M_80646,3,PAN
M_80646,M_51309,3,PAN
M_51309,M_2148,3,PAN
M_2148,M_5830,3,PAN
M_5830,M_82790,2,DEVICE
M_12263,M_29931,3,PAN
M_29931,M_38081,3,PAN
M_38081,M_18974,1,IP
M_18974,M_92158,2,DEVICE
M_92158,M_25027,2,DEVICE
M_25027,M_47534,3,PAN
M_47534,M_38636,1,IP
M_38636,M_29292,2,DEVICE
M_29292,M_20152,2,DEVICE
M_20152,M_22388,3,PAN
M_22388,M_75579,1,IP
M_75579,M_37887,2,DEVICE
M_37887,M_35595,1,IP
M_35595,M_12263,2,DEVICE
M_94630,M_87330,2,DEVICE
M_87330,M_58362,1,IP
M_58362,M_29010,3,PAN
M_29010,M_24315,3,PAN
M_24315,M_20031,2,DEVICE
M_20031,M_46538,2,DEVICE
M_46538,M_14090,2,DEVICE
M_14090,M_68092,2,DEVICE
M_68092,M_35619,2,DEVICE
M_35619,M_97832,2,DEVICE
M_97832,M_59934,3,PAN
M_59934,M_69245,1,IP
M_69245,M_23660,3,PAN
M_23660,M_88139,2,DEVICE
M_88139,M_94630,1,IP
M_3104,M_45902,3,PAN
M_45902,M_3847,3,PAN
M_3847,M_941,3,PAN
M_941,M_62094,2,DEVICE
M_62094,M_95841,3,PAN
M_95841,M_14150,3,PAN
M_14150,M_7328,1,IP
M_7328,M_67232,3,PAN
M_67232,M_25382,2,DEVICE
M_25382,M_17912,2,DEVICE
M_17912,M_66387,3,PAN
M_66387,M_89974,3,PAN
M_89974,M_3104,1,IP
M_18412,M_38947,3,PAN
M_38947,M_64208,2,DEVICE
M_64208,M_34673,2,DEVICE
M_34673,M_69367,3,PAN
M_69367,M_28440,2,DEVICE
M_28440,M_81989,3,PAN
M_81989,M_95733,3,PAN
M_95733,M_20904,1,IP
M_20904,M_9902,3,PAN
M_9902,M_71284,3,PAN
M_71284,M_33427,3,PAN
M_33427,M_85783,2,DEVICE
M_85783,M_18412,2,DEVICE
M_54037,M_46314,1,IP
M_46314,M_74991,3,PAN
M_74991,M_14212,2,DEVICE
M_14212,M_97408,2,DEVICE
M_97408,M_57643,3,PAN
M_57643,M_95411,3,PAN
M_95411,M_4908,1,IP
M_4908,M_78163,3,PAN
M_78163,M_1358,2,DEVICE
M_1358,M_85889,2,DEVICE
M_85889,M_66130,3,PAN
M_66130,M_54037,1,IP
M_36889,M_80321,3,PAN
M_80321,M_59529,2,DEVICE
M_59529,M_39821,3,PAN
M_39821,M_34430,2,DEVICE
M_34430,M_92639,3,PAN
M_92639,M_38083,3,PAN
M_38083,M_87350,3,PAN
M_87350,M_36889,3,PAN
M_25896,M_32393,3,PAN
M_32393,M_68661,3,PAN
M_68661,M_71360,1,IP
M_71360,M_4059,3,PAN
M_4059,M_16541,3,PAN
M_16541,M_49253,3,PAN
M_49253,M_49366,2,DEVICE
M_49366,M_48502,3,PAN
M_48502,M_44150,2,DEVICE
M_44150,M_67990,2,DEVICE
M_67990,M_86232,3,PAN
M_86232,M_93527,1,IP
M_93527,M_25896,3,PAN
M_43385,M_64111,3,PAN
M_64111,M_37439,2,DEVICE
M_37439,M_45944,1,IP
M_45944,M_78450,3,PAN
M_78450,M_49362,3,PAN
M_49362,M_84488,3,PAN
M_84488,M_43603,3,PAN
M_43603,M_29157,1,IP
M_29157,M_31771,2,DEVICE
M_31771,M_33380,2,DEVICE
M_33380,M_17074,1,IP
M_17074,M_43385,1,IP
M_19392,M_84790,1,IP
M_84790,M_88456,3,PAN
M_88456,M_50986,3,PAN
M_50986,M_9215,3,PAN
M_9215,M_74392,3,PAN
M_74392,M_60267,3,PAN
M_60267,M_76573,3,PAN
M_76573,M_14663,3,PAN
M_14663,M_70827,3,PAN
M_70827,M_59725,3,PAN
M_59725,M_90641,3,PAN
M_90641,M_19392,3,PAN
M_99016,M_31067,2,DEVICE
M_31067,M_73676,2,DEVICE
M_73676,M_96710,3,PAN
M_96710,M_49434,3,PAN
M_49434,M_82984,3,PAN
M_82984,M_30544,3,PAN
M_30544,M_61213,3,PAN
M_61213,M_99016,1,IP
M_34052,M_55552,3,PAN
M_55552,M_41564,3,PAN
M_41564,M_40122,2,DEVICE
M_40122,M_31186,2,DEVICE
M_31186,M_24282,3,PAN
M_24282,M_65106,3,PAN
M_65106,M_75611,1,IP
M_75611,M_95475,3,PAN
M_95475,M_18176,2,DEVICE
M_18176,M_34052,2,DEVICE
M_75520,M_52626,2,DEVICE
M_52626,M_65039,3,PAN
M_65039,M_9640,3,PAN
M_9640,M_84161,3,PAN
M_84161,M_33550,1,IP
M_33550,M_34062,3,PAN
M_34062,M_63869,3,PAN
M_63869,M_23305,1,IP
M_23305,M_7638,3,PAN
M_7638,M_75520,1,IP
M_21009,M_23935,2,DEVICE
M_23935,M_86174,2,DEVICE
M_86174,M_14905,2,DEVICE
M_14905,M_91003,2,DEVICE
M_91003,M_16390,3,PAN
M_16390,M_68154,1,IP
M_68154,M_21009,1,IP
M_48127,M_78682,2,DEVICE
M_78682,M_97866,2,DEVICE
M_97866,M_9604,2,DEVICE
M_9604,M_25905,3,PAN
M_25905,M_80170,3,PAN
M_80170,M_57563,2,DEVICE
M_57563,M_44635,2,DEVICE
M_44635,M_48127,3,PAN
M_23016,M_14323,3,PAN
M_14323,M_59601,2,DEVICE
M_59601,M_47462,3,PAN
M_47462,M_57647,1,IP
M_57647,M_3956,2,DEVICE
M_3956,M_64450,3,PAN
M_64450,M_15378,3,PAN
M_15378,M_42235,2,DEVICE
M_42235,M_96533,3,PAN
M_96533,M_69670,1,IP
M_69670,M_49416,3,PAN
M_49416,M_86778,3,PAN
M_86778,M_92914,3,PAN
M_92914,M_23016,2,DEVICE
M_44039,M_78751,1,IP
M_78751,M_87856,3,PAN
M_87856,M_88728,1,IP
M_88728,M_6096,3,PAN
M_6096,M_44787,2,DEVICE
M_44787,M_83929,1,IP
M_83929,M_58670,3,PAN
M_58670,M_67662,1,IP
M_67662,M_94007,3,PAN
M_94007,M_44039,3,PAN
M_89120,M_44804,2,DEVICE
M_44804,M_20419,1,IP
M_20419,M_16602,3,PAN
M_16602,M_86972,1,IP
M_86972,M_33088,3,PAN
M_33088,M_25842,2,DEVICE
M_25842,M_82556,2,DEVICE
M_82556,M_87235,3,PAN
M_87235,M_9278,2,DEVICE
M_9278,M_30389,2,DEVICE
M_30389,M_33110,2,DEVICE
M_33110,M_14452,3,PAN
M_14452,M_284,3,PAN
M_284,M_49313,1,IP
M_49313,M_89120,2,DEVICE
M_17222,M_43734,2,DEVICE
M_43734,M_19897,1,IP
M_19897,M_90944,3,PAN
M_90944,M_30834,3,PAN
M_30834,M_1549,2,DEVICE
M_1549,M_25596,3,PAN
M_25596,M_17621,3,PAN
M_17621,M_31110,2,DEVICE
M_31110,M_60030,1,IP
M_60030,M_17222,2,DEVICE
M_35927,M_59604,3,PAN
M_59604,M_97826,1,IP
M_97826,M_16414,3,PAN
M_16414,M_8247,3,PAN
M_8247,M_30567,1,IP
M_30567,M_32760,2,DEVICE
M_32760,M_28459,1,IP
M_28459,M_73033,1,IP
M_73033,M_37903,2,DEVICE
M_37903,M_96222,3,PAN
M_96222,M_8874,3,PAN
M_8874,M_62012,1,IP
M_62012,M_35927,1,IP
M_95773,M_24200,3,PAN
M_24200,M_39034,3,PAN
M_39034,M_77338,3,PAN
M_77338,M_26906,1,IP
M_26906,M_90479,3,PAN
M_90479,M_49010,3,PAN
M_49010,M_16107,1,IP
M_16107,M_95773,2,DEVICE
M_57709,M_87573,3,PAN
M_87573,M_33875,3,PAN
M_33875,M_74123,3,PAN
M_74123,M_63417,3,PAN
M_63417,M_47808,3,PAN
M_47808,M_52925,3,PAN
M_52925,M_55257,3,PAN
M_55257,M_57709,3,PAN
M_86380,M_79879,1,IP
M_79879,M_50842,3,PAN
M_50842,M_35794,3,PAN
M_35794,M_52414,1,IP
M_52414,M_16613,3,PAN
M_16613,M_92547,3,PAN
M_92547,M_36138,1,IP
M_36138,M_86380,2,DEVICE
M_46453,M_37324,3,PAN
M_37324,M_2314,2,DEVICE
M_2314,M_85831,2,DEVICE
M_85831,M_32918,3,PAN
M_32918,M_46453,3,PAN
M_12224,M_70807,1,IP
M_70807,M_7649,3,PAN
M_7649,M_63829,3,PAN
M_63829,M_8892,2,DEVICE
M_8892,M_92895,1,IP
M_92895,M_96629,3,PAN
M_96629,M_97264,3,PAN
M_97264,M_44047,3,PAN
M_44047,M_42967,2,DEVICE
M_42967,M_72425,3,PAN
M_72425,M_93575,1,IP
M_93575,M_87514,3,PAN
M_87514,M_93930,3,PAN
M_93930,M_12224,3,PAN
M_77818,M_71344,3,PAN
M_71344,M_98698,3,PAN
M_98698,M_61360,2,DEVICE
M_61360,M_82127,3,PAN
M_82127,M_77818,2,DEVICE
M_13567,M_38399,2,DEVICE
M_38399,M_1284,3,PAN
M_1284,M_50295,2,DEVICE
M_50295,M_44579,3,PAN
M_44579,M_13970,1,IP
M_13970,M_13567,1,IP
M_83737,M_4091,1,IP
M_4091,M_9784,1,IP
M_9784,M_68238,3,PAN
M_68238,M_71761,2,DEVICE
M_71761,M_27122,3,PAN
M_27122,M_83737,1,IP
M_69431,M_86693,3,PAN
M_86693,M_59800,2,DEVICE
M_59800,M_20964,3,PAN
M_20964,M_47284,2,DEVICE
M_47284,M_20285,3,PAN
M_20285,M_15845,2,DEVICE
M_15845,M_73350,1,IP
M_73350,M_11301,2,DEVICE
M_11301,M_14788,3,PAN
M_14788,M_90238,3,PAN
M_90238,M_88059,3,PAN
M_88059,M_10288,3,PAN
M_10288,M_72201,2,DEVICE
M_72201,M_93681,3,PAN
M_93681,M_69431,3,PAN
M_78028,M_21196,3,PAN
M_21196,M_1263,1,IP
M_1263,M_46074,3,PAN
M_46074,M_54333,3,PAN
M_54333,M_76413,3,PAN
M_76413,M_90591,3,PAN
M_90591,M_78028,1,IP
M_86341,M_74079,2,DEVICE
M_74079,M_10567,2,DEVICE
M_10567,M_35104,1,IP
M_35104,M_90865,2,DEVICE
M_90865,M_93297,2,DEVICE
M_93297,M_65413,3,PAN
M_65413,M_25130,3,PAN
M_25130,M_78732,2,DEVICE
M_78732,M_86341,2,DEVICE
M_73178,M_82544,2,DEVICE
M_82544,M_99960,3,PAN
M_99960,M_36893,3,PAN
M_36893,M_85267,3,PAN
M_85267,M_15243,3,PAN
M_15243,M_73178,3,PAN
M_56218,M_61341,2,DEVICE
M_61341,M_22231,2,DEVICE
M_22231,M_20784,2,DEVICE
M_20784,M_25602,2,DEVICE
M_25602,M_23644,3,PAN
M_23644,M_51710,3,PAN
M_51710,M_94879,2,DEVICE
M_94879,M_78872,1,IP
M_78872,M_58349,2,DEVICE
M_58349,M_63,2,DEVICE
M_63,M_6202,2,DEVICE
M_6202,M_41211,2,DEVICE
M_41211,M_50945,2,DEVICE
M_50945,M_56218,2,DEVICE
M_59876,M_98614,3,PAN
M_98614,M_88920,3,PAN
M_88920,M_9996,3,PAN
M_9996,M_10147,2,DEVICE
M_10147,M_59876,2,DEVICE
M_77714,M_37401,3,PAN
M_37401,M_18506,2,DEVICE
M_18506,M_48588,3,PAN
M_48588,M_24264,1,IP
M_24264,M_66904,3,PAN
M_66904,M_87211,3,PAN
M_87211,M_98794,3,PAN
M_98794,M_55943,3,PAN
M_55943,M_77714,3,PAN
M_67959,M_69906,3,PAN
M_69906,M_2486,3,PAN
M_2486,M_1530,3,PAN
M_1530,M_50924,2,DEVICE
M_50924,M_26962,3,PAN
M_26962,M_37403,3,PAN
M_37403,M_19709,3,PAN
M_19709,M_67959,1,IP
M_54807,M_28556,1,IP
M_28556,M_81806,1,IP
M_81806,M_61751,3,PAN
M_61751,M_72606,2,DEVICE
M_72606,M_54807,3,PAN
M_54864,M_3325,1,IP
M_3325,M_25995,3,PAN
M_25995,M_14164,3,PAN
M_14164,M_31805,1,IP
M_31805,M_79368,1,IP
M_79368,M_91450,1,IP
M_91450,M_73085,3,PAN
M_73085,M_12654,3,PAN
M_12654,M_49865,3,PAN
M_49865,M_46669,3,PAN
M_46669,M_44845,3,PAN
M_44845,M_26482,3,PAN
M_26482,M_54864,2,DEVICE
M_84815,M_7029,2,DEVICE
M_7029,M_30495,1,IP
M_30495,M_76465,2,DEVICE
M_76465,M_54479,3,PAN
M_54479,M_73316,3,PAN
M_73316,M_79196,3,PAN
M_79196,M_57543,2,DEVICE
M_57543,M_73544,3,PAN
M_73544,M_65807,3,PAN
M_65807,M_64002,1,IP
M_64002,M_84815,2,DEVICE
M_82878,M_51205,1,IP
M_51205,M_19458,3,PAN
M_19458,M_23777,1,IP
M_23777,M_83811,3,PAN
M_83811,M_53505,3,PAN
M_53505,M_29892,1,IP
M_29892,M_82878,1,IP
M_89894,M_9091,3,PAN
M_9091,M_21564,3,PAN
M_21564,M_13791,2,DEVICE
M_13791,M_97530,1,IP
M_97530,M_85658,3,PAN
M_85658,M_6111,3,PAN
M_6111,M_98473,2,DEVICE
M_98473,M_89894,2,DEVICE
M_52015,M_54773,3,PAN
M_54773,M_17651,2,DEVICE
M_17651,M_36512,1,IP
M_36512,M_68303,3,PAN
M_68303,M_50678,2,DEVICE
M_50678,M_3318,2,DEVICE
M_3318,M_77451,2,DEVICE
M_77451,M_29968,1,IP
M_29968,M_99860,2,DEVICE
M_99860,M_52015,2,DEVICE
M_90377,M_39216,2,DEVICE
M_39216,M_20353,3,PAN
M_20353,M_54382,3,PAN
M_54382,M_35156,3,PAN
M_35156,M_51564,2,DEVICE
M_51564,M_71291,1,IP
M_71291,M_78566,2,DEVICE
M_78566,M_95280,1,IP
M_95280,M_90377,3,PAN
M_22596,M_96612,2,DEVICE
M_96612,M_74795,1,IP
M_74795,M_50439,3,PAN
M_50439,M_24500,1,IP
M_24500,M_1995,2,DEVICE
M_1995,M_22596,3,PAN
M_63066,M_26724,3,PAN
M_26724,M_35179,3,PAN
M_35179,M_48250,3,PAN
M_48250,M_45276,3,PAN
M_45276,M_31526,3,PAN
M_31526,M_41513,1,IP
M_41513,M_92659,3,PAN
M_92659,M_74157,1,IP
M_74157,M_87595,2,DEVICE
M_87595,M_33869,3,PAN
M_33869,M_2062,3,PAN
M_2062,M_43244,1,IP
M_43244,M_63066,2,DEVICE
M_28014,M_90042,1,IP
M_90042,M_85977,3,PAN
M_85977,M_20847,2,DEVICE
M_20847,M_50681,2,DEVICE
M_50681,M_94548,1,IP
M_94548,M_60814,3,PAN
M_60814,M_224,1,IP
M_224,M_27625,3,PAN
M_27625,M_28711,1,IP
M_28711,M_58894,2,DEVICE
M_58894,M_28014,2,DEVICE
M_67023,M_91284,1,IP
M_91284,M_554,3,PAN
M_554,M_48995,3,PAN
M_48995,M_43656,2,DEVICE
M_43656,M_34666,2,DEVICE
M_34666,M_33436,3,PAN
M_33436,M_44915,2,DEVICE
M_44915,M_37532,3,PAN
M_37532,M_32500,2,DEVICE
M_32500,M_14835,2,DEVICE
M_14835,M_28555,2,DEVICE
M_28555,M_67023,1,IP
M_99294,M_23175,2,DEVICE
M_23175,M_72578,3,PAN
M_72578,M_77045,2,DEVICE
M_77045,M_94353,3,PAN
M_94353,M_25862,3,PAN
M_25862,M_38243,2,DEVICE
M_38243,M_5344,3,PAN
M_5344,M_99294,3,PAN
M_35481,M_55585,3,PAN
M_55585,M_36391,3,PAN
M_36391,M_22284,3,PAN
M_22284,M_46769,3,PAN
M_46769,M_35481,2,DEVICE
M_49713,M_18594,2,DEVICE
M_18594,M_19660,2,DEVICE
M_19660,M_65298,3,PAN
M_65298,M_71584,2,DEVICE
M_71584,M_14661,3,PAN
M_14661,M_77950,2,DEVICE
M_77950,M_61889,2,DEVICE
M_61889,M_28043,3,PAN
M_28043,M_75358,1,IP
M_75358,M_89891,2,DEVICE
M_89891,M_62773,3,PAN
M_62773,M_73080,2,DEVICE
M_73080,M_74845,2,DEVICE
M_74845,M_41596,3,PAN
M_41596,M_49713,3,PAN
M_10682,M_26827,1,IP
M_26827,M_13331,2,DEVICE
M_13331,M_34871,2,DEVICE
M_34871,M_89787,2,DEVICE
M_89787,M_46409,3,PAN
M_46409,M_11339,3,PAN
M_11339,M_59474,3,PAN
M_59474,M_93962,1,IP
M_93962,M_83449,1,IP
M_83449,M_10682,1,IP
M_8497,M_69840,3,PAN
M_69840,M_79681,2,DEVICE
M_79681,M_83125,2,DEVICE
M_83125,M_27522,3,PAN
M_27522,M_83689,3,PAN
M_83689,M_837,2,DEVICE
M_837,M_66517,2,DEVICE
M_66517,M_8450,2,DEVICE
M_8450,M_29551,3,PAN
M_29551,M_15130,2,DEVICE
M_15130,M_74690,3,PAN
M_74690,M_8497,3,PAN
M_77511,M_67613,3,PAN
M_67613,M_55465,1,IP
M_55465,M_91175,3,PAN
M_91175,M_46464,3,PAN
M_46464,M_4642,3,PAN
M_4642,M_18435,2,DEVICE
M_18435,M_31406,3,PAN
M_31406,M_98597,3,PAN
M_98597,M_59553,3,PAN
M_59553,M_26101,3,PAN
M_26101,M_27996,2,DEVICE
M_27996,M_77511,3,PAN
M_13214,M_30926,3,PAN
M_30926,M_84746,2,DEVICE
M_84746,M_17237,3,PAN
M_17237,M_18829,2,DEVICE
M_18829,M_97806,3,PAN
M_97806,M_27347,2,DEVICE
M_27347,M_34603,3,PAN
M_34603,M_44648,3,PAN
M_44648,M_97651,3,PAN
M_97651,M_13214,1,IP
M_59251,M_99582,1,IP
M_99582,M_13342,1,IP
M_13342,M_54771,3,PAN
M_54771,M_10743,3,PAN
M_10743,M_16506,3,PAN
M_16506,M_34296,1,IP
M_34296,M_59251,2,DEVICE
M_96652,M_49631,2,DEVICE
M_49631,M_90777,3,PAN
M_90777,M_37708,1,IP
M_37708,M_35863,3,PAN
M_35863,M_15752,3,PAN
M_15752,M_20693,3,PAN
M_20693,M_96652,3,PAN
M_77022,M_24260,2,DEVICE
M_24260,M_28826,3,PAN
M_28826,M_44108,3,PAN
M_44108,M_16637,2,DEVICE
M_16637,M_34741,2,DEVICE
M_34741,M_90532,3,PAN
M_90532,M_96944,3,PAN
M_96944,M_55122,2,DEVICE
M_55122,M_18445,1,IP
M_18445,M_21769,2,DEVICE
M_21769,M_17047,3,PAN
M_17047,M_77022,2,DEVICE
M_26963,M_63751,3,PAN
M_63751,M_19359,1,IP
M_19359,M_69122,3,PAN
M_69122,M_45463,3,PAN
M_45463,M_47430,3,PAN
M_47430,M_69589,3,PAN
M_69589,M_77075,3,PAN
M_77075,M_62444,2,DEVICE
M_62444,M_80475,2,DEVICE
M_80475,M_56014,1,IP
M_56014,M_70151,3,PAN
M_70151,M_73675,3,PAN
M_73675,M_43704,3,PAN
M_43704,M_26963,3,PAN
M_93680,M_256,1,IP
M_256,M_85012,1,IP
M_85012,M_33642,3,PAN
M_33642,M_59737,2,DEVICE
M_59737,M_97116,2,DEVICE
M_97116,M_36641,3,PAN
M_36641,M_33771,2,DEVICE
M_33771,M_98661,3,PAN
M_98661,M_75258,3,PAN
M_75258,M_20151,1,IP
M_20151,M_55459,2,DEVICE
M_55459,M_9263,3,PAN
M_9263,M_93680,3,PAN
M_6122,M_57408,1,IP
M_57408,M_13190,3,PAN
M_13190,M_69803,1,IP
M_69803,M_54407,1,IP
M_54407,M_98714,3,PAN
M_98714,M_32830,2,DEVICE
M_32830,M_6122,2,DEVICE
M_12072,M_43092,3,PAN
M_43092,M_81377,3,PAN
M_81377,M_53380,3,PAN
M_53380,M_16407,2,DEVICE
M_16407,M_65255,2,DEVICE
M_65255,M_68653,2,DEVICE
M_68653,M_49331,2,DEVICE
M_49331,M_86609,3,PAN
M_86609,M_34177,3,PAN
M_34177,M_35928,2,DEVICE
M_35928,M_12072,2,DEVICE
M_49149,M_81571,2,DEVICE
M_81571,M_78989,3,PAN
M_78989,M_97299,3,PAN
M_97299,M_28469,1,IP
M_28469,M_8091,3,PAN
M_8091,M_61940,3,PAN
M_61940,M_11320,2,DEVICE
M_11320,M_91218,2,DEVICE
M_91218,M_41710,1,IP
M_41710,M_30328,1,IP
M_30328,M_90448,2,DEVICE
M_90448,M_84753,3,PAN
M_84753,M_49149,3,PAN
M_90769,M_73602,3,PAN
M_73602,M_6023,1,IP
M_6023,M_88311,2,DEVICE
M_88311,M_41128,3,PAN
M_41128,M_95715,2,DEVICE
M_95715,M_84357,2,DEVICE
M_84357,M_60971,3,PAN
M_60971,M_90769,3,PAN
M_96461,M_25015,2,DEVICE
M_25015,M_61584,3,PAN
M_61584,M_95783,3,PAN
M_95783,M_76529,2,DEVICE
M_76529,M_76734,2,DEVICE
M_76734,M_44147,2,DEVICE
M_44147,M_4827,1,IP
M_4827,M_64662,1,IP
M_64662,M_63039,3,PAN
M_63039,M_50780,3,PAN
M_50780,M_36801,2,DEVICE
M_36801,M_50595,3,PAN
M_50595,M_4150,1,IP
M_4150,M_96461,2,DEVICE
M_13069,M_45067,2,DEVICE
M_45067,M_9276,2,DEVICE
M_9276,M_24699,1,IP
M_24699,M_6100,3,PAN
M_6100,M_13069,1,IP
M_52606,M_86105,3,PAN
M_86105,M_60511,2,DEVICE
M_60511,M_28081,1,IP
M_28081,M_51527,3,PAN
M_51527,M_55653,3,PAN
M_55653,M_88024,1,IP
M_88024,M_87937,1,IP
M_87937,M_96797,3,PAN
M_96797,M_52606,2,DEVICE
M_85437,M_41053,3,PAN
M_41053,M_66582,2,DEVICE
M_66582,M_11640,3,PAN
M_11640,M_50745,3,PAN
M_50745,M_42228,1,IP
M_42228,M_63844,3,PAN
M_63844,M_85437,1,IP
M_60922,M_48352,2,DEVICE
M_48352,M_75193,2,DEVICE
M_75193,M_31527,3,PAN
M_31527,M_37125,3,PAN
M_37125,M_2632,1,IP
M_2632,M_47039,2,DEVICE
M_47039,M_66033,2,DEVICE
M_66033,M_41161,3,PAN
M_41161,M_65058,3,PAN
M_65058,M_93855,3,PAN
M_93855,M_79354,2,DEVICE
M_79354,M_28061,3,PAN
M_28061,M_60922,2,DEVICE
M_99313,M_99332,3,PAN
M_99332,M_39612,2,DEVICE
M_39612,M_22129,2,DEVICE
M_22129,M_49325,1,IP
M_49325,M_33663,3,PAN
M_33663,M_57070,2,DEVICE
M_57070,M_97106,3,PAN
M_97106,M_9157,1,IP
M_9157,M_62116,2,DEVICE
M_62116,M_14966,3,PAN
M_14966,M_9325,1,IP
M_9325,M_77389,3,PAN
M_77389,M_99313,3,PAN
M_82594,M_73506,3,PAN
M_73506,M_85789,3,PAN
M_85789,M_61036,1,IP
M_61036,M_96409,2,DEVICE
M_96409,M_35487,2,DEVICE
M_35487,M_88104,1,IP
M_88104,M_52119,2,DEVICE
M_52119,M_32575,3,PAN
M_32575,M_79433,3,PAN
M_79433,M_82594,3,PAN
M_87140,M_66631,1,IP
M_66631,M_91568,2,DEVICE
M_91568,M_24321,3,PAN
M_24321,M_76323,3,PAN
M_76323,M_55195,1,IP
M_55195,M_14285,3,PAN
M_14285,M_29352,2,DEVICE
M_29352,M_17025,3,PAN
M_17025,M_38985,3,PAN
M_38985,M_34253,2,DEVICE
M_34253,M_84316,1,IP
M_84316,M_98797,2,DEVICE
M_98797,M_15305,3,PAN
M_15305,M_93928,3,PAN
M_93928,M_87140,1,IP
M_13706,M_92829,2,DEVICE
M_92829,M_84150,3,PAN
M_84150,M_42049,2,DEVICE
M_42049,M_19179,3,PAN
M_19179,M_85748,3,PAN
M_85748,M_18355,1,IP
M_18355,M_93147,2,DEVICE
M_93147,M_5321,3,PAN
M_5321,M_14265,3,PAN
M_14265,M_31826,1,IP
M_31826,M_59927,2,DEVICE
M_59927,M_7193,2,DEVICE
M_7193,M_69909,3,PAN
M_69909,M_40517,1,IP
M_40517,M_13706,1,IP
M_10265,M_26693,3,PAN
M_26693,M_69921,2,DEVICE
M_69921,M_75321,1,IP
M_75321,M_81568,2,DEVICE
M_81568,M_6466,1,IP
M_6466,M_21977,2,DEVICE
M_21977,M_53430,3,PAN
M_53430,M_11037,3,PAN
M_11037,M_1503,1,IP
M_1503,M_74333,3,PAN
M_74333,M_33704,3,PAN
M_33704,M_8094,2,DEVICE
M_8094,M_92541,3,PAN
M_92541,M_10265,1,IP
M_45841,M_46967,3,PAN
M_46967,M_60540,3,PAN
M_60540,M_68687,3,PAN
M_68687,M_64047,2,DEVICE
M_64047,M_64657,2,DEVICE
M_64657,M_65364,3,PAN
M_65364,M_78995,3,PAN
M_78995,M_52040,3,PAN
M_52040,M_50826,2,DEVICE
M_50826,M_69816,1,IP
M_69816,M_45841,2,DEVICE
M_64528,M_19398,2,DEVICE
M_19398,M_85006,3,PAN
M_85006,M_38071,3,PAN
M_38071,M_61218,3,PAN
M_61218,M_77410,3,PAN
M_77410,M_13666,3,PAN
M_13666,M_15213,2,DEVICE
M_15213,M_80900,3,PAN
M_80900,M_64528,2,DEVICE
M_1344,M_98050,1,IP
M_98050,M_91593,2,DEVICE
M_91593,M_56512,3,PAN
M_56512,M_87598,2,DEVICE
M_87598,M_76041,3,PAN
M_76041,M_18789,3,PAN
M_18789,M_1344,3,PAN
M_4333,M_81332,1,IP
M_81332,M_57726,1,IP
M_57726,M_21677,2,DEVICE
M_21677,M_77922,2,DEVICE
M_77922,M_51567,1,IP
M_51567,M_9500,1,IP
M_9500,M_35368,3,PAN
M_35368,M_59157,1,IP
M_59157,M_57715,1,IP
M_57715,M_4333,2,DEVICE
M_73546,M_40745,3,PAN
M_40745,M_54720,3,PAN
M_54720,M_80311,2,DEVICE
M_80311,M_58035,3,PAN
M_58035,M_22564,3,PAN
M_22564,M_60974,2,DEVICE
M_60974,M_90411,1,IP
M_90411,M_85374,1,IP
M_85374,M_91551,2,DEVICE
M_91551,M_46184,3,PAN
M_46184,M_24172,3,PAN
M_24172,M_6948,2,DEVICE
M_6948,M_75142,3,PAN
M_75142,M_73546,2,DEVICE
M_82197,M_44642,2,DEVICE
M_44642,M_5572,2,DEVICE
M_5572,M_94642,2,DEVICE
M_94642,M_79345,1,IP
M_79345,M_70401,3,PAN
M_70401,M_56329,3,PAN
M_56329,M_49417,3,PAN
M_49417,M_61225,2,DEVICE
M_61225,M_21158,3,PAN
M_21158,M_26439,2,DEVICE
M_26439,M_82197,2,DEVICE
M_2257,M_82517,3,PAN
M_82517,M_99088,2,DEVICE
M_99088,M_12619,3,PAN
M_12619,M_95453,3,PAN
M_95453,M_85883,3,PAN
M_85883,M_29743,3,PAN
M_29743,M_19377,1,IP
M_19377,M_39962,1,IP
M_39962,M_57641,2,DEVICE
M_57641,M_95608,2,DEVICE
M_95608,M_83571,2,DEVICE
M_83571,M_83397,1,IP
M_83397,M_51606,2,DEVICE
M_51606,M_58972,3,PAN
M_58972,M_2257,2,DEVICE
M_27264,M_34218,3,PAN
M_34218,M_19164,3,PAN
M_19164,M_88026,3,PAN
M_88026,M_96617,3,PAN
M_96617,M_76419,2,DEVICE
M_76419,M_22873,3,PAN
M_22873,M_82909,1,IP
M_82909,M_14958,2,DEVICE
M_14958,M_35628,3,PAN
M_35628,M_99395,1,IP
M_99395,M_5806,2,DEVICE
M_5806,M_84686,2,DEVICE
M_84686,M_55463,3,PAN
M_55463,M_87742,1,IP
M_87742,M_27264,3,PAN
M_40748,M_92878,3,PAN
M_92878,M_87725,3,PAN
M_87725,M_16269,3,PAN
M_16269,M_93379,2,DEVICE
M_93379,M_62779,3,PAN
M_62779,M_79601,2,DEVICE
M_79601,M_625,3,PAN
M_625,M_41280,1,IP
M_41280,M_9829,3,PAN
M_9829,M_84668,1,IP
M_84668,M_2881,1,IP
M_2881,M_2617,3,PAN
M_2617,M_47956,2,DEVICE
M_47956,M_23249,3,PAN
M_23249,M_40748,1,IP
M_88099,M_4441,3,PAN
M_4441,M_73853,3,PAN
M_73853,M_75529,3,PAN
M_75529,M_73955,1,IP
M_73955,M_88099,2,DEVICE
M_58636,M_83474,3,PAN
M_83474,M_77450,3,PAN
M_77450,M_41075,3,PAN
M_41075,M_51648,2,DEVICE
M_51648,M_39182,3,PAN
M_39182,M_15923,3,PAN
M_15923,M_54686,1,IP
M_54686,M_32578,3,PAN
M_32578,M_48814,2,DEVICE
M_48814,M_82956,3,PAN
M_82956,M_58636,3,PAN
M_8734,M_53125,3,PAN
M_53125,M_93739,3,PAN
M_93739,M_89705,1,IP
M_89705,M_67594,1,IP
M_67594,M_67965,2,DEVICE
M_67965,M_26158,3,PAN
M_26158,M_51663,3,PAN
M_51663,M_54692,3,PAN
M_54692,M_68541,1,IP
M_68541,M_15682,1,IP
M_15682,M_84616,2,DEVICE
M_84616,M_4763,1,IP
M_4763,M_8734,3,PAN
M_98629,M_81580,2,DEVICE
M_81580,M_78688,3,PAN
M_78688,M_37978,3,PAN
M_37978,M_92241,1,IP
M_92241,M_47258,1,IP
M_47258,M_54707,3,PAN
M_54707,M_1144,3,PAN
M_1144,M_68835,2,DEVICE
M_68835,M_78411,3,PAN
M_78411,M_66744,2,DEVICE
M_66744,M_98629,2,DEVICE
M_97089,M_58724,3,PAN
M_58724,M_85992,3,PAN
M_85992,M_82646,1,IP
M_82646,M_75084,3,PAN
M_75084,M_97089,2,DEVICE
M_13726,M_39852,3,PAN
M_39852,M_86601,2,DEVICE
M_86601,M_61635,3,PAN
M_61635,M_45050,3,PAN
M_45050,M_71538,2,DEVICE
M_71538,M_35222,2,DEVICE
M_35222,M_97219,3,PAN
M_97219,M_13726,3,PAN
M_54322,M_5959,3,PAN
M_5959,M_22119,3,PAN
M_22119,M_50685,3,PAN
M_50685,M_60465,3,PAN
M_60465,M_96490,2,DEVICE
M_96490,M_73389,2,DEVICE
M_73389,M_38227,2,DEVICE
M_38227,M_52382,2,DEVICE
M_52382,M_69701,3,PAN
M_69701,M_61382,2,DEVICE
M_61382,M_69805,3,PAN
M_69805,M_96504,3,PAN
M_96504,M_27551,2,DEVICE
M_27551,M_39497,3,PAN
M_39497,M_54322,3,PAN
M_22362,M_78967,3,PAN
M_78967,M_14517,2,DEVICE
M_14517,M_78333,3,PAN
M_78333,M_21712,2,DEVICE
M_21712,M_11572,2,DEVICE
M_11572,M_36965,2,DEVICE
M_36965,M_60569,3,PAN
M_60569,M_70193,1,IP
M_70193,M_22089,3,PAN
M_22089,M_50257,1,IP
M_50257,M_33291,2,DEVICE
M_33291,M_24280,3,PAN
M_24280,M_601,2,DEVICE
M_601,M_18730,2,DEVICE
M_18730,M_22362,3,PAN
M_57562,M_46496,2,DEVICE
M_46496,M_98404,2,DEVICE
M_98404,M_34469,1,IP
M_34469,M_31229,3,PAN
M_31229,M_40045,2,DEVICE
M_40045,M_82735,2,DEVICE
M_82735,M_57562,2,DEVICE
M_5194,M_19667,3,PAN
M_19667,M_26167,3,PAN
M_26167,M_81196,2,DEVICE
M_81196,M_80271,3,PAN
M_80271,M_9496,3,PAN
M_9496,M_78165,2,DEVICE
M_78165,M_3600,3,PAN
M_3600,M_24040,3,PAN
M_24040,M_5194,3,PAN
M_10107,M_6215,1,IP
M_6215,M_61860,3,PAN
M_61860,M_93238,3,PAN
M_93238,M_56887,1,IP
M_56887,M_41107,3,PAN
M_41107,M_70352,1,IP
M_70352,M_10107,2,DEVICE
M_22175,M_77941,3,PAN
M_77941,M_91263,3,PAN
M_91263,M_26367,3,PAN
M_26367,M_7120,2,DEVICE
M_7120,M_19850,3,PAN
M_19850,M_96615,1,IP
M_96615,M_76690,2,DEVICE
M_76690,M_40964,1,IP
M_40964,M_12655,1,IP
M_12655,M_99681,3,PAN
M_99681,M_91955,2,DEVICE
M_91955,M_22175,1,IP
M_15941,M_39480,3,PAN
M_39480,M_65470,3,PAN
M_65470,M_65601,3,PAN
M_65601,M_19126,1,IP
M_19126,M_7272,3,PAN
M_7272,M_15941,2,DEVICE
M_18283,M_75027,1,IP
M_75027,M_1785,3,PAN
M_1785,M_33942,2,DEVICE
M_33942,M_57769,3,PAN
M_57769,M_11017,3,PAN
M_11017,M_16946,3,PAN
M_16946,M_14721,3,PAN
M_14721,M_11557,3,PAN
M_11557,M_18283,3,PAN
M_75262,M_46540,3,PAN
M_46540,M_36569,2,DEVICE
M_36569,M_93365,3,PAN
M_93365,M_31489,1,IP
M_31489,M_81579,1,IP
M_81579,M_20810,2,DEVICE
M_20810,M_51454,2,DEVICE
M_51454,M_91821,2,DEVICE
M_91821,M_11603,2,DEVICE
M_11603,M_51532,1,IP
M_51532,M_92521,1,IP
M_92521,M_48798,3,PAN
M_48798,M_10098,2,DEVICE
M_10098,M_5010,1,IP
M_5010,M_75262,3,PAN
M_70547,M_10008,2,DEVICE
M_10008,M_8776,2,DEVICE
M_8776,M_52976,2,DEVICE
M_52976,M_66360,3,PAN
M_66360,M_43517,3,PAN
M_43517,M_40088,3,PAN
M_40088,M_70547,2,DEVICE
M_15372,M_48088,1,IP
M_48088,M_28042,3,PAN
M_28042,M_84211,3,PAN
M_84211,M_16900,2,DEVICE
M_16900,M_34766,2,DEVICE
M_34766,M_73924,2,DEVICE
M_73924,M_17042,3,PAN
M_17042,M_31890,3,PAN
M_31890,M_50064,2,DEVICE
M_50064,M_56391,2,DEVICE
M_56391,M_15372,3,PAN
M_64620,M_84512,1,IP
M_84512,M_96129,2,DEVICE
M_96129,M_67752,1,IP
M_67752,M_79996,3,PAN
M_79996,M_22989,3,PAN
M_22989,M_97688,1,IP
M_97688,M_59050,1,IP
M_59050,M_31632,1,IP
M_31632,M_46100,1,IP
M_46100,M_26570,3,PAN
M_26570,M_73965,3,PAN
M_73965,M_50758,3,PAN
M_50758,M_23199,1,IP
M_23199,M_25847,3,PAN
M_25847,M_64620,2,DEVICE
M_27506,M_50660,1,IP
M_50660,M_9057,1,IP
M_9057,M_89572,2,DEVICE
M_89572,M_53196,3,PAN
M_53196,M_27506,1,IP
M_28589,M_45229,3,PAN
M_45229,M_21455,3,PAN
M_21455,M_77136,1,IP
M_77136,M_3216,2,DEVICE
M_3216,M_94241,2,DEVICE
M_94241,M_27932,3,PAN
M_27932,M_56105,2,DEVICE
M_56105,M_10958,1,IP
M_10958,M_22259,2,DEVICE
M_22259,M_66700,3,PAN
M_66700,M_85885,2,DEVICE
M_85885,M_32846,1,IP
M_32846,M_8566,1,IP
M_8566,M_1732,3,PAN
M_1732,M_28589,2,DEVICE
M_90485,M_76503,3,PAN
M_76503,M_6995,3,PAN
M_6995,M_25081,2,DEVICE
M_25081,M_97632,2,DEVICE
M_97632,M_15351,3,PAN
M_15351,M_67310,3,PAN
M_67310,M_93336,3,PAN
M_93336,M_65966,3,PAN
M_65966,M_90485,2,DEVICE
M_7969,M_28263,3,PAN
M_28263,M_28140,3,PAN
M_28140,M_29394,1,IP
M_29394,M_5498,3,PAN
M_5498,M_46968,1,IP
M_46968,M_65802,2,DEVICE
M_65802,M_79421,2,DEVICE
M_79421,M_7969,2,DEVICE
M_98940,M_55159,1,IP
M_55159,M_24824,1,IP
M_24824,M_72566,3,PAN
M_72566,M_84588,2,DEVICE
M_84588,M_76214,2,DEVICE
M_76214,M_97365,1,IP
M_97365,M_78143,1,IP
M_78143,M_82489,3,PAN
M_82489,M_74552,1,IP
M_74552,M_98940,1,IP
M_76592,M_57470,2,DEVICE
M_57470,M_73133,3,PAN
M_73133,M_68413,1,IP
M_68413,M_70787,2,DEVICE
M_70787,M_35020,3,PAN
M_35020,M_76592,1,IP
M_89421,M_21268,1,IP
M_21268,M_89961,2,DEVICE
M_89961,M_93464,3,PAN
M_93464,M_70422,1,IP
M_70422,M_79858,2,DEVICE
M_79858,M_16608,2,DEVICE
M_16608,M_47524,3,PAN
M_47524,M_70495,3,PAN
M_70495,M_91091,2,DEVICE
M_91091,M_25939,3,PAN
M_25939,M_89421,1,IP
M_44802,M_41044,1,IP
M_41044,M_13426,2,DEVICE
M_13426,M_35874,3,PAN
M_35874,M_62410,2,DEVICE
M_62410,M_36420,3,PAN
M_36420,M_49031,1,IP
M_49031,M_93616,3,PAN
M_93616,M_30950,1,IP
M_30950,M_489,3,PAN
M_489,M_63241,3,PAN
M_63241,M_44802,1,IP
M_52241,M_84537,1,IP
M_84537,M_43778,1,IP
M_43778,M_62560,2,DEVICE
M_62560,M_32259,3,PAN
M_32259,M_89282,2,DEVICE
M_89282,M_33097,1,IP
M_33097,M_53324,1,IP
M_53324,M_4383,3,PAN
M_4383,M_29395,2,DEVICE
M_29395,M_27450,3,PAN
M_27450,M_36098,2,DEVICE
M_36098,M_34804,1,IP
M_34804,M_55069,1,IP
M_55069,M_52241,3,PAN
M_85032,M_34403,3,PAN
M_34403,M_6638,3,PAN
M_6638,M_79922,3,PAN
M_79922,M_22911,3,PAN
M_22911,M_88946,1,IP
M_88946,M_90552,3,PAN
M_90552,M_39787,3,PAN
M_39787,M_79122,2,DEVICE
M_79122,M_4832,3,PAN
M_4832,M_85032,3,PAN
M_9026,M_27885,3,PAN
M_27885,M_59003,3,PAN
M_59003,M_25222,2,DEVICE
M_25222,M_60510,3,PAN
M_60510,M_75099,3,PAN
M_75099,M_33660,3,PAN
M_33660,M_419,3,PAN
M_419,M_18218,1,IP
M_18218,M_68468,3,PAN
M_68468,M_18092,3,PAN
M_18092,M_75456,3,PAN
M_75456,M_9026,1,IP
M_21780,M_16366,3,PAN
M_16366,M_88771,1,IP
M_88771,M_51298,3,PAN
M_51298,M_68321,1,IP
M_68321,M_6909,3,PAN
M_6909,M_35564,3,PAN
M_35564,M_35942,2,DEVICE
M_35942,M_86458,3,PAN
M_86458,M_14504,2,DEVICE
M_14504,M_49766,2,DEVICE
M_49766,M_55987,2,DEVICE
M_55987,M_83670,3,PAN
M_83670,M_29287,2,DEVICE
M_29287,M_93568,3,PAN
M_93568,M_21780,1,IP
M_1332,M_49272,2,DEVICE
M_49272,M_65182,1,IP
M_65182,M_93451,2,DEVICE
M_93451,M_8128,2,DEVICE
M_8128,M_27812,3,PAN
M_27812,M_1332,2,DEVICE
M_92679,M_4111,3,PAN
M_4111,M_86092,3,PAN
M_86092,M_10813,1,IP
M_10813,M_68738,3,PAN
M_68738,M_33793,2,DEVICE
M_33793,M_62075,3,PAN
M_62075,M_48836,3,PAN
M_48836,M_73584,1,IP
M_73584,M_21929,3,PAN
M_21929,M_68655,2,DEVICE
M_68655,M_80192,2,DEVICE
M_80192,M_40565,1,IP
M_40565,M_92679,3,PAN
M_20891,M_5942,3,PAN
M_5942,M_18955,3,PAN
M_18955,M_33560,3,PAN
M_33560,M_25671,3,PAN
M_25671,M_82920,2,DEVICE
M_82920,M_20891,3,PAN
M_70811,M_39927,3,PAN
M_39927,M_47573,2,DEVICE
M_47573,M_83597,3,PAN
M_83597,M_46718,3,PAN
M_46718,M_60616,3,PAN
M_60616,M_35379,3,PAN
M_35379,M_85769,2,DEVICE
M_85769,M_60491,1,IP
M_60491,M_70567,2,DEVICE
M_70567,M_85355,2,DEVICE
M_85355,M_81675,3,PAN
M_81675,M_40162,1,IP
M_40162,M_70811,3,PAN
M_72988,M_70326,3,PAN
M_70326,M_18164,3,PAN
M_18164,M_99850,2,DEVICE
M_99850,M_68248,3,PAN
M_68248,M_52057,3,PAN
M_52057,M_72988,3,PAN
M_42051,M_41379,1,IP
M_41379,M_58448,2,DEVICE
M_58448,M_21666,1,IP
M_21666,M_28242,1,IP
M_28242,M_38285,1,IP
M_38285,M_96502,3,PAN
M_96502,M_12357,3,PAN
M_12357,M_42051,3,PAN
M_30469,M_53144,2,DEVICE
M_53144,M_28675,3,PAN
M_28675,M_3737,3,PAN
M_3737,M_11936,2,DEVICE
M_11936,M_27361,3,PAN
M_27361,M_30469,3,PAN
M_92376,M_34532,3,PAN
M_34532,M_94677,2,DEVICE
M_94677,M_11483,3,PAN
M_11483,M_7147,3,PAN
M_7147,M_60498,3,PAN
M_60498,M_94290,2,DEVICE
M_94290,M_14562,3,PAN
M_14562,M_92376,3,PAN
M_37370,M_2952,1,IP
M_2952,M_32717,3,PAN
M_32717,M_65736,3,PAN
M_65736,M_82092,3,PAN
M_82092,M_72553,2,DEVICE
M_72553,M_864,3,PAN
M_864,M_3051,1,IP
M_3051,M_41261,1,IP
M_41261,M_60575,2,DEVICE
M_60575,M_52605,3,PAN
M_52605,M_82199,1,IP
M_82199,M_22167,2,DEVICE
M_22167,M_65702,2,DEVICE
M_65702,M_37370,3,PAN
M_34088,M_18570,2,DEVICE
M_18570,M_60151,1,IP
M_60151,M_9935,1,IP
M_9935,M_17458,2,DEVICE
M_17458,M_38287,2,DEVICE
M_38287,M_71589,3,PAN
M_71589,M_98165,2,DEVICE
M_98165,M_32250,1,IP
M_32250,M_89615,2,DEVICE
M_89615,M_52746,3,PAN
M_52746,M_54970,3,PAN
M_54970,M_94484,2,DEVICE
M_94484,M_636,1,IP
M_636,M_34088,3,PAN
M_24694,M_23501,1,IP
M_23501,M_72366,2,DEVICE
M_72366,M_60206,3,PAN
M_60206,M_55826,3,PAN
M_55826,M_15166,3,PAN
M_15166,M_18989,3,PAN
M_18989,M_44778,2,DEVICE
M_44778,M_24694,2,DEVICE
M_25223,M_73930,2,DEVICE
M_73930,M_91519,2,DEVICE
M_91519,M_59727,3,PAN
M_59727,M_26618,3,PAN
M_26618,M_45454,3,PAN
M_45454,M_48386,3,PAN
M_48386,M_97022,2,DEVICE
M_97022,M_34700,3,PAN
M_34700,M_25223,2,DEVICE
M_935,M_65396,3,PAN
M_65396,M_46689,3,PAN
M_46689,M_61858,2,DEVICE
M_61858,M_66219,2,DEVICE
M_66219,M_57895,1,IP
M_57895,M_89135,3,PAN
M_89135,M_84356,2,DEVICE
M_84356,M_14335,2,DEVICE
M_14335,M_10887,3,PAN
M_10887,M_49897,3,PAN
M_49897,M_61051,3,PAN
M_61051,M_34073,3,PAN
M_34073,M_64671,1,IP
M_64671,M_935,3,PAN
M_92724,M_27359,2,DEVICE
M_27359,M_447,2,DEVICE
M_447,M_19716,3,PAN
M_19716,M_22639,2,DEVICE
M_22639,M_31721,3,PAN
M_31721,M_92724,3,PAN
M_21290,M_26015,3,PAN
M_26015,M_4321,3,PAN
M_4321,M_67928,2,DEVICE
M_67928,M_3427,2,DEVICE
M_3427,M_85642,2,DEVICE
M_85642,M_21290,3,PAN
M_82380,M_4945,1,IP
M_4945,M_43411,3,PAN
M_43411,M_38887,1,IP
M_38887,M_20211,2,DEVICE
M_20211,M_71559,2,DEVICE
M_71559,M_82380,3,PAN
M_57698,M_85580,2,DEVICE
M_85580,M_78061,3,PAN
M_78061,M_19779,2,DEVICE
M_19779,M_66821,3,PAN
M_66821,M_57698,2,DEVICE
M_94188,M_19163,2,DEVICE
M_19163,M_4479,1,IP
M_4479,M_81070,3,PAN
M_81070,M_66878,3,PAN
M_66878,M_52441,3,PAN
M_52441,M_41416,3,PAN
M_41416,M_46000,2,DEVICE
M_46000,M_2436,3,PAN
M_2436,M_40649,2,DEVICE
M_40649,M_92834,3,PAN
M_92834,M_39976,3,PAN
M_39976,M_30000,3,PAN
M_30000,M_94188,3,PAN
M_73400,M_17122,3,PAN
M_17122,M_63752,3,PAN
M_63752,M_28748,3,PAN
M_28748,M_36254,2,DEVICE
M_36254,M_76968,1,IP
M_76968,M_33322,2,DEVICE
M_33322,M_68182,3,PAN
M_68182,M_66214,3,PAN
M_66214,M_42371,3,PAN
M_42371,M_39729,2,DEVICE
M_39729,M_85111,2,DEVICE
M_85111,M_53106,3,PAN
M_53106,M_73400,3,PAN
M_11881,M_54457,3,PAN
M_54457,M_28063,3,PAN
M_28063,M_12361,1,IP
M_12361,M_15621,3,PAN
M_15621,M_30739,3,PAN
M_30739,M_48946,3,PAN
M_48946,M_11881,3,PAN
M_60270,M_37272,3,PAN
M_37272,M_71403,3,PAN
M_71403,M_89920,3,PAN
M_89920,M_29224,2,DEVICE
M_29224,M_993,2,DEVICE
M_993,M_77689,3,PAN
M_77689,M_84286,1,IP
M_84286,M_43754,3,PAN
M_43754,M_45308,1,IP
M_45308,M_60270,1,IP
M_66468,M_96850,3,PAN
M_96850,M_19248,3,PAN
M_19248,M_22982,1,IP
M_22982,M_49481,3,PAN
M_49481,M_83976,3,PAN
M_83976,M_66468,2,DEVICE
M_18580,M_45224,1,IP
M_45224,M_72154,2,DEVICE
M_72154,M_850,1,IP
M_850,M_60790,2,DEVICE
M_60790,M_22570,2,DEVICE
M_22570,M_47136,2,DEVICE
M_47136,M_26132,1,IP
M_26132,M_86942,1,IP
M_86942,M_86481,1,IP
M_86481,M_36761,2,DEVICE
M_36761,M_72803,2,DEVICE
M_72803,M_97270,3,PAN
M_97270,M_83979,1,IP
M_83979,M_86379,3,PAN
M_86379,M_18580,3,PAN
M_55081,M_31637,3,PAN
M_31637,M_22074,2,DEVICE
M_22074,M_23431,2,DEVICE
M_23431,M_5161,3,PAN
M_5161,M_83540,3,PAN
M_83540,M_58159,3,PAN
M_58159,M_57621,3,PAN
M_57621,M_1815,3,PAN
M_1815,M_53873,2,DEVICE
M_53873,M_55081,3,PAN
M_83407,M_72074,3,PAN
M_72074,M_89701,2,DEVICE
M_89701,M_81085,1,IP
M_81085,M_42128,3,PAN
M_42128,M_83492,3,PAN
M_83492,M_85675,2,DEVICE
M_85675,M_1632,3,PAN
M_1632,M_30056,1,IP
M_30056,M_10586,1,IP
M_10586,M_1934,2,DEVICE
M_1934,M_52983,1,IP
M_52983,M_83407,3,PAN
M_38978,M_66515,3,PAN
M_66515,M_90838,3,PAN
M_90838,M_58646,3,PAN
M_58646,M_79142,3,PAN
M_79142,M_16934,3,PAN
M_16934,M_76156,2,DEVICE
M_76156,M_19755,3,PAN
M_19755,M_38978,2,DEVICE
M_62882,M_73230,3,PAN
M_73230,M_51176,3,PAN
M_51176,M_45299,2,DEVICE
M_45299,M_24497,2,DEVICE
M_24497,M_71707,2,DEVICE
M_71707,M_15716,3,PAN
M_15716,M_16391,3,PAN
M_16391,M_62882,1,IP
M_45323,M_48263,3,PAN
M_48263,M_84073,3,PAN
M_84073,M_70143,3,PAN
M_70143,M_60022,3,PAN
M_60022,M_14477,3,PAN
M_14477,M_45323,3,PAN
M_51081,M_97237,1,IP
M_97237,M_25162,3,PAN
M_25162,M_31328,3,PAN
M_31328,M_83944,1,IP
M_83944,M_62034,3,PAN
M_62034,M_37461,1,IP
M_37461,M_62273,3,PAN
M_62273,M_59584,2,DEVICE
M_59584,M_18452,1,IP
M_18452,M_77542,3,PAN
M_77542,M_32662,1,IP
M_32662,M_78527,2,DEVICE
M_78527,M_47853,1,IP
M_47853,M_51081,3,PAN
M_23426,M_35650,3,PAN
M_35650,M_2696,3,PAN
M_2696,M_51082,1,IP
M_51082,M_94167,3,PAN
M_94167,M_51601,3,PAN
M_51601,M_29613,1,IP
M_29613,M_5934,3,PAN
M_5934,M_44413,2,DEVICE
M_44413,M_94478,3,PAN
M_94478,M_23426,2,DEVICE
M_53425,M_97706,3,PAN
M_97706,M_9608,2,DEVICE
M_9608,M_64180,3,PAN
M_64180,M_8924,3,PAN
M_8924,M_94013,3,PAN
M_94013,M_40756,2,DEVICE
M_40756,M_65815,3,PAN
M_65815,M_2016,3,PAN
M_2016,M_97006,3,PAN
M_97006,M_53425,3,PAN
M_39967,M_89916,2,DEVICE
M_89916,M_90772,3,PAN
M_90772,M_10562,1,IP
M_10562,M_60591,2,DEVICE
M_60591,M_87443,1,IP
M_87443,M_472,2,DEVICE
M_472,M_39967,3,PAN
M_80612,M_17456,2,DEVICE
M_17456,M_9367,2,DEVICE
M_9367,M_46230,3,PAN
M_46230,M_71939,3,PAN
M_71939,M_52472,2,DEVICE
M_52472,M_5831,3,PAN
M_5831,M_57663,2,DEVICE
M_57663,M_12900,3,PAN
M_12900,M_80612,2,DEVICE
M_95013,M_2611,3,PAN
M_2611,M_69636,3,PAN
M_69636,M_3451,3,PAN
M_3451,M_4872,1,IP
M_4872,M_42675,2,DEVICE
M_42675,M_78311,1,IP
M_78311,M_93420,2,DEVICE
M_93420,M_19993,2,DEVICE
M_19993,M_5493,2,DEVICE
M_5493,M_17929,1,IP
M_17929,M_16579,1,IP
M_16579,M_37335,2,DEVICE
M_37335,M_75980,3,PAN
M_75980,M_11009,2,DEVICE
M_11009,M_95013,3,PAN
M_97296,M_22108,2,DEVICE
M_22108,M_72442,1,IP
M_72442,M_4461,3,PAN
M_4461,M_31289,3,PAN
M_31289,M_22179,1,IP
M_22179,M_36388,3,PAN
M_36388,M_33579,3,PAN
M_33579,M_41160,2,DEVICE
M_41160,M_179,1,IP
M_179,M_68879,2,DEVICE
M_68879,M_40065,2,DEVICE
M_40065,M_94946,3,PAN
M_94946,M_97296,3,PAN
M_63520,M_91795,2,DEVICE
M_91795,M_65436,1,IP
M_65436,M_29926,3,PAN
M_29926,M_8833,3,PAN
M_8833,M_63520,3,PAN
M_56906,M_8231,3,PAN
M_8231,M_39982,3,PAN
M_39982,M_27087,2,DEVICE
M_27087,M_11385,3,PAN
M_11385,M_40750,2,DEVICE
M_40750,M_50147,2,DEVICE
M_50147,M_77480,1,IP
M_77480,M_29473,1,IP
M_29473,M_44736,3,PAN
M_44736,M_3786,3,PAN
M_3786,M_22917,2,DEVICE
M_22917,M_68035,3,PAN
M_68035,M_56906,3,PAN
M_36113,M_46012,3,PAN
M_46012,M_64739,1,IP
M_64739,M_24161,3,PAN
M_24161,M_3141,3,PAN
M_3141,M_36113,3,PAN
M_52565,M_38849,3,PAN
M_38849,M_40038,1,IP
M_40038,M_38076,2,DEVICE
M_38076,M_3558,3,PAN
M_3558,M_37499,3,PAN
M_37499,M_35254,1,IP
M_35254,M_19083,2,DEVICE
M_19083,M_12349,3,PAN
M_12349,M_67222,3,PAN
M_67222,M_46830,3,PAN
M_46830,M_99758,3,PAN
M_99758,M_1420,3,PAN
M_1420,M_36243,3,PAN
M_36243,M_52565,3,PAN
M_13417,M_96147,1,IP
M_96147,M_71624,2,DEVICE
M_71624,M_10932,1,IP
M_10932,M_85005,2,DEVICE
M_85005,M_59591,2,DEVICE
M_59591,M_96763,3,PAN
M_96763,M_64682,2,DEVICE
M_64682,M_18753,3,PAN
M_18753,M_23502,2,DEVICE
M_23502,M_43703,1,IP
M_43703,M_18301,1,IP
M_18301,M_13417,3,PAN
M_93852,M_52355,3,PAN
M_52355,M_43152,3,PAN
M_43152,M_42729,3,PAN
M_42729,M_41633,3,PAN
M_41633,M_93852,2,DEVICE
M_50822,M_61321,3,PAN
M_61321,M_3280,3,PAN
M_3280,M_12136,1,IP
M_12136,M_36047,2,DEVICE
M_36047,M_84249,3,PAN
M_84249,M_40101,2,DEVICE
M_40101,M_66413,2,DEVICE
M_66413,M_32126,3,PAN
M_32126,M_46753,2,DEVICE
M_46753,M_42678,1,IP
M_42678,M_47623,3,PAN
M_47623,M_49551,3,PAN
M_49551,M_50822,3,PAN
M_44164,M_11182,3,PAN
M_11182,M_87590,3,PAN
M_87590,M_14041,1,IP
M_14041,M_48825,2,DEVICE
M_48825,M_75377,3,PAN
M_75377,M_7896,3,PAN
M_7896,M_75837,3,PAN
M_75837,M_10049,1,IP
M_10049,M_11891,3,PAN
M_11891,M_20804,3,PAN
M_20804,M_73778,2,DEVICE
M_73778,M_63405,3,PAN
M_63405,M_65889,3,PAN
M_65889,M_44164,1,IP
M_52051,M_54417,3,PAN
M_54417,M_7996,1,IP
M_7996,M_72554,2,DEVICE
M_72554,M_34667,3,PAN
M_34667,M_51435,2,DEVICE
M_51435,M_52351,2,DEVICE
M_52351,M_43131,2,DEVICE
M_43131,M_25628,2,DEVICE
M_25628,M_10363,3,PAN
M_10363,M_47046,3,PAN
M_47046,M_611,2,DEVICE
M_611,M_60110,3,PAN
M_60110,M_92758,3,PAN
M_92758,M_52051,3,PAN
M_41565,M_51062,2,DEVICE
M_51062,M_8104,1,IP
M_8104,M_71586,1,IP
M_71586,M_93456,3,PAN
M_93456,M_56617,3,PAN
M_56617,M_10378,1,IP
M_10378,M_41835,3,PAN
M_41835,M_41565,2,DEVICE
M_41571,M_58925,2,DEVICE
M_58925,M_11588,3,PAN
M_11588,M_56907,3,PAN
M_56907,M_68958,2,DEVICE
M_68958,M_72641,3,PAN
M_72641,M_41571,1,IP
M_12970,M_86111,3,PAN
M_86111,M_65186,2,DEVICE
M_65186,M_84459,3,PAN
M_84459,M_25446,3,PAN
M_25446,M_26663,1,IP
M_26663,M_5167,2,DEVICE
M_5167,M_35952,2,DEVICE
M_35952,M_66434,1,IP
M_66434,M_12970,2,DEVICE
M_82014,M_9843,3,PAN
M_9843,M_4168,3,PAN
M_4168,M_56688,3,PAN
M_56688,M_95506,3,PAN
M_95506,M_70025,3,PAN
M_70025,M_22603,2,DEVICE
M_22603,M_97260,3,PAN
M_97260,M_62585,2,DEVICE
M_62585,M_19353,1,IP
M_19353,M_76739,1,IP
M_76739,M_82014,3,PAN
M_84311,M_19998,1,IP
M_19998,M_58145,3,PAN
M_58145,M_9459,3,PAN
M_9459,M_42449,3,PAN
M_42449,M_84859,2,DEVICE
M_84859,M_99208,2,DEVICE
M_99208,M_84311,3,PAN
M_30224,M_98295,2,DEVICE
M_98295,M_54149,3,PAN
M_54149,M_83084,3,PAN
M_83084,M_74549,1,IP
M_74549,M_10094,1,IP
M_10094,M_41372,2,DEVICE
M_41372,M_50452,3,PAN
M_50452,M_91348,3,PAN
M_91348,M_75198,3,PAN
M_75198,M_68380,3,PAN
M_68380,M_5864,3,PAN
M_5864,M_72844,1,IP
M_72844,M_97716,2,DEVICE
M_97716,M_30224,3,PAN
M_4684,M_91618,3,PAN
M_91618,M_99992,3,PAN
M_99992,M_10696,2,DEVICE
M_10696,M_41953,3,PAN
M_41953,M_79186,1,IP
M_79186,M_1591,3,PAN
M_1591,M_52448,3,PAN
M_52448,M_85993,1,IP
M_85993,M_52082,3,PAN
M_52082,M_69429,3,PAN
M_69429,M_27294,2,DEVICE
M_27294,M_78621,3,PAN
M_78621,M_62089,3,PAN
M_62089,M_4684,3,PAN
M_22716,M_3046,3,PAN
M_3046,M_88454,2,DEVICE
M_88454,M_90439,3,PAN
M_90439,M_65033,2,DEVICE
M_65033,M_74971,1,IP
M_74971,M_37660,3,PAN
M_37660,M_60001,3,PAN
M_60001,M_22716,3,PAN
M_92104,M_35218,3,PAN
M_35218,M_23188,2,DEVICE
M_23188,M_70853,3,PAN
M_70853,M_83304,3,PAN
M_83304,M_83548,2,DEVICE
M_83548,M_6455,1,IP
M_6455,M_27343,3,PAN
M_27343,M_65915,3,PAN
M_65915,M_75172,1,IP
M_75172,M_42209,3,PAN
M_42209,M_5099,2,DEVICE
M_5099,M_91997,2,DEVICE
M_91997,M_49990,2,DEVICE
M_49990,M_92104,3,PAN
M_57248,M_3633,3,PAN
M_3633,M_25373,3,PAN
M_25373,M_45799,2,DEVICE
M_45799,M_67238,2,DEVICE
M_67238,M_9051,2,DEVICE
M_9051,M_91582,1,IP
M_91582,M_94569,1,IP
M_94569,M_57248,2,DEVICE
M_49749,M_89206,3,PAN
M_89206,M_87597,2,DEVICE
M_87597,M_64027,2,DEVICE
M_64027,M_77186,3,PAN
M_77186,M_88725,2,DEVICE
M_88725,M_96831,3,PAN
M_96831,M_93236,3,PAN
M_93236,M_85513,1,IP
M_85513,M_41965,3,PAN
M_41965,M_49749,2,DEVICE
M_77011,M_58974,2,DEVICE
M_58974,M_76434,2,DEVICE
M_76434,M_12148,3,PAN
M_12148,M_60539,2,DEVICE
M_60539,M_77011,3,PAN
M_18672,M_6696,3,PAN
M_6696,M_88929,1,IP
M_88929,M_23909,2,DEVICE
M_23909,M_5688,3,PAN
M_5688,M_45754,3,PAN
M_45754,M_88888,3,PAN
M_88888,M_66713,2,DEVICE
M_66713,M_11522,2,DEVICE
M_11522,M_4118,2,DEVICE
M_4118,M_18672,1,IP
M_62211,M_2124,3,PAN
M_2124,M_33862,2,DEVICE
M_33862,M_86525,3,PAN
M_86525,M_98035,2,DEVICE
M_98035,M_52808,3,PAN
M_52808,M_27523,2,DEVICE
M_27523,M_27566,3,PAN
M_27566,M_39393,3,PAN
M_39393,M_18021,3,PAN
M_18021,M_6264,1,IP
M_6264,M_84956,2,DEVICE
M_84956,M_62211,3,PAN
M_26591,M_49714,3,PAN
M_49714,M_20092,1,IP
M_20092,M_64487,1,IP
M_64487,M_10112,1,IP
M_10112,M_53819,1,IP
M_53819,M_91476,3,PAN
M_91476,M_72042,3,PAN
M_72042,M_74269,2,DEVICE
M_74269,M_48510,2,DEVICE
M_48510,M_5939,3,PAN
M_5939,M_51726,2,DEVICE
M_51726,M_32292,3,PAN
M_32292,M_86184,3,PAN
M_86184,M_77501,3,PAN
M_77501,M_26591,1,IP
M_83930,M_43718,2,DEVICE
M_43718,M_8046,2,DEVICE
M_8046,M_83361,1,IP
M_83361,M_79355,1,IP
M_79355,M_3431,3,PAN
M_3431,M_77500,2,DEVICE
M_77500,M_34691,3,PAN
M_34691,M_58468,2,DEVICE
M_58468,M_83930,3,PAN
M_58310,M_94538,2,DEVICE
M_94538,M_93211,3,PAN
M_93211,M_7225,3,PAN
M_7225,M_27277,2,DEVICE
M_27277,M_17819,2,DEVICE
M_17819,M_19817,3,PAN
M_19817,M_96282,3,PAN
M_96282,M_45036,3,PAN
M_45036,M_18952,1,IP
M_18952,M_9191,1,IP
M_9191,M_41630,3,PAN
M_41630,M_20949,2,DEVICE
M_20949,M_58310,2,DEVICE
M_13061,M_43435,1,IP
M_43435,M_6619,3,PAN
M_6619,M_61049,2,DEVICE
M_61049,M_77866,2,DEVICE
M_77866,M_15176,3,PAN
M_15176,M_14530,3,PAN
M_14530,M_96765,3,PAN
M_96765,M_7234,3,PAN
M_7234,M_13061,2,DEVICE
M_77784,M_55753,3,PAN
M_55753,M_72753,1,IP
M_72753,M_29877,3,PAN
M_29877,M_99074,1,IP
M_99074,M_65004,3,PAN
M_65004,M_87382,1,IP
M_87382,M_56931,1,IP
M_56931,M_53598,1,IP
M_53598,M_3652,1,IP
M_3652,M_77784,3,PAN
M_33027,M_32124,2,DEVICE
M_32124,M_10099,2,DEVICE
M_10099,M_67220,3,PAN
M_67220,M_70220,1,IP
M_70220,M_52254,3,PAN
M_52254,M_95403,3,PAN
M_95403,M_82699,1,IP
M_82699,M_36615,3,PAN
M_36615,M_46148,3,PAN
M_46148,M_30150,3,PAN
M_30150,M_56397,2,DEVICE
M_56397,M_33027,1,IP
M_74919,M_12808,2,DEVICE
M_12808,M_52138,2,DEVICE
M_52138,M_59531,2,DEVICE
M_59531,M_57437,2,DEVICE
M_57437,M_74919,1,IP
M_36542,M_75859,3,PAN
M_75859,M_85899,3,PAN
M_85899,M_91805,2,DEVICE
M_91805,M_63234,3,PAN
M_63234,M_12990,3,PAN
M_12990,M_36542,3,PAN
M_96053,M_33143,1,IP
M_33143,M_81956,3,PAN
M_81956,M_47326,2,DEVICE
M_47326,M_82268,2,DEVICE
M_82268,M_82635,3,PAN
M_82635,M_39108,3,PAN
M_39108,M_79774,3,PAN
M_79774,M_74514,2,DEVICE
M_74514,M_89743,3,PAN
M_89743,M_6537,2,DEVICE
M_6537,M_31245,3,PAN
M_31245,M_35472,3,PAN
M_35472,M_13717,3,PAN
M_13717,M_96053,3,PAN
M_19167,M_22195,3,PAN
M_22195,M_40096,1,IP
M_40096,M_78942,3,PAN
M_78942,M_39183,2,DEVICE
M_39183,M_88403,2,DEVICE
M_88403,M_19167,2,DEVICE
M_58441,M_63444,3,PAN
M_63444,M_15972,2,DEVICE
M_15972,M_34156,3,PAN
M_34156,M_3726,2,DEVICE
M_3726,M_94746,3,PAN
M_94746,M_72709,2,DEVICE
M_72709,M_66176,2,DEVICE
M_66176,M_84063,2,DEVICE
M_84063,M_58441,3,PAN
M_11656,M_97485,2,DEVICE
M_97485,M_34236,2,DEVICE
M_34236,M_59436,3,PAN
M_59436,M_93060,3,PAN
M_93060,M_48906,3,PAN
M_48906,M_10398,3,PAN
M_10398,M_25210,2,DEVICE
M_25210,M_83722,3,PAN
M_83722,M_54419,2,DEVICE
M_54419,M_84665,2,DEVICE
M_84665,M_14107,2,DEVICE
M_14107,M_11656,2,DEVICE
M_13558,M_64323,2,DEVICE
M_64323,M_53674,3,PAN
M_53674,M_78432,1,IP
M_78432,M_19187,1,IP
M_19187,M_29251,3,PAN
M_29251,M_33379,1,IP
M_33379,M_93256,1,IP
M_93256,M_25954,3,PAN
M_25954,M_34450,2,DEVICE
M_34450,M_90724,2,DEVICE
M_90724,M_79593,3,PAN
M_79593,M_13558,3,PAN
M_56957,M_87363,3,PAN
M_87363,M_32700,2,DEVICE
M_32700,M_75,3,PAN
M_75,M_72103,2,DEVICE
M_72103,M_80270,2,DEVICE
M_80270,M_11444,2,DEVICE
M_11444,M_54828,3,PAN
M_54828,M_36156,3,PAN
M_36156,M_83470,3,PAN
M_83470,M_33688,3,PAN
M_33688,M_56957,3,PAN
M_27772,M_33313,3,PAN
M_33313,M_35024,2,DEVICE
M_35024,M_59880,3,PAN
M_59880,M_83210,3,PAN
M_83210,M_27772,1,IP
M_18986,M_81713,2,DEVICE
M_81713,M_69966,1,IP
M_69966,M_87751,2,DEVICE
M_87751,M_18072,3,PAN
M_18072,M_46552,1,IP
M_46552,M_18986,1,IP
M_97713,M_16163,2,DEVICE
M_16163,M_48070,3,PAN
M_48070,M_28326,3,PAN
M_28326,M_81955,2,DEVICE
M_81955,M_53474,2,DEVICE
M_53474,M_2584,3,PAN
M_2584,M_5205,3,PAN
M_5205,M_52622,3,PAN
M_52622,M_97261,3,PAN
M_97261,M_16457,3,PAN
M_16457,M_95665,1,IP
M_95665,M_28260,3,PAN
M_28260,M_48454,3,PAN
M_48454,M_20683,3,PAN
M_20683,M_97713,2,DEVICE
M_18074,M_82217,2,DEVICE
M_82217,M_34303,2,DEVICE
M_34303,M_16578,1,IP
M_16578,M_64481,1,IP
M_64481,M_67158,1,IP
M_67158,M_89651,1,IP
M_89651,M_40679,3,PAN
M_40679,M_37105,2,DEVICE
M_37105,M_7433,3,PAN
M_7433,M_23448,2,DEVICE
M_23448,M_18074,3,PAN
M_40172,M_8361,3,PAN
M_8361,M_95393,2,DEVICE
M_95393,M_74516,2,DEVICE
M_74516,M_78835,3,PAN
M_78835,M_1113,2,DEVICE
M_1113,M_24025,3,PAN
M_24025,M_13715,2,DEVICE
M_13715,M_5992,3,PAN
M_5992,M_66069,3,PAN
M_66069,M_28099,2,DEVICE
M_28099,M_78812,2,DEVICE
M_78812,M_37991,1,IP
M_37991,M_84894,2,DEVICE
M_84894,M_40172,1,IP
M_95452,M_30326,3,PAN
M_30326,M_11193,3,PAN
M_11193,M_67268,1,IP
M_67268,M_71517,3,PAN
M_71517,M_22192,2,DEVICE
M_22192,M_53637,3,PAN
M_53637,M_95452,3,PAN
M_80776,M_11397,2,DEVICE
M_11397,M_66539,2,DEVICE
M_66539,M_61832,3,PAN
M_61832,M_23402,3,PAN
M_23402,M_91166,3,PAN
M_91166,M_80776,3,PAN
M_78695,M_85728,3,PAN
M_85728,M_18870,1,IP
M_18870,M_43643,3,PAN
M_43643,M_33595,3,PAN
M_33595,M_93671,3,PAN
M_93671,M_78695,3,PAN
M_43421,M_89155,2,DEVICE
M_89155,M_50719,2,DEVICE
M_50719,M_87088,1,IP
M_87088,M_39045,3,PAN
M_39045,M_45723,2,DEVICE
M_45723,M_33586,1,IP
M_33586,M_1939,1,IP
M_1939,M_86527,1,IP
M_86527,M_3365,3,PAN
M_3365,M_1656,1,IP
M_1656,M_79583,1,IP
M_79583,M_67520,2,DEVICE
M_67520,M_59216,2,DEVICE
M_59216,M_50601,1,IP
M_50601,M_43421,3,PAN
M_2771,M_81759,2,DEVICE
M_81759,M_28060,2,DEVICE
M_28060,M_16763,2,DEVICE
M_16763,M_15710,2,DEVICE
M_15710,M_24272,3,PAN
M_24272,M_2858,3,PAN
M_2858,M_11526,3,PAN
M_11526,M_2771,2,DEVICE
M_77466,M_54619,1,IP
M_54619,M_61573,2,DEVICE
M_61573,M_99997,2,DEVICE
M_99997,M_65927,3,PAN
M_65927,M_29860,2,DEVICE
M_29860,M_2832,1,IP
M_2832,M_81131,2,DEVICE
M_81131,M_11188,1,IP
M_11188,M_71880,1,IP
M_71880,M_77466,3,PAN
M_37555,M_61660,2,DEVICE
M_61660,M_61984,2,DEVICE
M_61984,M_34302,3,PAN
M_34302,M_74896,3,PAN
M_74896,M_37955,3,PAN
M_37955,M_1528,3,PAN
M_1528,M_67281,2,DEVICE
M_67281,M_21389,3,PAN
M_21389,M_89248,3,PAN
M_89248,M_93679,2,DEVICE
M_93679,M_21836,3,PAN
M_21836,M_37555,1,IP
M_26288,M_10156,3,PAN
M_10156,M_38361,1,IP
M_38361,M_83656,1,IP
M_83656,M_67690,2,DEVICE
M_67690,M_58702,2,DEVICE
M_58702,M_18038,3,PAN
M_18038,M_71469,2,DEVICE
M_71469,M_9523,3,PAN
M_9523,M_75535,3,PAN
M_75535,M_89765,3,PAN
M_89765,M_24833,2,DEVICE
M_24833,M_42201,3,PAN
M_42201,M_69450,3,PAN
M_69450,M_26288,3,PAN
M_24570,M_52468,2,DEVICE
M_52468,M_44647,3,PAN
M_44647,M_45868,2,DEVICE
M_45868,M_16290,3,PAN
M_16290,M_86927,2,DEVICE
M_86927,M_28551,3,PAN
M_28551,M_78879,1,IP
M_78879,M_83893,3,PAN
M_83893,M_24570,3,PAN
M_15528,M_41824,3,PAN
M_41824,M_64380,3,PAN
M_64380,M_89796,3,PAN
M_89796,M_72790,1,IP
M_72790,M_96879,2,DEVICE
M_96879,M_4795,3,PAN
M_4795,M_19924,3,PAN
M_19924,M_86660,3,PAN
M_86660,M_25725,3,PAN
M_25725,M_74317,3,PAN
M_74317,M_72628,3,PAN
M_72628,M_72586,3,PAN
M_72586,M_61432,1,IP
M_61432,M_99922,2,DEVICE
M_99922,M_15528,1,IP
M_29144,M_88883,3,PAN
M_88883,M_69995,1,IP
M_69995,M_24895,3,PAN
M_24895,M_77176,3,PAN
M_77176,M_49743,1,IP
M_49743,M_91742,3,PAN
M_91742,M_29144,3,PAN
M_34644,M_79997,2,DEVICE
M_79997,M_78952,2,DEVICE
M_78952,M_21693,3,PAN
M_21693,M_52879,3,PAN
M_52879,M_90915,1,IP
M_90915,M_82072,3,PAN
M_82072,M_94255,3,PAN
M_94255,M_67950,3,PAN
M_67950,M_34644,1,IP
M_68908,M_71801,2,DEVICE
M_71801,M_80326,3,PAN
M_80326,M_91033,1,IP
M_91033,M_65150,3,PAN
M_65150,M_39833,1,IP
M_39833,M_18313,3,PAN
M_18313,M_43795,3,PAN
M_43795,M_1318,3,PAN
M_1318,M_4210,1,IP
M_4210,M_45561,1,IP
M_45561,M_35286,2,DEVICE
M_35286,M_34397,3,PAN
M_34397,M_90550,3,PAN
M_90550,M_68908,3,PAN
M_61835,M_55776,3,PAN
M_55776,M_95355,2,DEVICE
M_95355,M_15828,2,DEVICE
M_15828,M_54789,1,IP
M_54789,M_65194,3,PAN
M_65194,M_72788,3,PAN
M_72788,M_45599,2,DEVICE
M_45599,M_9722,3,PAN
M_9722,M_73497,2,DEVICE
M_73497,M_58509,2,DEVICE
M_58509,M_61835,3,PAN
M_75758,M_57098,3,PAN
M_57098,M_13905,1,IP
M_13905,M_79890,2,DEVICE
M_79890,M_50406,2,DEVICE
M_50406,M_6983,2,DEVICE
M_6983,M_11330,2,DEVICE
M_11330,M_64908,3,PAN
M_64908,M_75758,1,IP
M_25818,M_77923,3,PAN
M_77923,M_15558,3,PAN
M_15558,M_21704,2,DEVICE
M_21704,M_27179,2,DEVICE
M_27179,M_61235,3,PAN
M_61235,M_97856,2,DEVICE
M_97856,M_43560,2,DEVICE
M_43560,M_73209,2,DEVICE
M_73209,M_39561,3,PAN
M_39561,M_89060,3,PAN
M_89060,M_25818,3,PAN
M_41598,M_29256,1,IP
M_29256,M_45898,2,DEVICE
M_45898,M_99174,3,PAN
M_99174,M_6413,1,IP
M_6413,M_44583,3,PAN
M_44583,M_87793,2,DEVICE
M_87793,M_76095,3,PAN
M_76095,M_69769,2,DEVICE
M_69769,M_36056,2,DEVICE
M_36056,M_84465,2,DEVICE
M_84465,M_31500,3,PAN
M_31500,M_85852,3,PAN
M_85852,M_78237,3,PAN
M_78237,M_7427,1,IP
M_7427,M_41598,3,PAN
M_66775,M_64541,2,DEVICE
M_64541,M_18573,3,PAN
M_18573,M_19077,3,PAN
M_19077,M_59043,3,PAN
M_59043,M_56732,2,DEVICE
M_56732,M_59294,1,IP
M_59294,M_31800,3,PAN
M_31800,M_881,1,IP
M_881,M_59384,3,PAN
M_59384,M_5058,3,PAN
M_5058,M_23067,1,IP
M_23067,M_93177,1,IP
M_93177,M_94984,3,PAN
M_94984,M_11356,2,DEVICE
M_11356,M_66775,1,IP
M_36500,M_11725,2,DEVICE
M_11725,M_8305,2,DEVICE
M_8305,M_38048,3,PAN
M_38048,M_29631,3,PAN
M_29631,M_41329,2,DEVICE
M_41329,M_4046,2,DEVICE
M_4046,M_1599,3,PAN
M_1599,M_426,3,PAN
M_426,M_94814,3,PAN
M_94814,M_24949,3,PAN
M_24949,M_41593,3,PAN
M_41593,M_36500,3,PAN
M_69978,M_41884,1,IP
M_41884,M_61446,2,DEVICE
M_61446,M_76815,3,PAN
M_76815,M_68569,3,PAN
M_68569,M_18054,3,PAN
M_18054,M_7317,2,DEVICE
M_7317,M_93178,2,DEVICE
M_93178,M_15211,2,DEVICE
M_15211,M_49954,2,DEVICE
M_49954,M_67612,3,PAN
M_67612,M_73347,3,PAN
M_73347,M_69978,3,PAN
M_87285,M_42134,3,PAN
M_42134,M_3463,3,PAN
M_3463,M_78126,2,DEVICE
M_78126,M_87016,3,PAN
M_87016,M_4350,2,DEVICE
M_4350,M_87285,3,PAN
M_72358,M_11159,2,DEVICE
M_11159,M_14571,3,PAN
M_14571,M_65914,3,PAN
M_65914,M_82741,3,PAN
M_82741,M_67899,2,DEVICE
M_67899,M_72358,3,PAN
M_11255,M_73647,1,IP
M_73647,M_68385,1,IP
M_68385,M_84062,1,IP
M_84062,M_14555,3,PAN
M_14555,M_37905,2,DEVICE
M_37905,M_29402,3,PAN
M_29402,M_34086,1,IP
M_34086,M_48868,2,DEVICE
M_48868,M_11255,3,PAN
M_79100,M_17499,1,IP
M_17499,M_10127,1,IP
M_10127,M_65354,2,DEVICE
M_65354,M_19150,3,PAN
M_19150,M_47845,2,DEVICE
M_47845,M_68782,1,IP
M_68782,M_87827,2,DEVICE
M_87827,M_94206,3,PAN
M_94206,M_56993,2,DEVICE
M_56993,M_79100,1,IP
M_23717,M_9629,3,PAN
M_9629,M_41629,3,PAN
M_41629,M_36805,3,PAN
M_36805,M_19254,3,PAN
M_19254,M_75716,2,DEVICE
M_75716,M_74635,3,PAN
M_74635,M_69510,2,DEVICE
M_69510,M_23717,3,PAN
M_45227,M_7253,1,IP
M_7253,M_30998,2,DEVICE
M_30998,M_91096,2,DEVICE
M_91096,M_90809,3,PAN
M_90809,M_80927,1,IP
M_80927,M_64989,2,DEVICE
M_64989,M_74570,3,PAN
M_74570,M_22729,1,IP
M_22729,M_45227,3,PAN
M_20645,M_98541,2,DEVICE
M_98541,M_53743,3,PAN
M_53743,M_25649,2,DEVICE
M_25649,M_43640,3,PAN
M_43640,M_4169,3,PAN
M_4169,M_30206,3,PAN
M_30206,M_77804,1,IP
M_77804,M_75499,3,PAN
M_75499,M_98798,2,DEVICE
M_98798,M_72960,2,DEVICE
M_72960,M_16621,1,IP
M_16621,M_85413,3,PAN
M_85413,M_72673,2,DEVICE
M_72673,M_20645,1,IP
M_79250,M_69899,3,PAN
M_69899,M_75484,1,IP
M_75484,M_57338,3,PAN
M_57338,M_7054,3,PAN
M_7054,M_15520,3,PAN
M_15520,M_55410,1,IP
M_55410,M_83538,1,IP
M_83538,M_64933,2,DEVICE
M_64933,M_38787,2,DEVICE
M_38787,M_22468,3,PAN
M_22468,M_42811,3,PAN
M_42811,M_90225,3,PAN
M_90225,M_81782,3,PAN
M_81782,M_40585,3,PAN
M_40585,M_79250,2,DEVICE
M_36824,M_10024,3,PAN
M_10024,M_84936,3,PAN
M_84936,M_89951,3,PAN
M_89951,M_86162,3,PAN
M_86162,M_3792,3,PAN
M_3792,M_62777,3,PAN
M_62777,M_86065,3,PAN
M_86065,M_36824,2,DEVICE
M_26915,M_16663,1,IP
M_16663,M_84632,2,DEVICE
M_84632,M_41764,2,DEVICE
M_41764,M_16657,1,IP
M_16657,M_9429,2,DEVICE
M_9429,M_89293,2,DEVICE
M_89293,M_71820,3,PAN
M_71820,M_44931,3,PAN
M_44931,M_25365,3,PAN
M_25365,M_6784,3,PAN
M_6784,M_26915,2,DEVICE
M_5169,M_14747,3,PAN
M_14747,M_52300,2,DEVICE
M_52300,M_12753,1,IP
M_12753,M_6508,3,PAN
M_6508,M_4834,3,PAN
M_4834,M_20697,3,PAN
M_20697,M_61267,3,PAN
M_61267,M_53814,1,IP
M_53814,M_93965,2,DEVICE
M_93965,M_44442,2,DEVICE
M_44442,M_80460,2,DEVICE
M_80460,M_25154,2,DEVICE
M_25154,M_5169,2,DEVICE
M_74555,M_33172,3,PAN
M_33172,M_46504,3,PAN
M_46504,M_2455,2,DEVICE
M_2455,M_53723,1,IP
M_53723,M_49106,2,DEVICE
M_49106,M_31440,2,DEVICE
M_31440,M_92352,1,IP
M_92352,M_77469,3,PAN
M_77469,M_48575,3,PAN
M_48575,M_84205,1,IP
M_84205,M_74555,1,IP
M_40826,M_91478,2,DEVICE
M_91478,M_37343,3,PAN
M_37343,M_6654,1,IP
M_6654,M_92286,2,DEVICE
M_92286,M_40826,2,DEVICE
M_82665,M_14431,2,DEVICE
M_14431,M_8434,1,IP
M_8434,M_48451,1,IP
M_48451,M_78210,2,DEVICE
M_78210,M_43246,2,DEVICE
M_43246,M_77610,2,DEVICE
M_77610,M_58539,2,DEVICE
M_58539,M_11233,3,PAN
M_11233,M_1753,3,PAN
M_1753,M_7043,3,PAN
M_7043,M_82665,2,DEVICE
M_92412,M_90887,3,PAN
M_90887,M_362,3,PAN
M_362,M_54762,1,IP
M_54762,M_86613,2,DEVICE
M_86613,M_84550,3,PAN
M_84550,M_14579,3,PAN
M_14579,M_92412,2,DEVICE
M_29491,M_91607,3,PAN
M_91607,M_45262,3,PAN
M_45262,M_73284,3,PAN
M_73284,M_54722,2,DEVICE
M_54722,M_58549,3,PAN
M_58549,M_26067,2,DEVICE
M_26067,M_92722,3,PAN
M_92722,M_35935,3,PAN
M_35935,M_30179,3,PAN
M_30179,M_8309,1,IP
M_8309,M_42065,3,PAN
M_42065,M_29491,3,PAN
M_71228,M_805,3,PAN
M_805,M_91280,2,DEVICE
M_91280,M_81313,3,PAN
M_81313,M_90191,1,IP
M_90191,M_47890,2,DEVICE
M_47890,M_66328,2,DEVICE
M_66328,M_17535,2,DEVICE
M_17535,M_18035,3,PAN
M_18035,M_71228,1,IP
M_67629,M_19860,3,PAN
M_19860,M_12075,2,DEVICE
M_12075,M_14785,3,PAN
M_14785,M_45417,2,DEVICE
M_45417,M_91062,2,DEVICE
M_91062,M_36873,1,IP
M_36873,M_86560,3,PAN
M_86560,M_14364,2,DEVICE
M_14364,M_39605,2,DEVICE
M_39605,M_99271,3,PAN
M_99271,M_35358,2,DEVICE
M_35358,M_67629,2,DEVICE
M_11323,M_61397,2,DEVICE
M_61397,M_45438,1,IP
M_45438,M_97529,3,PAN
M_97529,M_69070,3,PAN
M_69070,M_93076,3,PAN
M_93076,M_11568,3,PAN
M_11568,M_99296,3,PAN
M_99296,M_36008,1,IP
M_36008,M_39306,3,PAN
M_39306,M_99227,2,DEVICE
M_99227,M_12842,3,PAN
M_12842,M_95394,3,PAN
M_95394,M_52183,1,IP
M_52183,M_48840,2,DEVICE
M_48840,M_11323,3,PAN
M_17445,M_48031,3,PAN
M_48031,M_34619,3,PAN
M_34619,M_5680,3,PAN
M_5680,M_91904,2,DEVICE
M_91904,M_11670,3,PAN
M_11670,M_59889,1,IP
M_59889,M_17270,2,DEVICE
M_17270,M_17445,3,PAN
M_8063,M_37022,1,IP
M_37022,M_82706,3,PAN
M_82706,M_2751,3,PAN
M_2751,M_99910,3,PAN
M_99910,M_71000,3,PAN
M_71000,M_94081,3,PAN
M_94081,M_6514,3,PAN
M_6514,M_25984,2,DEVICE
M_25984,M_18835,3,PAN
M_18835,M_6232,3,PAN
M_6232,M_91739,2,DEVICE
M_91739,M_26626,3,PAN
M_26626,M_4004,2,DEVICE
M_4004,M_87981,2,DEVICE
M_87981,M_8063,3,PAN
M_42328,M_29933,3,PAN
M_29933,M_33592,3,PAN
M_33592,M_89620,2,DEVICE
M_89620,M_52321,2,DEVICE
M_52321,M_93726,2,DEVICE
M_93726,M_42328,3,PAN
M_10194,M_17630,1,IP
M_17630,M_88322,3,PAN
M_88322,M_52927,1,IP
M_52927,M_19265,1,IP
M_19265,M_10194,3,PAN
M_13123,M_19146,3,PAN
M_19146,M_16072,1,IP
M_16072,M_23058,3,PAN
M_23058,M_38559,1,IP
M_38559,M_42185,2,DEVICE
M_42185,M_30748,3,PAN
M_30748,M_65283,2,DEVICE
M_65283,M_73141,3,PAN
M_73141,M_63604,3,PAN
M_63604,M_39585,1,IP
M_39585,M_23437,3,PAN
M_23437,M_35788,1,IP
M_35788,M_14869,1,IP
M_14869,M_14490,3,PAN
M_14490,M_13123,2,DEVICE
M_58163,M_93146,3,PAN
M_93146,M_37641,2,DEVICE
M_37641,M_68756,1,IP
M_68756,M_38086,1,IP
M_38086,M_29164,1,IP
M_29164,M_58163,3,PAN
M_46819,M_33607,3,PAN
M_33607,M_31370,1,IP
M_31370,M_79297,3,PAN
M_79297,M_3276,3,PAN
M_3276,M_51352,3,PAN
M_51352,M_26534,3,PAN
M_26534,M_46819,3,PAN
M_72171,M_56737,3,PAN
M_56737,M_73004,1,IP
M_73004,M_4768,2,DEVICE
M_4768,M_24308,3,PAN
M_24308,M_92295,2,DEVICE
M_92295,M_12312,3,PAN
M_12312,M_31043,2,DEVICE
M_31043,M_76532,3,PAN
M_76532,M_33547,2,DEVICE
M_33547,M_72171,3,PAN
M_13814,M_85953,2,DEVICE
M_85953,M_40013,2,DEVICE
M_40013,M_11497,2,DEVICE
M_11497,M_36396,3,PAN
M_36396,M_50066,2,DEVICE
M_50066,M_87581,2,DEVICE
M_87581,M_20093,3,PAN
M_20093,M_10355,3,PAN
M_10355,M_13814,3,PAN
M_99066,M_81086,3,PAN
M_81086,M_69432,3,PAN
M_69432,M_5827,3,PAN
M_5827,M_37255,2,DEVICE
M_37255,M_32052,2,DEVICE
M_32052,M_50081,2,DEVICE
M_50081,M_99066,2,DEVICE
M_90702,M_44961,1,IP
M_44961,M_81359,2,DEVICE
M_81359,M_82153,2,DEVICE
M_82153,M_94720,3,PAN
M_94720,M_65252,2,DEVICE
M_65252,M_20047,2,DEVICE
M_20047,M_84715,2,DEVICE
M_84715,M_90702,2,DEVICE
M_32317,M_2577,1,IP
M_2577,M_46362,1,IP
M_46362,M_70640,2,DEVICE
M_70640,M_573,1,IP
M_573,M_95689,1,IP
M_95689,M_48192,3,PAN
M_48192,M_57269,2,DEVICE
M_57269,M_87534,3,PAN
M_87534,M_32317,3,PAN
M_16438,M_16668,3,PAN
M_16668,M_10009,3,PAN
M_10009,M_79817,3,PAN
M_79817,M_84814,3,PAN
M_84814,M_80426,2,DEVICE
M_80426,M_75432,1,IP
M_75432,M_46041,1,IP
M_46041,M_8237,3,PAN
M_8237,M_16438,3,PAN
M_3764,M_24957,1,IP
M_24957,M_36048,3,PAN
M_36048,M_77490,1,IP
M_77490,M_25778,2,DEVICE
M_25778,M_95822,2,DEVICE
M_95822,M_63362,3,PAN
M_63362,M_76239,3,PAN
M_76239,M_3764,2,DEVICE
M_93136,M_80363,1,IP
M_80363,M_58610,2,DEVICE
M_58610,M_57579,3,PAN
M_57579,M_62568,3,PAN
M_62568,M_89644,3,PAN
M_89644,M_12061,3,PAN
M_12061,M_17227,2,DEVICE
M_17227,M_81929,2,DEVICE
M_81929,M_39733,1,IP
M_39733,M_47939,3,PAN
M_47939,M_1285,3,PAN
M_1285,M_37288,1,IP
M_37288,M_33342,2,DEVICE
M_33342,M_93136,2,DEVICE
M_52921,M_39802,2,DEVICE
M_39802,M_79300,1,IP
M_79300,M_30894,3,PAN
M_30894,M_97402,3,PAN
M_97402,M_19900,2,DEVICE
M_19900,M_98997,3,PAN
M_98997,M_30490,1,IP
M_30490,M_5265,3,PAN
M_5265,M_52921,3,PAN
M_95641,M_53714,1,IP
M_53714,M_15856,2,DEVICE
M_15856,M_44656,3,PAN
M_44656,M_1319,3,PAN
M_1319,M_99532,3,PAN
M_99532,M_89829,3,PAN
M_89829,M_36223,2,DEVICE
M_36223,M_21746,3,PAN
M_21746,M_57852,3,PAN
M_57852,M_8785,3,PAN
M_8785,M_5819,2,DEVICE
M_5819,M_24261,2,DEVICE
M_24261,M_56761,2,DEVICE
M_56761,M_95641,2,DEVICE
M_90875,M_30447,1,IP
M_30447,M_55399,3,PAN
M_55399,M_65895,1,IP
M_65895,M_59351,2,DEVICE
M_59351,M_90875,3,PAN
M_48619,M_32762,2,DEVICE
M_32762,M_40478,2,DEVICE
M_40478,M_19104,3,PAN
M_19104,M_52990,3,PAN
M_52990,M_31427,1,IP
M_31427,M_2131,3,PAN
M_2131,M_91673,3,PAN
M_91673,M_88748,3,PAN
M_88748,M_83607,3,PAN
M_83607,M_13495,1,IP
M_13495,M_54190,2,DEVICE
M_54190,M_23147,1,IP
M_23147,M_48619,3,PAN
M_38225,M_53075,3,PAN
M_53075,M_50282,3,PAN
M_50282,M_77390,3,PAN
M_77390,M_80081,2,DEVICE
M_80081,M_20539,3,PAN
M_20539,M_4911,3,PAN
M_4911,M_88729,1,IP
M_88729,M_4409,2,DEVICE
M_4409,M_11319,3,PAN
M_11319,M_64843,2,DEVICE
M_64843,M_56229,2,DEVICE
M_56229,M_98332,1,IP
M_98332,M_38225,2,DEVICE
M_38755,M_30892,3,PAN
M_30892,M_30301,3,PAN
M_30301,M_29910,2,DEVICE
M_29910,M_15830,2,DEVICE
M_15830,M_81143,2,DEVICE
M_81143,M_26499,2,DEVICE
M_26499,M_1068,3,PAN
M_1068,M_92655,3,PAN
M_92655,M_72875,3,PAN
M_72875,M_22482,3,PAN
M_22482,M_60891,2,DEVICE
M_60891,M_33080,1,IP
M_33080,M_79513,3,PAN
M_79513,M_25469,2,DEVICE
M_25469,M_38755,3,PAN
M_43763,M_82228,2,DEVICE
M_82228,M_52703,3,PAN
M_52703,M_49018,2,DEVICE
M_49018,M_19606,3,PAN
M_19606,M_43763,3,PAN
M_18238,M_77566,3,PAN
M_77566,M_33320,3,PAN
M_33320,M_17869,3,PAN
M_17869,M_24658,1,IP
M_24658,M_97291,3,PAN
M_97291,M_26803,2,DEVICE
M_26803,M_33178,1,IP
M_33178,M_36948,2,DEVICE
M_36948,M_93354,3,PAN
M_93354,M_96464,2,DEVICE
M_96464,M_18238,3,PAN
M_52003,M_82807,2,DEVICE
M_82807,M_95060,3,PAN
M_95060,M_74058,2,DEVICE
M_74058,M_39272,1,IP
M_39272,M_77083,3,PAN
M_77083,M_1217,3,PAN
M_1217,M_34207,3,PAN
M_34207,M_58207,2,DEVICE
M_58207,M_63056,3,PAN
M_63056,M_23347,2,DEVICE
M_23347,M_52003,2,DEVICE
M_42785,M_83545,3,PAN
M_83545,M_65965,3,PAN
M_65965,M_69310,3,PAN
M_69310,M_23721,2,DEVICE
M_23721,M_2780,3,PAN
M_2780,M_698,3,PAN
M_698,M_3412,3,PAN
M_3412,M_80526,2,DEVICE
M_80526,M_87652,1,IP
M_87652,M_42785,3,PAN
M_97509,M_84691,3,PAN
M_84691,M_4810,3,PAN
M_4810,M_59760,3,PAN
M_59760,M_9136,1,IP
M_9136,M_42813,3,PAN
M_42813,M_79271,2,DEVICE
M_79271,M_28301,1,IP
M_28301,M_90429,2,DEVICE
M_90429,M_11121,3,PAN
M_11121,M_8288,2,DEVICE
M_8288,M_36141,3,PAN
M_36141,M_90060,3,PAN
M_90060,M_19873,1,IP
M_19873,M_46078,3,PAN
M_46078,M_97509,3,PAN
M_41486,M_26009,3,PAN
M_26009,M_74813,2,DEVICE
M_74813,M_16284,2,DEVICE
M_16284,M_95245,2,DEVICE
M_95245,M_58277,3,PAN
M_58277,M_28928,3,PAN
M_28928,M_90526,3,PAN
M_90526,M_7483,2,DEVICE
M_7483,M_82191,2,DEVICE
M_82191,M_79133,2,DEVICE
M_79133,M_21983,1,IP
M_21983,M_60829,2,DEVICE
M_60829,M_91389,3,PAN
M_91389,M_10446,2,DEVICE
M_10446,M_41486,2,DEVICE
M_85610,M_36814,1,IP
M_36814,M_8098,3,PAN
M_8098,M_26223,2,DEVICE
M_26223,M_22355,3,PAN
M_22355,M_80806,2,DEVICE
M_80806,M_85610,1,IP
M_49824,M_99081,3,PAN
M_99081,M_51472,3,PAN
M_51472,M_34384,2,DEVICE
M_34384,M_7639,2,DEVICE
M_7639,M_53855,1,IP
M_53855,M_49824,3,PAN
M_74322,M_94804,1,IP
M_94804,M_61761,2,DEVICE
M_61761,M_99838,3,PAN
M_99838,M_41653,3,PAN
M_41653,M_16666,2,DEVICE
M_16666,M_45212,3,PAN
M_45212,M_57191,2,DEVICE
M_57191,M_78724,2,DEVICE
M_78724,M_75131,3,PAN
M_75131,M_6708,3,PAN
M_6708,M_21000,1,IP
M_21000,M_7709,2,DEVICE
M_7709,M_66132,2,DEVICE
M_66132,M_78219,2,DEVICE
M_78219,M_74322,2,DEVICE
M_84791,M_70238,2,DEVICE
M_70238,M_49556,2,DEVICE
M_49556,M_58265,3,PAN
M_58265,M_41317,3,PAN
M_41317,M_43026,2,DEVICE
M_43026,M_61189,3,PAN
M_61189,M_38789,2,DEVICE
M_38789,M_84791,1,IP
M_19470,M_39055,3,PAN
M_39055,M_296,3,PAN
M_296,M_41944,2,DEVICE
M_41944,M_67195,3,PAN
M_67195,M_7003,2,DEVICE
M_7003,M_86891,2,DEVICE
M_86891,M_22399,3,PAN
M_22399,M_52232,2,DEVICE
M_52232,M_71151,2,DEVICE
M_71151,M_82757,3,PAN
M_82757,M_85251,3,PAN
M_85251,M_18194,3,PAN
M_18194,M_82585,1,IP
M_82585,M_97649,3,PAN
M_97649,M_19470,3,PAN
M_45231,M_33561,3,PAN
M_33561,M_7568,3,PAN
M_7568,M_20884,2,DEVICE
M_20884,M_12986,3,PAN
M_12986,M_45231,2,DEVICE
M_43440,M_88999,3,PAN
M_88999,M_18684,3,PAN
M_18684,M_43866,3,PAN
M_43866,M_29421,2,DEVICE
M_29421,M_36350,1,IP
M_36350,M_26054,3,PAN
M_26054,M_43440,1,IP
M_41712,M_40667,2,DEVICE
M_40667,M_87683,2,DEVICE
M_87683,M_93910,3,PAN
M_93910,M_76426,3,PAN
M_76426,M_98723,3,PAN
M_98723,M_35583,2,DEVICE
M_35583,M_59258,3,PAN
M_59258,M_97677,1,IP
M_97677,M_64780,3,PAN
M_64780,M_715,1,IP
M_715,M_41712,3,PAN
M_45634,M_64457,2,DEVICE
M_64457,M_49682,3,PAN
M_49682,M_71119,3,PAN
M_71119,M_94952,3,PAN
M_94952,M_35852,2,DEVICE
M_35852,M_44078,3,PAN
M_44078,M_2186,2,DEVICE
M_2186,M_45634,1,IP
M_54994,M_96279,3,PAN
M_96279,M_12046,3,PAN
M_12046,M_9960,3,PAN
M_9960,M_85803,3,PAN
M_85803,M_4588,2,DEVICE
M_4588,M_68954,3,PAN
M_68954,M_61270,3,PAN
M_61270,M_88617,2,DEVICE
M_88617,M_54233,3,PAN
M_54233,M_13833,2,DEVICE
M_13833,M_85380,1,IP
M_85380,M_61290,3,PAN
M_61290,M_86853,2,DEVICE
M_86853,M_54994,1,IP
M_23512,M_9711,2,DEVICE
M_9711,M_92073,2,DEVICE
M_92073,M_14042,2,DEVICE
M_14042,M_1414,2,DEVICE
M_1414,M_95750,2,DEVICE
M_95750,M_39819,2,DEVICE
M_39819,M_33202,2,DEVICE
M_33202,M_23512,2,DEVICE
M_81609,M_81641,1,IP
M_81641,M_26403,3,PAN
M_26403,M_35825,3,PAN
M_35825,M_54571,3,PAN
M_54571,M_72801,3,PAN
M_72801,M_82903,2,DEVICE
M_82903,M_68962,3,PAN
M_68962,M_71110,2,DEVICE
M_71110,M_81609,2,DEVICE
M_14240,M_37569,3,PAN
M_37569,M_95830,3,PAN
M_95830,M_79887,2,DEVICE
M_79887,M_2289,2,DEVICE
M_2289,M_56615,3,PAN
M_56615,M_5106,3,PAN
M_5106,M_60899,3,PAN
M_60899,M_29226,3,PAN
M_29226,M_14240,3,PAN
M_65170,M_54579,3,PAN
M_54579,M_45718,3,PAN
M_45718,M_8053,1,IP
M_8053,M_59903,2,DEVICE
M_59903,M_20370,3,PAN
M_20370,M_76346,2,DEVICE
M_76346,M_86822,1,IP
M_86822,M_53740,3,PAN
M_53740,M_36315,3,PAN
M_36315,M_43768,1,IP
M_43768,M_9259,2,DEVICE
M_9259,M_30569,1,IP
M_30569,M_65170,3,PAN
M_77668,M_92964,1,IP
M_92964,M_6442,3,PAN
M_6442,M_82540,2,DEVICE
M_82540,M_84056,1,IP
M_84056,M_69702,3,PAN
M_69702,M_73559,3,PAN
M_73559,M_52836,2,DEVICE
M_52836,M_92897,1,IP
M_92897,M_33857,3,PAN
M_33857,M_32683,1,IP
M_32683,M_94527,3,PAN
M_94527,M_50349,3,PAN
M_50349,M_57701,3,PAN
M_57701,M_63297,1,IP
M_63297,M_77668,3,PAN
M_42583,M_31378,3,PAN
M_31378,M_28777,1,IP
M_28777,M_86559,2,DEVICE
M_86559,M_64023,3,PAN
M_64023,M_9751,3,PAN
M_9751,M_66669,3,PAN
M_66669,M_76901,3,PAN
M_76901,M_35320,1,IP
M_35320,M_86810,2,DEVICE
M_86810,M_59863,3,PAN
M_59863,M_42583,2,DEVICE
M_67367,M_62728,3,PAN
M_62728,M_25627,3,PAN
M_25627,M_50020,3,PAN
M_50020,M_54958,3,PAN
M_54958,M_50265,2,DEVICE
M_50265,M_86552,3,PAN
M_86552,M_97514,2,DEVICE
M_97514,M_59260,3,PAN
M_59260,M_3621,2,DEVICE
M_3621,M_25022,3,PAN
M_25022,M_67367,3,PAN
M_37697,M_9581,3,PAN
M_9581,M_40062,3,PAN
M_40062,M_86625,3,PAN
M_86625,M_89320,2,DEVICE
M_89320,M_67357,3,PAN
M_67357,M_60130,2,DEVICE
M_60130,M_84464,2,DEVICE
M_84464,M_75345,2,DEVICE
M_75345,M_1169,2,DEVICE
M_1169,M_25475,3,PAN
M_25475,M_29197,2,DEVICE
M_29197,M_64498,2,DEVICE
M_64498,M_37697,2,DEVICE
M_9150,M_32856,3,PAN
M_32856,M_8550,2,DEVICE
M_8550,M_41867,3,PAN
M_41867,M_70930,3,PAN
M_70930,M_9150,3,PAN
M_75424,M_98088,2,DEVICE
M_98088,M_6994,1,IP
M_6994,M_9404,3,PAN
M_9404,M_12238,2,DEVICE
M_12238,M_72373,2,DEVICE
M_72373,M_93000,1,IP
M_93000,M_49772,2,DEVICE
M_49772,M_47934,3,PAN
M_47934,M_3102,3,PAN
M_3102,M_4643,2,DEVICE
M_4643,M_54698,3,PAN
M_54698,M_96156,1,IP
M_96156,M_71068,1,IP
M_71068,M_75424,1,IP
M_46002,M_49297,3,PAN
M_49297,M_89136,2,DEVICE
M_89136,M_36072,2,DEVICE
M_36072,M_38547,3,PAN
M_38547,M_94789,3,PAN
M_94789,M_9370,3,PAN
M_9370,M_46002,3,PAN
M_39558,M_20464,1,IP
M_20464,M_41432,3,PAN
M_41432,M_86913,2,DEVICE
M_86913,M_76808,3,PAN
M_76808,M_82289,3,PAN
M_82289,M_17240,3,PAN
M_17240,M_63376,2,DEVICE
M_63376,M_21992,2,DEVICE
M_21992,M_90984,1,IP
M_90984,M_55902,1,IP
M_55902,M_20148,3,PAN
M_20148,M_89458,2,DEVICE
M_89458,M_47303,3,PAN
M_47303,M_39558,3,PAN
M_77658,M_87195,2,DEVICE
M_87195,M_95461,3,PAN
M_95461,M_14743,3,PAN
M_14743,M_23108,3,PAN
M_23108,M_53779,3,PAN
M_53779,M_31131,1,IP
M_31131,M_59051,3,PAN
M_59051,M_60011,2,DEVICE
M_60011,M_51823,1,IP
M_51823,M_56722,2,DEVICE
M_56722,M_4026,3,PAN
M_4026,M_67058,1,IP
M_67058,M_90095,3,PAN
M_90095,M_66453,3,PAN
M_66453,M_77658,2,DEVICE
M_77185,M_14058,2,DEVICE
M_14058,M_60732,3,PAN
M_60732,M_54172,2,DEVICE
M_54172,M_88460,2,DEVICE
M_88460,M_94408,1,IP
M_94408,M_13243,3,PAN
M_13243,M_18569,3,PAN
M_18569,M_77641,1,IP
M_77641,M_12094,2,DEVICE
M_12094,M_77185,3,PAN
M_93203,M_29223,3,PAN
M_29223,M_10271,2,DEVICE
M_10271,M_22200,2,DEVICE
M_22200,M_58744,2,DEVICE
M_58744,M_47239,1,IP
M_47239,M_740,3,PAN
M_740,M_18723,3,PAN
M_18723,M_1025,2,DEVICE
M_1025,M_93203,1,IP
M_55144,M_91984,2,DEVICE
M_91984,M_47704,3,PAN
M_47704,M_58688,3,PAN
M_58688,M_92333,1,IP
M_92333,M_55144,3,PAN
M_30369,M_91804,3,PAN
M_91804,M_8260,2,DEVICE
M_8260,M_55838,3,PAN
M_55838,M_44233,3,PAN
M_44233,M_51414,2,DEVICE
M_51414,M_11554,3,PAN
M_11554,M_30369,2,DEVICE
M_42053,M_34918,3,PAN
M_34918,M_23375,2,DEVICE
M_23375,M_31505,3,PAN
M_31505,M_48249,1,IP
M_48249,M_93724,1,IP
M_93724,M_15286,1,IP
M_15286,M_44168,3,PAN
M_44168,M_45085,3,PAN
M_45085,M_51982,1,IP
M_51982,M_49100,3,PAN
M_49100,M_69276,2,DEVICE
M_69276,M_42053,1,IP
M_77990,M_51139,3,PAN
M_51139,M_27424,3,PAN
M_27424,M_5800,2,DEVICE
M_5800,M_43077,2,DEVICE
M_43077,M_34338,3,PAN
M_34338,M_69756,2,DEVICE
M_69756,M_66695,2,DEVICE
M_66695,M_77990,3,PAN
M_9448,M_14086,2,DEVICE
M_14086,M_61935,2,DEVICE
M_61935,M_51134,1,IP
M_51134,M_30874,3,PAN
M_30874,M_9448,1,IP
M_84875,M_25636,2,DEVICE
M_25636,M_14118,2,DEVICE
M_14118,M_56705,3,PAN
M_56705,M_98929,3,PAN
M_98929,M_94564,2,DEVICE
M_94564,M_19120,3,PAN
M_19120,M_84875,3,PAN
M_76017,M_53410,3,PAN
M_53410,M_2126,1,IP
M_2126,M_71256,2,DEVICE
M_71256,M_86766,1,IP
M_86766,M_58359,3,PAN
M_58359,M_98595,2,DEVICE
M_98595,M_29135,2,DEVICE
M_29135,M_26339,1,IP
M_26339,M_9921,3,PAN
M_9921,M_77541,3,PAN
M_77541,M_10513,1,IP
M_10513,M_28442,3,PAN
M_28442,M_49918,2,DEVICE
M_49918,M_76017,3,PAN
M_52790,M_16247,3,PAN
M_16247,M_80243,2,DEVICE
M_80243,M_25322,2,DEVICE
M_25322,M_64646,2,DEVICE
M_64646,M_46889,3,PAN
M_46889,M_94487,2,DEVICE
M_94487,M_28398,1,IP
M_28398,M_21809,3,PAN
M_21809,M_56545,3,PAN
M_56545,M_18930,3,PAN
M_18930,M_97771,2,DEVICE
M_97771,M_39636,3,PAN
M_39636,M_45625,2,DEVICE
M_45625,M_32850,3,PAN
M_32850,M_52790,2,DEVICE
M_33015,M_91221,2,DEVICE
M_91221,M_98882,3,PAN
M_98882,M_41817,3,PAN
M_41817,M_92983,2,DEVICE
M_92983,M_33015,3,PAN
M_9650,M_16034,1,IP
M_16034,M_36296,3,PAN
M_36296,M_27707,3,PAN
M_27707,M_34192,3,PAN
M_34192,M_27126,2,DEVICE
M_27126,M_23559,1,IP
M_23559,M_57781,3,PAN
M_57781,M_13829,3,PAN
M_13829,M_61465,3,PAN
M_61465,M_6685,1,IP
M_6685,M_74943,1,IP
M_74943,M_75124,3,PAN
M_75124,M_33675,2,DEVICE
M_33675,M_9650,2,DEVICE
M_60850,M_46357,3,PAN
M_46357,M_1571,2,DEVICE
M_1571,M_92384,2,DEVICE
M_92384,M_34167,3,PAN
M_34167,M_44045,3,PAN
M_44045,M_60850,3,PAN
M_90249,M_41258,3,PAN
M_41258,M_83442,3,PAN
M_83442,M_74370,1,IP
M_74370,M_66117,1,IP
M_66117,M_1447,3,PAN
M_1447,M_39931,3,PAN
M_39931,M_71811,2,DEVICE
M_71811,M_57481,3,PAN
M_57481,M_54324,3,PAN
M_54324,M_13031,1,IP
M_13031,M_7984,3,PAN
M_7984,M_39057,3,PAN
M_39057,M_90249,2,DEVICE
M_94496,M_29155,3,PAN
M_29155,M_1813,2,DEVICE
M_1813,M_79039,1,IP
M_79039,M_79026,3,PAN
M_79026,M_6461,2,DEVICE
M_6461,M_61176,3,PAN
M_61176,M_27430,3,PAN
M_27430,M_57201,3,PAN
M_57201,M_42016,3,PAN
M_42016,M_68733,3,PAN
M_68733,M_44604,1,IP
M_44604,M_73780,3,PAN
M_73780,M_35012,1,IP
M_35012,M_94496,3,PAN
M_66281,M_45249,1,IP
M_45249,M_31106,2,DEVICE
M_31106,M_65524,3,PAN
M_65524,M_49167,2,DEVICE
M_49167,M_81998,2,DEVICE
M_81998,M_48328,3,PAN
M_48328,M_69273,3,PAN
M_69273,M_4742,2,DEVICE
M_4742,M_74855,2,DEVICE
M_74855,M_90188,3,PAN
M_90188,M_66281,2,DEVICE
M_37431,M_31387,3,PAN
M_31387,M_5219,2,DEVICE
M_5219,M_66801,1,IP
M_66801,M_70247,3,PAN
M_70247,M_54241,3,PAN
M_54241,M_46004,3,PAN
M_46004,M_7991,2,DEVICE
M_7991,M_13908,3,PAN
M_13908,M_85205,3,PAN
M_85205,M_6630,3,PAN
M_6630,M_37431,1,IP
M_17767,M_82513,3,PAN
M_82513,M_87027,2,DEVICE
M_87027,M_36187,3,PAN
M_36187,M_8999,3,PAN
M_8999,M_94663,3,PAN
M_94663,M_97921,3,PAN
M_97921,M_72690,3,PAN
M_72690,M_45013,3,PAN
M_45013,M_17767,3,PAN
M_70693,M_54743,3,PAN
M_54743,M_64534,3,PAN
M_64534,M_21480,3,PAN
M_21480,M_92067,3,PAN
M_92067,M_42037,2,DEVICE
M_42037,M_41040,1,IP
M_41040,M_62976,2,DEVICE
M_62976,M_23268,3,PAN
M_23268,M_70693,1,IP
M_88829,M_82658,1,IP
M_82658,M_77558,3,PAN
M_77558,M_41774,3,PAN
M_41774,M_48201,2,DEVICE
M_48201,M_88829,1,IP
M_45697,M_18105,2,DEVICE
M_18105,M_9309,2,DEVICE
M_9309,M_53893,1,IP
M_53893,M_47912,3,PAN
M_47912,M_87861,3,PAN
M_87861,M_82709,1,IP
M_82709,M_45697,3,PAN
M_60214,M_33135,3,PAN
M_33135,M_63852,3,PAN
M_63852,M_4190,3,PAN
M_4190,M_36744,3,PAN
M_36744,M_10171,2,DEVICE
M_10171,M_12889,3,PAN
M_12889,M_45077,2,DEVICE
M_45077,M_66958,3,PAN
M_66958,M_37342,1,IP
M_37342,M_99828,2,DEVICE
M_99828,M_9460,1,IP
M_9460,M_41056,3,PAN
M_41056,M_60214,3,PAN
M_54269,M_51717,1,IP
M_51717,M_8573,3,PAN
M_8573,M_13514,2,DEVICE
M_13514,M_5467,2,DEVICE
M_5467,M_54269,3,PAN
M_69587,M_44093,2,DEVICE
M_44093,M_71729,3,PAN
M_71729,M_75275,3,PAN
M_75275,M_84264,1,IP
M_84264,M_328,3,PAN
M_328,M_77981,2,DEVICE
M_77981,M_55625,2,DEVICE
M_55625,M_78487,1,IP
M_78487,M_1741,3,PAN
M_1741,M_60120,3,PAN
M_60120,M_7363,3,PAN
M_7363,M_71309,2,DEVICE
M_71309,M_69587,3,PAN
M_31351,M_28567,3,PAN
M_28567,M_50216,3,PAN
M_50216,M_12529,1,IP
M_12529,M_9641,1,IP
M_9641,M_69809,3,PAN
M_69809,M_80654,2,DEVICE
M_80654,M_31351,3,PAN
M_35385,M_74921,2,DEVICE
M_74921,M_40239,3,PAN
M_40239,M_50346,2,DEVICE
M_50346,M_16492,3,PAN
M_16492,M_20129,3,PAN
M_20129,M_78137,2,DEVICE
M_78137,M_7245,3,PAN
M_7245,M_55767,3,PAN
M_55767,M_75451,3,PAN
M_75451,M_78669,3,PAN
M_78669,M_15559,2,DEVICE
M_15559,M_42782,3,PAN
M_42782,M_35385,2,DEVICE
M_21171,M_63150,3,PAN
M_63150,M_11440,1,IP
M_11440,M_87292,3,PAN
M_87292,M_72927,3,PAN
M_72927,M_27327,3,PAN
M_27327,M_83924,3,PAN
M_83924,M_33719,3,PAN
M_33719,M_80715,3,PAN
M_80715,M_21171,1,IP
M_96896,M_58466,2,DEVICE
M_58466,M_63130,1,IP
M_63130,M_80817,2,DEVICE
M_80817,M_4735,2,DEVICE
M_4735,M_18582,3,PAN
M_18582,M_34340,2,DEVICE
M_34340,M_91456,3,PAN
M_91456,M_3149,1,IP
M_3149,M_58667,1,IP
M_58667,M_99733,3,PAN
M_99733,M_68435,2,DEVICE
M_68435,M_23716,2,DEVICE
M_23716,M_8810,2,DEVICE
M_8810,M_96896,3,PAN
M_84000,M_95688,2,DEVICE
M_95688,M_24287,3,PAN
M_24287,M_4906,2,DEVICE
M_4906,M_55726,3,PAN
M_55726,M_97988,1,IP
M_97988,M_11004,3,PAN
M_11004,M_85043,3,PAN
M_85043,M_31022,3,PAN
M_31022,M_13269,1,IP
M_13269,M_84000,2,DEVICE
M_20406,M_63310,3,PAN
M_63310,M_41802,3,PAN
M_41802,M_46274,2,DEVICE
M_46274,M_20740,3,PAN
M_20740,M_20157,3,PAN
M_20157,M_49134,1,IP
M_49134,M_86681,3,PAN
M_86681,M_99671,2,DEVICE
M_99671,M_21793,3,PAN
M_21793,M_31735,2,DEVICE
M_31735,M_43846,2,DEVICE
M_43846,M_20406,3,PAN
M_55888,M_15782,1,IP
M_15782,M_84213,1,IP
M_84213,M_92360,3,PAN
M_92360,M_89198,3,PAN
M_89198,M_39255,1,IP
M_39255,M_51968,3,PAN
M_51968,M_55888,3,PAN
M_55285,M_92129,3,PAN
M_92129,M_78577,1,IP
M_78577,M_36713,3,PAN
M_36713,M_51762,3,PAN
M_51762,M_10779,2,DEVICE
M_10779,M_74641,3,PAN
M_74641,M_50760,3,PAN
M_50760,M_48642,3,PAN
M_48642,M_47843,3,PAN
M_47843,M_15434,1,IP
M_15434,M_86367,3,PAN
M_86367,M_55285,1,IP
M_10480,M_45702,3,PAN
M_45702,M_33077,3,PAN
M_33077,M_7815,2,DEVICE
M_7815,M_65207,3,PAN
M_65207,M_33894,3,PAN
M_33894,M_10480,1,IP
M_93713,M_82612,3,PAN
M_82612,M_96834,1,IP
M_96834,M_80467,3,PAN
M_80467,M_58735,3,PAN
M_58735,M_86156,2,DEVICE
M_86156,M_19783,3,PAN
M_19783,M_76816,3,PAN
M_76816,M_87680,3,PAN
M_87680,M_67539,3,PAN
M_67539,M_93713,2,DEVICE
M_58968,M_91493,1,IP
M_91493,M_75494,3,PAN
M_75494,M_69771,3,PAN
M_69771,M_21029,3,PAN
M_21029,M_6911,2,DEVICE
M_6911,M_28963,1,IP
M_28963,M_77713,1,IP
M_77713,M_65041,3,PAN
M_65041,M_36256,3,PAN
M_36256,M_48945,1,IP
M_48945,M_189,3,PAN
M_189,M_13811,2,DEVICE
M_13811,M_58968,3,PAN
M_86322,M_566,3,PAN
M_566,M_50042,3,PAN
M_50042,M_46979,3,PAN
M_46979,M_53404,1,IP
M_53404,M_94862,2,DEVICE
M_94862,M_32758,1,IP
M_32758,M_59020,2,DEVICE
M_59020,M_86322,3,PAN
M_8883,M_96771,3,PAN
M_96771,M_61064,1,IP
M_61064,M_11758,3,PAN
M_11758,M_23802,1,IP
M_23802,M_92051,2,DEVICE
M_92051,M_25109,2,DEVICE
M_25109,M_83563,2,DEVICE
M_83563,M_72665,2,DEVICE
M_72665,M_37302,2,DEVICE
M_37302,M_4468,2,DEVICE
M_4468,M_13617,3,PAN
M_13617,M_98730,2,DEVICE
M_98730,M_8883,3,PAN
M_55108,M_48788,2,DEVICE
M_48788,M_60365,2,DEVICE
M_60365,M_62461,3,PAN
M_62461,M_11264,2,DEVICE
M_11264,M_31477,3,PAN
M_31477,M_48290,2,DEVICE
M_48290,M_61264,2,DEVICE
M_61264,M_30275,2,DEVICE
M_30275,M_68461,2,DEVICE
M_68461,M_55108,3,PAN
M_81472,M_47015,2,DEVICE
M_47015,M_85197,3,PAN
M_85197,M_8697,3,PAN
M_8697,M_45744,3,PAN
M_45744,M_91418,3,PAN
M_91418,M_87653,1,IP
M_87653,M_22632,3,PAN
M_22632,M_70836,3,PAN
M_70836,M_29245,1,IP
M_29245,M_69742,1,IP
M_69742,M_61977,3,PAN
M_61977,M_81472,1,IP
M_85290,M_32241,3,PAN
M_32241,M_50893,2,DEVICE
M_50893,M_45168,3,PAN
M_45168,M_24851,3,PAN
M_24851,M_37341,3,PAN
M_37341,M_85290,2,DEVICE
M_62340,M_74437,3,PAN
M_74437,M_28208,2,DEVICE
M_28208,M_36167,3,PAN
M_36167,M_55244,1,IP
M_55244,M_62340,3,PAN
M_4964,M_10943,3,PAN
M_10943,M_30347,3,PAN
M_30347,M_65841,3,PAN
M_65841,M_9235,3,PAN
M_9235,M_4964,2,DEVICE
M_93786,M_8101,3,PAN
M_8101,M_36791,3,PAN
M_36791,M_55128,2,DEVICE
M_55128,M_76949,3,PAN
M_76949,M_20071,2,DEVICE
M_20071,M_8896,1,IP
M_8896,M_93465,3,PAN
M_93465,M_19290,2,DEVICE
M_19290,M_96888,1,IP
M_96888,M_74296,2,DEVICE
M_74296,M_93853,1,IP
M_93853,M_81676,3,PAN
M_81676,M_73824,2,DEVICE
M_73824,M_93786,3,PAN
M_52035,M_38914,3,PAN
M_38914,M_62948,1,IP
M_62948,M_46886,3,PAN
M_46886,M_88080,1,IP
M_88080,M_32048,2,DEVICE
M_32048,M_34856,1,IP
M_34856,M_41834,1,IP
M_41834,M_92272,2,DEVICE
M_92272,M_66497,1,IP
M_66497,M_72736,2,DEVICE
M_72736,M_52035,2,DEVICE
M_67329,M_72729,3,PAN
M_72729,M_77171,3,PAN
M_77171,M_4689,3,PAN
M_4689,M_23616,3,PAN
M_23616,M_20504,3,PAN
M_20504,M_1162,2,DEVICE
M_1162,M_19060,2,DEVICE
M_19060,M_67329,2,DEVICE
M_17012,M_80146,1,IP
M_80146,M_20482,1,IP
M_20482,M_92053,1,IP
M_92053,M_40298,2,DEVICE
M_40298,M_35069,3,PAN
M_35069,M_10131,1,IP
M_10131,M_76383,3,PAN
M_76383,M_50630,3,PAN
M_50630,M_53526,3,PAN
M_53526,M_6397,2,DEVICE
M_6397,M_87325,2,DEVICE
M_87325,M_17012,3,PAN
M_14941,M_81346,3,PAN
M_81346,M_60048,3,PAN
M_60048,M_13154,3,PAN
M_13154,M_10659,3,PAN
M_10659,M_19609,2,DEVICE
M_19609,M_49734,3,PAN
M_49734,M_2233,3,PAN
M_2233,M_26615,3,PAN
M_26615,M_77005,2,DEVICE
M_77005,M_6164,1,IP
M_6164,M_14941,2,DEVICE
M_77958,M_98619,2,DEVICE
M_98619,M_60551,1,IP
M_60551,M_59847,3,PAN
M_59847,M_23360,3,PAN
M_23360,M_40626,2,DEVICE
M_40626,M_6737,3,PAN
M_6737,M_21176,3,PAN
M_21176,M_18883,3,PAN
M_18883,M_65919,3,PAN
M_65919,M_39446,3,PAN
M_39446,M_83411,3,PAN
M_83411,M_62785,3,PAN
M_62785,M_77958,1,IP
M_76521,M_60340,3,PAN
M_60340,M_79294,3,PAN
M_79294,M_53555,3,PAN
M_53555,M_79310,3,PAN
M_79310,M_76521,3,PAN
M_33411,M_67897,3,PAN
M_67897,M_64245,1,IP
M_64245,M_10169,1,IP
M_10169,M_46519,2,DEVICE
M_46519,M_65739,2,DEVICE
M_65739,M_72252,2,DEVICE
M_72252,M_2847,2,DEVICE
M_2847,M_10018,1,IP
M_10018,M_72062,2,DEVICE
M_72062,M_51732,2,DEVICE
M_51732,M_67566,1,IP
M_67566,M_33411,2,DEVICE
M_8365,M_74449,3,PAN
M_74449,M_26888,3,PAN
M_26888,M_38280,3,PAN
M_38280,M_18128,3,PAN
M_18128,M_63899,3,PAN
M_63899,M_69709,3,PAN
M_69709,M_83375,1,IP
M_83375,M_8365,3,PAN
M_95873,M_22356,3,PAN
M_22356,M_30601,3,PAN
M_30601,M_55365,3,PAN
M_55365,M_53741,2,DEVICE
M_53741,M_25780,2,DEVICE
M_25780,M_12573,3,PAN
M_12573,M_95873,2,DEVICE
M_1767,M_53240,2,DEVICE
M_53240,M_31970,1,IP
M_31970,M_75013,1,IP
M_75013,M_6315,3,PAN
M_6315,M_76551,2,DEVICE
M_76551,M_49040,2,DEVICE
M_49040,M_83622,1,IP
M_83622,M_12375,3,PAN
M_12375,M_72146,3,PAN
M_72146,M_2885,3,PAN
M_2885,M_22025,3,PAN
M_22025,M_1767,2,DEVICE
M_75039,M_2330,3,PAN
M_2330,M_59037,3,PAN
M_59037,M_92953,1,IP
M_92953,M_81232,3,PAN
M_81232,M_75039,1,IP
M_43194,M_40223,1,IP
M_40223,M_57857,2,DEVICE
M_57857,M_25026,3,PAN
M_25026,M_85087,3,PAN
M_85087,M_54374,1,IP
M_54374,M_39710,3,PAN
M_39710,M_68943,3,PAN
M_68943,M_29678,2,DEVICE
M_29678,M_26917,3,PAN
M_26917,M_3862,3,PAN
M_3862,M_29112,3,PAN
M_29112,M_71744,3,PAN
M_71744,M_43194,2,DEVICE
M_37953,M_81474,3,PAN
M_81474,M_61686,3,PAN
M_61686,M_10185,3,PAN
M_10185,M_45835,2,DEVICE
M_45835,M_94226,3,PAN
M_94226,M_76733,3,PAN
M_76733,M_68279,1,IP
M_68279,M_58437,3,PAN
M_58437,M_24288,2,DEVICE
M_24288,M_79364,3,PAN
M_79364,M_57985,3,PAN
M_57985,M_88405,3,PAN
M_88405,M_37953,1,IP
M_75305,M_67089,3,PAN
M_67089,M_92099,2,DEVICE
M_92099,M_39094,3,PAN
M_39094,M_10515,2,DEVICE
M_10515,M_30431,1,IP
M_30431,M_88218,2,DEVICE
M_88218,M_10313,3,PAN
M_10313,M_6129,3,PAN
M_6129,M_98817,1,IP
M_98817,M_89532,3,PAN
M_89532,M_56878,3,PAN
M_56878,M_62252,1,IP
M_62252,M_84278,1,IP
M_84278,M_91173,3,PAN
M_91173,M_75305,3,PAN
M_44956,M_51979,2,DEVICE
M_51979,M_17064,1,IP
M_17064,M_34131,3,PAN
M_34131,M_44326,3,PAN
M_44326,M_1454,3,PAN
M_1454,M_31772,3,PAN
M_31772,M_69389,3,PAN
M_69389,M_24916,2,DEVICE
M_24916,M_44956,3,PAN
M_57240,M_54423,1,IP
M_54423,M_49877,3,PAN
M_49877,M_44738,3,PAN
M_44738,M_88591,1,IP
M_88591,M_55318,3,PAN
M_55318,M_70873,1,IP
M_70873,M_57240,3,PAN
M_60161,M_55781,3,PAN
M_55781,M_37506,2,DEVICE
M_37506,M_91897,3,PAN
M_91897,M_56320,2,DEVICE
M_56320,M_86754,3,PAN
M_86754,M_52902,2,DEVICE
M_52902,M_46441,3,PAN
M_46441,M_59382,2,DEVICE
M_59382,M_60161,2,DEVICE
M_1270,M_19414,3,PAN
M_19414,M_37098,3,PAN
M_37098,M_69424,2,DEVICE
M_69424,M_85015,3,PAN
M_85015,M_1270,2,DEVICE
M_23737,M_16973,3,PAN
M_16973,M_42878,3,PAN
M_42878,M_65040,2,DEVICE
M_65040,M_48858,3,PAN
M_48858,M_10252,3,PAN
M_10252,M_72819,2,DEVICE
M_72819,M_76188,2,DEVICE
M_76188,M_68139,3,PAN
M_68139,M_36578,3,PAN
M_36578,M_23737,3,PAN
M_58200,M_15087,3,PAN
M_15087,M_68869,2,DEVICE
M_68869,M_28574,2,DEVICE
M_28574,M_9389,1,IP
M_9389,M_94870,3,PAN
M_94870,M_54885,3,PAN
M_54885,M_62574,3,PAN
M_62574,M_58200,3,PAN
M_16650,M_4576,3,PAN
M_4576,M_48666,1,IP
M_48666,M_93226,3,PAN
M_93226,M_80660,3,PAN
M_80660,M_46773,2,DEVICE
M_46773,M_59038,1,IP
M_59038,M_15065,3,PAN
M_15065,M_2244,2,DEVICE
M_2244,M_79081,1,IP
M_79081,M_75392,3,PAN
M_75392,M_16650,2,DEVICE
M_10192,M_98561,3,PAN
M_98561,M_84230,3,PAN
M_84230,M_79764,3,PAN
M_79764,M_97020,2,DEVICE
M_97020,M_14770,1,IP
M_14770,M_44531,3,PAN
M_44531,M_63533,2,DEVICE
M_63533,M_76675,3,PAN
M_76675,M_36978,3,PAN
M_36978,M_44396,2,DEVICE
M_44396,M_10192,3,PAN
M_5421,M_64857,2,DEVICE
M_64857,M_20236,3,PAN
M_20236,M_91256,1,IP
M_91256,M_5905,3,PAN
M_5905,M_77921,3,PAN
M_77921,M_74404,2,DEVICE
M_74404,M_56472,2,DEVICE
M_56472,M_53442,3,PAN
M_53442,M_5421,1,IP
M_50624,M_17103,3,PAN
M_17103,M_93050,3,PAN
M_93050,M_70002,2,DEVICE
M_70002,M_71791,2,DEVICE
M_71791,M_91307,1,IP
M_91307,M_26352,2,DEVICE
M_26352,M_59175,3,PAN
M_59175,M_50624,3,PAN
M_70419,M_91328,3,PAN
M_91328,M_39681,2,DEVICE
M_39681,M_17612,3,PAN
M_17612,M_98125,2,DEVICE
M_98125,M_39003,2,DEVICE
M_39003,M_42960,2,DEVICE
M_42960,M_55872,3,PAN
M_55872,M_70419,3,PAN
M_45144,M_11665,2,DEVICE
M_11665,M_27891,3,PAN
M_27891,M_3625,2,DEVICE
M_3625,M_74947,1,IP
M_74947,M_64558,3,PAN
M_64558,M_4971,1,IP
M_4971,M_94744,3,PAN
M_94744,M_61206,1,IP
M_61206,M_73800,3,PAN
M_73800,M_9765,3,PAN
M_9765,M_47847,3,PAN
M_47847,M_8898,1,IP
M_8898,M_28898,1,IP
M_28898,M_65990,3,PAN
M_65990,M_45144,3,PAN
M_33399,M_61293,3,PAN
M_61293,M_60067,3,PAN
M_60067,M_62591,2,DEVICE
M_62591,M_95309,3,PAN
M_95309,M_15416,1,IP
M_15416,M_20923,1,IP
M_20923,M_52520,3,PAN
M_52520,M_8040,2,DEVICE
M_8040,M_2629,1,IP
M_2629,M_31829,1,IP
M_31829,M_8157,2,DEVICE
M_8157,M_26655,3,PAN
M_26655,M_81518,3,PAN
M_81518,M_96621,2,DEVICE
M_96621,M_33399,3,PAN
M_31577,M_95881,2,DEVICE
M_95881,M_354,3,PAN
M_354,M_75662,3,PAN
M_75662,M_84745,3,PAN
M_84745,M_67187,1,IP
M_67187,M_21466,3,PAN
M_21466,M_61266,3,PAN
M_61266,M_31577,1,IP
M_87891,M_42635,2,DEVICE
M_42635,M_78686,2,DEVICE
M_78686,M_57588,1,IP
M_57588,M_120,3,PAN
M_120,M_60695,1,IP
M_60695,M_25377,1,IP
M_25377,M_14360,3,PAN
M_14360,M_69265,3,PAN
M_69265,M_21163,3,PAN
M_21163,M_61583,2,DEVICE
M_61583,M_43258,2,DEVICE
M_43258,M_87891,2,DEVICE
M_55248,M_36357,3,PAN
M_36357,M_80847,2,DEVICE
M_80847,M_28990,2,DEVICE
M_28990,M_37193,2,DEVICE
M_37193,M_19068,3,PAN
M_19068,M_98538,2,DEVICE
M_98538,M_73886,2,DEVICE
M_73886,M_15996,3,PAN
M_15996,M_40887,2,DEVICE
M_40887,M_27513,3,PAN
M_27513,M_73118,3,PAN
M_73118,M_67796,1,IP
M_67796,M_20856,3,PAN
M_20856,M_46983,2,DEVICE
M_46983,M_55248,2,DEVICE
M_15424,M_40699,3,PAN
M_40699,M_34451,3,PAN
M_34451,M_70113,3,PAN
M_70113,M_1182,3,PAN
M_1182,M_84479,2,DEVICE
M_84479,M_88669,3,PAN
M_88669,M_48294,1,IP
M_48294,M_27586,3,PAN
M_27586,M_48784,3,PAN
M_48784,M_89997,1,IP
M_89997,M_60523,3,PAN
M_60523,M_51080,2,DEVICE
M_51080,M_64664,2,DEVICE
M_64664,M_75637,1,IP
M_75637,M_15424,3,PAN
M_48469,M_74970,1,IP
M_74970,M_12283,3,PAN
M_12283,M_34974,2,DEVICE
M_34974,M_45864,2,DEVICE
M_45864,M_63302,2,DEVICE
M_63302,M_22208,2,DEVICE
M_22208,M_96488,1,IP
M_96488,M_54440,3,PAN
M_54440,M_36735,2,DEVICE
M_36735,M_69970,2,DEVICE
M_69970,M_32601,3,PAN
M_32601,M_98288,1,IP
M_98288,M_48469,3,PAN
M_57960,M_31134,3,PAN
M_31134,M_13799,1,IP
M_13799,M_58991,1,IP
M_58991,M_6700,3,PAN
M_6700,M_57960,2,DEVICE
M_12007,M_58389,3,PAN
M_58389,M_88412,3,PAN
M_88412,M_95051,1,IP
M_95051,M_35720,3,PAN
M_35720,M_83859,3,PAN
M_83859,M_12156,2,DEVICE
M_12156,M_20099,3,PAN
M_20099,M_20260,3,PAN
M_20260,M_72871,3,PAN
M_72871,M_12007,2,DEVICE
M_13534,M_27972,2,DEVICE
M_27972,M_42585,2,DEVICE
M_42585,M_13955,3,PAN
M_13955,M_1397,3,PAN
M_1397,M_52061,2,DEVICE
M_52061,M_4331,3,PAN
M_4331,M_13534,3,PAN
M_52532,M_6880,3,PAN
M_6880,M_42932,3,PAN
M_42932,M_97466,1,IP
M_97466,M_96243,3,PAN
M_96243,M_52532,2,DEVICE
M_10553,M_66233,3,PAN
M_66233,M_48603,2,DEVICE
M_48603,M_74674,2,DEVICE
M_74674,M_16983,1,IP
M_16983,M_33578,3,PAN
M_33578,M_2562,2,DEVICE
M_2562,M_87412,3,PAN
M_87412,M_23977,2,DEVICE
M_23977,M_10553,1,IP
M_99746,M_49987,2,DEVICE
M_49987,M_86773,1,IP
M_86773,M_56789,1,IP
M_56789,M_3614,3,PAN
M_3614,M_16513,3,PAN
M_16513,M_17873,2,DEVICE
M_17873,M_21962,1,IP
M_21962,M_3406,3,PAN
M_3406,M_99746,3,PAN
M_65735,M_41705,2,DEVICE
M_41705,M_8620,3,PAN
M_8620,M_17443,3,PAN
M_17443,M_36026,3,PAN
M_36026,M_65359,3,PAN
M_65359,M_20808,2,DEVICE
M_20808,M_81905,3,PAN
M_81905,M_9648,3,PAN
M_9648,M_31448,2,DEVICE
M_31448,M_91314,3,PAN
M_91314,M_65735,3,PAN
M_21152,M_5005,3,PAN
M_5005,M_81825,2,DEVICE
M_81825,M_5,3,PAN
M_5,M_76034,3,PAN
M_76034,M_22914,3,PAN
M_22914,M_21152,3,PAN
M_36087,M_31094,3,PAN
M_31094,M_86422,3,PAN
M_86422,M_81749,3,PAN
M_81749,M_66153,3,PAN
M_66153,M_99401,1,IP
M_99401,M_45603,3,PAN
M_45603,M_89859,3,PAN
M_89859,M_36087,2,DEVICE
M_22726,M_99253,2,DEVICE
M_99253,M_7293,3,PAN
M_7293,M_92850,3,PAN
M_92850,M_44688,1,IP
M_44688,M_30756,3,PAN
M_30756,M_24396,3,PAN
M_24396,M_35588,2,DEVICE
M_35588,M_90655,1,IP
M_90655,M_36921,3,PAN
M_36921,M_58749,2,DEVICE
M_58749,M_88899,3,PAN
M_88899,M_52471,2,DEVICE
M_52471,M_22726,3,PAN
M_96741,M_96844,2,DEVICE
M_96844,M_96318,3,PAN
M_96318,M_16286,2,DEVICE
M_16286,M_17956,3,PAN
M_17956,M_92184,2,DEVICE
M_92184,M_96741,2,DEVICE
M_389,M_16855,1,IP
M_16855,M_31487,3,PAN
M_31487,M_88670,2,DEVICE
M_88670,M_20634,3,PAN
M_20634,M_67228,1,IP
M_67228,M_389,2,DEVICE
M_88895,M_78154,3,PAN
M_78154,M_73343,3,PAN
M_73343,M_28037,2,DEVICE
M_28037,M_29400,1,IP
M_29400,M_54557,1,IP
M_54557,M_18256,2,DEVICE
M_18256,M_87377,3,PAN
M_87377,M_28917,1,IP
M_28917,M_44943,2,DEVICE
M_44943,M_3790,2,DEVICE
M_3790,M_35533,2,DEVICE
M_35533,M_7668,2,DEVICE
M_7668,M_1575,2,DEVICE
M_1575,M_88895,2,DEVICE
M_94938,M_66091,1,IP
M_66091,M_75521,3,PAN
M_75521,M_75723,3,PAN
M_75723,M_48532,2,DEVICE
M_48532,M_2183,2,DEVICE
M_2183,M_34904,2,DEVICE
M_34904,M_17761,1,IP
M_17761,M_12202,3,PAN
M_12202,M_70344,3,PAN
M_70344,M_51584,1,IP
M_51584,M_2468,1,IP
M_2468,M_37727,3,PAN
M_37727,M_94938,3,PAN
M_85150,M_77869,3,PAN
M_77869,M_67124,3,PAN
M_67124,M_6610,2,DEVICE
M_6610,M_1839,3,PAN
M_1839,M_66373,3,PAN
M_66373,M_55342,2,DEVICE
M_55342,M_50352,2,DEVICE
M_50352,M_49341,2,DEVICE
M_49341,M_78520,3,PAN
M_78520,M_7299,3,PAN
M_7299,M_69275,3,PAN
M_69275,M_49716,1,IP
M_49716,M_12690,3,PAN
M_12690,M_85150,2,DEVICE
M_88346,M_22421,1,IP
M_22421,M_96936,3,PAN
M_96936,M_69522,3,PAN
M_69522,M_82383,1,IP
M_82383,M_41709,3,PAN
M_41709,M_37466,2,DEVICE
M_37466,M_4748,3,PAN
M_4748,M_22043,1,IP
M_22043,M_71487,2,DEVICE
M_71487,M_62873,3,PAN
M_62873,M_94708,1,IP
M_94708,M_95153,2,DEVICE
M_95153,M_88346,2,DEVICE
M_10187,M_94950,3,PAN
M_94950,M_5802,3,PAN
M_5802,M_34341,2,DEVICE
M_34341,M_31773,3,PAN
M_31773,M_60223,1,IP
M_60223,M_33804,3,PAN
M_33804,M_45972,2,DEVICE
M_45972,M_66358,3,PAN
M_66358,M_22191,2,DEVICE
M_22191,M_10187,3,PAN
M_52285,M_36099,3,PAN
M_36099,M_50538,2,DEVICE
M_50538,M_4778,3,PAN
M_4778,M_6481,2,DEVICE
M_6481,M_33635,3,PAN
M_33635,M_98031,2,DEVICE
M_98031,M_52278,2,DEVICE
M_52278,M_74130,3,PAN
M_74130,M_70934,3,PAN
M_70934,M_11905,3,PAN
M_11905,M_79994,2,DEVICE
M_79994,M_1133,1,IP
M_1133,M_52285,3,PAN
M_80606,M_49866,2,DEVICE
M_49866,M_91626,2,DEVICE
M_91626,M_73809,2,DEVICE
M_73809,M_41692,2,DEVICE
M_41692,M_41360,1,IP
M_41360,M_68293,2,DEVICE
M_68293,M_45922,1,IP
M_45922,M_73113,3,PAN
M_73113,M_80606,1,IP
M_16655,M_78362,1,IP
M_78362,M_40192,3,PAN
M_40192,M_28708,1,IP
M_28708,M_67728,3,PAN
M_67728,M_23766,2,DEVICE
M_23766,M_43945,3,PAN
M_43945,M_16655,2,DEVICE
M_70317,M_15738,3,PAN
M_15738,M_80895,3,PAN
M_80895,M_87097,3,PAN
M_87097,M_2636,3,PAN
M_2636,M_15619,3,PAN
M_15619,M_19821,1,IP
M_19821,M_1643,2,DEVICE
M_1643,M_53209,2,DEVICE
M_53209,M_85088,1,IP
M_85088,M_93400,3,PAN
M_93400,M_47327,2,DEVICE
M_47327,M_36184,2,DEVICE
M_36184,M_70625,3,PAN
M_70625,M_36831,2,DEVICE
M_36831,M_70317,2,DEVICE
M_91741,M_27503,2,DEVICE
M_27503,M_74589,3,PAN
M_74589,M_16997,2,DEVICE
M_16997,M_11378,3,PAN
M_11378,M_91741,1,IP
M_66046,M_28139,3,PAN
M_28139,M_27729,3,PAN
M_27729,M_60755,3,PAN
M_60755,M_58186,3,PAN
M_58186,M_71815,3,PAN
M_71815,M_5239,3,PAN
M_5239,M_56857,2,DEVICE
M_56857,M_44219,1,IP
M_44219,M_79442,3,PAN
M_79442,M_59297,2,DEVICE
M_59297,M_66046,1,IP
M_27199,M_21680,1,IP
M_21680,M_12666,3,PAN
M_12666,M_42032,3,PAN
M_42032,M_62445,3,PAN
M_62445,M_17698,3,PAN
M_17698,M_27199,2,DEVICE
M_32910,M_71749,1,IP
M_71749,M_95616,3,PAN
M_95616,M_31871,1,IP
M_31871,M_62550,3,PAN
M_62550,M_73697,3,PAN
M_73697,M_26846,1,IP
M_26846,M_67915,1,IP
M_67915,M_97534,2,DEVICE
M_97534,M_32910,3,PAN
M_64256,M_7186,3,PAN
M_7186,M_87478,2,DEVICE
M_87478,M_76321,3,PAN
M_76321,M_29584,2,DEVICE
M_29584,M_63411,3,PAN
M_63411,M_83861,3,PAN
M_83861,M_48102,3,PAN
M_48102,M_84748,2,DEVICE
M_84748,M_63630,2,DEVICE
M_63630,M_11767,1,IP
M_11767,M_64256,1,IP
M_70516,M_56132,2,DEVICE
M_56132,M_6525,3,PAN
M_6525,M_42476,1,IP
M_42476,M_11896,1,IP
M_11896,M_90363,1,IP
M_90363,M_70516,3,PAN
M_18528,M_98443,2,DEVICE
M_98443,M_85695,3,PAN
M_85695,M_80231,3,PAN
M_80231,M_67701,3,PAN
M_67701,M_11614,2,DEVICE
M_11614,M_4414,3,PAN
M_4414,M_18528,2,DEVICE
M_40430,M_68243,2,DEVICE
M_68243,M_83046,2,DEVICE
M_83046,M_39463,3,PAN
M_39463,M_84506,1,IP
M_84506,M_4937,3,PAN
M_4937,M_40430,3,PAN
M_11706,M_12916,3,PAN
M_12916,M_37468,2,DEVICE
M_37468,M_45636,3,PAN
M_45636,M_15643,1,IP
M_15643,M_4017,3,PAN
M_4017,M_41682,1,IP
M_41682,M_59770,2,DEVICE
M_59770,M_47222,3,PAN
M_47222,M_79178,2,DEVICE
M_79178,M_71375,3,PAN
M_71375,M_31404,1,IP
M_31404,M_78499,2,DEVICE
M_78499,M_5728,2,DEVICE
M_5728,M_36748,3,PAN
M_36748,M_11706,1,IP
M_145,M_57783,2,DEVICE
M_57783,M_97844,2,DEVICE
M_97844,M_94365,3,PAN
M_94365,M_31484,3,PAN
M_31484,M_54514,2,DEVICE
M_54514,M_57046,2,DEVICE
M_57046,M_67314,1,IP
M_67314,M_29822,2,DEVICE
M_29822,M_81968,2,DEVICE
M_81968,M_145,3,PAN
M_9712,M_59394,3,PAN
M_59394,M_55106,1,IP
M_55106,M_84954,3,PAN
M_84954,M_52252,2,DEVICE
M_52252,M_25917,1,IP
M_25917,M_80894,2,DEVICE
M_80894,M_33915,3,PAN
M_33915,M_71826,2,DEVICE
M_71826,M_72341,3,PAN
M_72341,M_90553,3,PAN
M_90553,M_9712,2,DEVICE
M_9672,M_10721,1,IP
M_10721,M_9456,3,PAN
M_9456,M_23237,1,IP
M_23237,M_50078,3,PAN
M_50078,M_58136,1,IP
M_58136,M_64341,2,DEVICE
M_64341,M_52193,1,IP
M_52193,M_14406,1,IP
M_14406,M_28784,1,IP
M_28784,M_48011,2,DEVICE
M_48011,M_39864,3,PAN
M_39864,M_59004,3,PAN
M_59004,M_9672,2,DEVICE
M_25843,M_65893,1,IP
M_65893,M_75332,3,PAN
M_75332,M_91298,1,IP
M_91298,M_50626,3,PAN
M_50626,M_25144,1,IP
M_25144,M_32336,1,IP
M_32336,M_71340,3,PAN
M_71340,M_5049,2,DEVICE
M_5049,M_56933,3,PAN
M_56933,M_86288,1,IP
M_86288,M_31224,1,IP
M_31224,M_95947,3,PAN
M_95947,M_10435,3,PAN
M_10435,M_88897,3,PAN
M_88897,M_25843,3,PAN
M_83723,M_47904,1,IP
M_47904,M_31324,3,PAN
M_31324,M_70313,1,IP
M_70313,M_35998,1,IP
M_35998,M_11867,1,IP
M_11867,M_83723,2,DEVICE
M_7276,M_57836,1,IP
M_57836,M_92818,2,DEVICE
M_92818,M_35999,1,IP
M_35999,M_3700,3,PAN
M_3700,M_59622,3,PAN
M_59622,M_7276,1,IP
M_47793,M_25150,1,IP
M_25150,M_89675,3,PAN
M_89675,M_3900,2,DEVICE
M_3900,M_81969,3,PAN
M_81969,M_19916,2,DEVICE
M_19916,M_85025,3,PAN
M_85025,M_47793,3,PAN
M_21199,M_92978,3,PAN
M_92978,M_32789,3,PAN
M_32789,M_82129,3,PAN
M_82129,M_20879,3,PAN
M_20879,M_3563,2,DEVICE
M_3563,M_4912,2,DEVICE
M_4912,M_6,2,DEVICE
M_6,M_21878,3,PAN
M_21878,M_95129,3,PAN
M_95129,M_58418,1,IP
M_58418,M_76856,1,IP
M_76856,M_42169,1,IP
M_42169,M_21199,1,IP
M_39788,M_79598,2,DEVICE
M_79598,M_76310,1,IP
M_76310,M_55167,3,PAN
M_55167,M_99335,2,DEVICE
M_99335,M_36255,1,IP
M_36255,M_7280,2,DEVICE
M_7280,M_39788,3,PAN
M_9778,M_2813,3,PAN
M_2813,M_60728,3,PAN
M_60728,M_42013,1,IP
M_42013,M_73100,2,DEVICE
M_73100,M_73576,3,PAN
M_73576,M_57073,2,DEVICE
M_57073,M_63289,3,PAN
M_63289,M_4551,2,DEVICE
M_4551,M_27922,3,PAN
M_27922,M_9520,2,DEVICE
M_9520,M_84329,2,DEVICE
M_84329,M_63333,2,DEVICE
M_63333,M_46634,2,DEVICE
M_46634,M_51645,3,PAN
M_51645,M_9778,2,DEVICE
M_70611,M_80650,3,PAN
M_80650,M_98041,3,PAN
M_98041,M_60712,2,DEVICE
M_60712,M_80555,2,DEVICE
M_80555,M_68758,1,IP
M_68758,M_59921,3,PAN
M_59921,M_40616,1,IP
M_40616,M_51773,3,PAN
M_51773,M_70611,2,DEVICE
M_57700,M_78802,2,DEVICE
M_78802,M_9870,1,IP
M_9870,M_78578,1,IP
M_78578,M_26379,3,PAN
M_26379,M_92750,1,IP
M_92750,M_14471,1,IP
M_14471,M_22664,3,PAN
M_22664,M_48684,3,PAN
M_48684,M_57946,3,PAN
M_57946,M_57700,1,IP
M_46758,M_4925,1,IP
M_4925,M_93222,1,IP
M_93222,M_72770,3,PAN
M_72770,M_83918,3,PAN
M_83918,M_3268,2,DEVICE
M_3268,M_58374,3,PAN
M_58374,M_69934,3,PAN
M_69934,M_84732,3,PAN
M_84732,M_50815,3,PAN
M_50815,M_22281,3,PAN
M_22281,M_81470,2,DEVICE
M_81470,M_81073,3,PAN
M_81073,M_37425,3,PAN
M_37425,M_46758,2,DEVICE
M_33937,M_72333,2,DEVICE
M_72333,M_16298,2,DEVICE
M_16298,M_92358,2,DEVICE
M_92358,M_85957,2,DEVICE
M_85957,M_16629,2,DEVICE
M_16629,M_91308,3,PAN
M_91308,M_74686,2,DEVICE
M_74686,M_20216,3,PAN
M_20216,M_33937,3,PAN
M_97822,M_92244,3,PAN
M_92244,M_63414,3,PAN
M_63414,M_71385,3,PAN
M_71385,M_45014,2,DEVICE
M_45014,M_401,3,PAN
M_401,M_52498,3,PAN
M_52498,M_53143,3,PAN
M_53143,M_65334,3,PAN
M_65334,M_19145,2,DEVICE
M_19145,M_79582,3,PAN
M_79582,M_47014,3,PAN
M_47014,M_9510,3,PAN
M_9510,M_12820,3,PAN
M_12820,M_47420,3,PAN
M_47420,M_97822,3,PAN
M_76372,M_90872,1,IP
M_90872,M_68316,2,DEVICE
M_68316,M_66706,3,PAN
M_66706,M_73270,3,PAN
M_73270,M_50908,2,DEVICE
M_50908,M_24790,3,PAN
M_24790,M_62418,1,IP
M_62418,M_76372,2,DEVICE
M_88071,M_36737,3,PAN
M_36737,M_95462,3,PAN
M_95462,M_66692,1,IP
M_66692,M_7051,1,IP
M_7051,M_45960,1,IP
M_45960,M_94001,3,PAN
M_94001,M_11495,2,DEVICE
M_11495,M_61694,3,PAN
M_61694,M_55328,3,PAN
M_55328,M_39908,2,DEVICE
M_39908,M_88071,1,IP
M_82814,M_5060,3,PAN
M_5060,M_55569,3,PAN
M_55569,M_13198,3,PAN
M_13198,M_31047,3,PAN
M_31047,M_22244,1,IP
M_22244,M_49129,3,PAN
M_49129,M_82814,2,DEVICE
M_21234,M_1240,3,PAN
M_1240,M_69238,3,PAN
M_69238,M_77281,3,PAN
M_77281,M_44177,3,PAN
M_44177,M_63912,2,DEVICE
M_63912,M_59490,2,DEVICE
M_59490,M_46031,1,IP
M_46031,M_53898,3,PAN
M_53898,M_21234,2,DEVICE
M_17856,M_7139,3,PAN
M_7139,M_79576,1,IP
M_79576,M_94822,1,IP
M_94822,M_27966,1,IP
M_27966,M_33139,2,DEVICE
M_33139,M_95086,2,DEVICE
M_95086,M_97909,3,PAN
M_97909,M_17856,2,DEVICE
M_6937,M_87616,1,IP
M_87616,M_90773,3,PAN
M_90773,M_61154,2,DEVICE
M_61154,M_83953,2,DEVICE
M_83953,M_60585,3,PAN
M_60585,M_24841,2,DEVICE
M_24841,M_4474,2,DEVICE
M_4474,M_53348,2,DEVICE
M_53348,M_61900,1,IP
M_61900,M_48276,3,PAN
M_48276,M_67588,1,IP
M_67588,M_98975,2,DEVICE
M_98975,M_34396,1,IP
M_34396,M_6937,3,PAN
M_57689,M_1531,1,IP
M_1531,M_13751,3,PAN
M_13751,M_60836,3,PAN
M_60836,M_3254,2,DEVICE
M_3254,M_89160,2,DEVICE
M_89160,M_79249,1,IP
M_79249,M_4817,2,DEVICE
M_4817,M_72794,1,IP
M_72794,M_57689,3,PAN
M_96825,M_30028,2,DEVICE
M_30028,M_71478,1,IP
M_71478,M_73795,2,DEVICE
M_73795,M_2536,3,PAN
M_2536,M_63082,3,PAN
M_63082,M_24155,2,DEVICE
M_24155,M_43327,2,DEVICE
M_43327,M_16835,2,DEVICE
M_16835,M_96825,2,DEVICE
M_26590,M_88111,3,PAN
M_88111,M_69574,2,DEVICE
M_69574,M_2922,2,DEVICE
M_2922,M_21882,3,PAN
M_21882,M_97232,3,PAN
M_97232,M_15066,2,DEVICE
M_15066,M_26590,1,IP
M_22974,M_27443,3,PAN
M_27443,M_92124,3,PAN
M_92124,M_15589,3,PAN
M_15589,M_55156,1,IP
M_55156,M_98976,2,DEVICE
M_98976,M_89748,3,PAN
M_89748,M_35569,1,IP
M_35569,M_1627,3,PAN
M_1627,M_72449,3,PAN
M_72449,M_61086,3,PAN
M_61086,M_33108,2,DEVICE
M_33108,M_90709,1,IP
M_90709,M_12544,3,PAN
M_12544,M_22974,2,DEVICE
M_62935,M_55413,1,IP
M_55413,M_62805,1,IP
M_62805,M_41111,2,DEVICE
M_41111,M_14947,3,PAN
M_14947,M_5886,3,PAN
M_5886,M_18367,1,IP
M_18367,M_74956,2,DEVICE
M_74956,M_62935,2,DEVICE
M_26550,M_41120,1,IP
M_41120,M_49913,1,IP
M_49913,M_88426,2,DEVICE
M_88426,M_30589,1,IP
M_30589,M_7140,3,PAN
M_7140,M_50291,2,DEVICE
M_50291,M_92187,1,IP
M_92187,M_3212,3,PAN
M_3212,M_79789,3,PAN
M_79789,M_25594,2,DEVICE
M_25594,M_69119,2,DEVICE
M_69119,M_26550,3,PAN
M_74578,M_22934,3,PAN
M_22934,M_58850,3,PAN
M_58850,M_7114,1,IP
M_7114,M_60711,2,DEVICE
M_60711,M_86289,2,DEVICE
M_86289,M_76106,3,PAN
M_76106,M_10764,3,PAN
M_10764,M_84728,3,PAN
M_84728,M_92283,1,IP
M_92283,M_1901,1,IP
M_1901,M_40020,3,PAN
M_40020,M_95614,1,IP
M_95614,M_42044,3,PAN
M_42044,M_46195,3,PAN
M_46195,M_74578,2,DEVICE
M_28518,M_23098,3,PAN
M_23098,M_84831,1,IP
M_84831,M_48341,3,PAN
M_48341,M_19661,2,DEVICE
M_19661,M_33242,3,PAN
M_33242,M_70686,3,PAN
M_70686,M_28518,3,PAN
M_30921,M_18871,2,DEVICE
M_18871,M_33935,2,DEVICE
M_33935,M_51652,3,PAN
M_51652,M_71898,3,PAN
M_71898,M_95166,3,PAN
M_95166,M_60371,1,IP
M_60371,M_78640,3,PAN
M_78640,M_37378,3,PAN
M_37378,M_78034,2,DEVICE
M_78034,M_30921,2,DEVICE
M_43345,M_33222,3,PAN
M_33222,M_90988,3,PAN
M_90988,M_52903,3,PAN
M_52903,M_25032,2,DEVICE
M_25032,M_89967,3,PAN
M_89967,M_74532,2,DEVICE
M_74532,M_37824,3,PAN
M_37824,M_45070,1,IP
M_45070,M_28939,1,IP
M_28939,M_57986,3,PAN
M_57986,M_3172,3,PAN
M_3172,M_98665,3,PAN
M_98665,M_44525,1,IP
M_44525,M_63282,2,DEVICE
M_63282,M_43345,2,DEVICE
M_82940,M_43634,3,PAN
M_43634,M_12531,2,DEVICE
M_12531,M_3833,2,DEVICE
M_3833,M_30371,1,IP
M_30371,M_90924,1,IP
M_90924,M_79885,2,DEVICE
M_79885,M_25494,2,DEVICE
M_25494,M_75251,1,IP
M_75251,M_49457,1,IP
M_49457,M_82940,1,IP
M_50327,M_91500,1,IP
M_91500,M_54391,3,PAN
M_54391,M_17554,2,DEVICE
M_17554,M_88266,2,DEVICE
M_88266,M_7979,3,PAN
M_7979,M_89972,2,DEVICE
M_89972,M_50327,3,PAN
M_15134,M_54304,3,PAN
M_54304,M_5353,2,DEVICE
M_5353,M_43388,2,DEVICE
M_43388,M_67552,2,DEVICE
M_67552,M_72254,3,PAN
M_72254,M_61923,2,DEVICE
M_61923,M_24413,3,PAN
M_24413,M_64138,3,PAN
M_64138,M_29009,3,PAN
M_29009,M_77352,1,IP
M_77352,M_73452,3,PAN
M_73452,M_36360,2,DEVICE
M_36360,M_31136,1,IP
M_31136,M_60884,3,PAN
M_60884,M_15134,1,IP
M_50338,M_42600,3,PAN
M_42600,M_70378,3,PAN
M_70378,M_54575,3,PAN
M_54575,M_68441,2,DEVICE
M_68441,M_83850,1,IP
M_83850,M_85263,2,DEVICE
M_85263,M_8286,2,DEVICE
M_8286,M_24723,3,PAN
M_24723,M_50338,1,IP
M_44658,M_71701,3,PAN
M_71701,M_83926,1,IP
M_83926,M_65285,3,PAN
M_65285,M_8996,3,PAN
M_8996,M_24397,3,PAN
M_24397,M_88217,3,PAN
M_88217,M_14141,1,IP
M_14141,M_9310,3,PAN
M_9310,M_27580,1,IP
M_27580,M_44658,3,PAN
M_64455,M_47719,2,DEVICE
M_47719,M_32987,2,DEVICE
M_32987,M_77054,2,DEVICE
M_77054,M_64348,2,DEVICE
M_64348,M_44191,2,DEVICE
M_44191,M_5985,2,DEVICE
M_5985,M_57286,1,IP
M_57286,M_95868,3,PAN
M_95868,M_30450,3,PAN
M_30450,M_64455,2,DEVICE
M_15606,M_65555,3,PAN
M_65555,M_90334,1,IP
M_90334,M_77909,3,PAN
M_77909,M_79399,3,PAN
M_79399,M_98448,2,DEVICE
M_98448,M_15606,3,PAN
M_17747,M_75249,3,PAN
M_75249,M_17947,3,PAN
M_17947,M_35272,3,PAN
M_35272,M_59936,3,PAN
M_59936,M_9048,1,IP
M_9048,M_5626,3,PAN
M_5626,M_50447,3,PAN
M_50447,M_17747,2,DEVICE
M_7073,M_54048,3,PAN
M_54048,M_10991,3,PAN
M_10991,M_29924,3,PAN
M_29924,M_63797,3,PAN
M_63797,M_45772,3,PAN
M_45772,M_88765,1,IP
M_88765,M_36858,1,IP
M_36858,M_51182,1,IP
M_51182,M_89105,3,PAN
M_89105,M_31216,2,DEVICE
M_31216,M_91143,2,DEVICE
M_91143,M_7073,3,PAN
M_98907,M_28701,1,IP
M_28701,M_88386,2,DEVICE
M_88386,M_68163,3,PAN
M_68163,M_14238,1,IP
M_14238,M_45255,3,PAN
M_45255,M_85719,3,PAN
M_85719,M_86353,3,PAN
M_86353,M_98907,3,PAN
M_70000,M_48022,2,DEVICE
M_48022,M_75743,3,PAN
M_75743,M_48608,2,DEVICE
M_48608,M_29988,1,IP
M_29988,M_26873,1,IP
M_26873,M_5562,1,IP
M_5562,M_70000,1,IP
M_1049,M_29359,2,DEVICE
M_29359,M_19480,3,PAN
M_19480,M_3438,1,IP
M_3438,M_81264,3,PAN
M_81264,M_30619,3,PAN
M_30619,M_29409,3,PAN
M_29409,M_33946,3,PAN
M_33946,M_35163,2,DEVICE
M_35163,M_33773,1,IP
M_33773,M_38445,3,PAN
M_38445,M_28653,2,DEVICE
M_28653,M_98392,3,PAN
M_98392,M_3977,2,DEVICE
M_3977,M_22676,3,PAN
M_22676,M_1049,3,PAN
M_61933,M_42913,2,DEVICE
M_42913,M_10968,3,PAN
M_10968,M_98393,3,PAN
M_98393,M_46266,3,PAN
M_46266,M_47385,2,DEVICE
M_47385,M_39727,3,PAN
M_39727,M_73242,3,PAN
M_73242,M_61933,1,IP
M_48498,M_48064,2,DEVICE
M_48064,M_54132,3,PAN
M_54132,M_70530,2,DEVICE
M_70530,M_59220,3,PAN
M_59220,M_54934,3,PAN
M_54934,M_15420,2,DEVICE
M_15420,M_26162,3,PAN
M_26162,M_49305,3,PAN
M_49305,M_49621,1,IP
M_49621,M_82337,2,DEVICE
M_82337,M_84569,1,IP
M_84569,M_48498,1,IP
M_49036,M_94727,2,DEVICE
M_94727,M_47188,3,PAN
M_47188,M_41206,2,DEVICE
M_41206,M_19207,3,PAN
M_19207,M_76252,3,PAN
M_76252,M_63257,3,PAN
M_63257,M_1120,2,DEVICE
M_1120,M_23167,3,PAN
M_23167,M_98291,2,DEVICE
M_98291,M_76829,1,IP
M_76829,M_84759,2,DEVICE
M_84759,M_32477,3,PAN
M_32477,M_49036,3,PAN
M_19235,M_20461,1,IP
M_20461,M_51379,2,DEVICE
M_51379,M_41744,3,PAN
M_41744,M_14412,1,IP
M_14412,M_94801,3,PAN
M_94801,M_96360,3,PAN
M_96360,M_85240,3,PAN
M_85240,M_19235,3,PAN
M_91496,M_18579,2,DEVICE
M_18579,M_19149,3,PAN
M_19149,M_4133,2,DEVICE
M_4133,M_87978,1,IP
M_87978,M_57963,1,IP
M_57963,M_61106,3,PAN
M_61106,M_15173,2,DEVICE
M_15173,M_65023,3,PAN
M_65023,M_94452,2,DEVICE
M_94452,M_20985,3,PAN
M_20985,M_49127,2,DEVICE
M_49127,M_75264,3,PAN
M_75264,M_91496,2,DEVICE
M_69446,M_49477,3,PAN
M_49477,M_34630,3,PAN
M_34630,M_46802,2,DEVICE
M_46802,M_36392,3,PAN
M_36392,M_24998,2,DEVICE
M_24998,M_13040,2,DEVICE
M_13040,M_24883,2,DEVICE
M_24883,M_80628,2,DEVICE
M_80628,M_69446,2,DEVICE
M_85860,M_31847,3,PAN
M_31847,M_52580,2,DEVICE
M_52580,M_33471,2,DEVICE
M_33471,M_85917,3,PAN
M_85917,M_85860,3,PAN
M_40909,M_26948,3,PAN
M_26948,M_33301,2,DEVICE
M_33301,M_85229,3,PAN
M_85229,M_69936,2,DEVICE
M_69936,M_75996,2,DEVICE
M_75996,M_65362,2,DEVICE
M_65362,M_22881,3,PAN
M_22881,M_44985,2,DEVICE
M_44985,M_19787,2,DEVICE
M_19787,M_94955,3,PAN
M_94955,M_55937,3,PAN
M_55937,M_87712,3,PAN
M_87712,M_91797,1,IP
M_91797,M_72705,3,PAN
M_72705,M_40909,3,PAN
M_73466,M_65651,3,PAN
M_65651,M_92670,3,PAN
M_92670,M_2675,2,DEVICE
M_2675,M_72015,3,PAN
M_72015,M_29834,1,IP
M_29834,M_77695,3,PAN
M_77695,M_38413,3,PAN
M_38413,M_65887,2,DEVICE
M_65887,M_6497,2,DEVICE
M_6497,M_73466,1,IP
M_44185,M_61132,3,PAN
M_61132,M_53486,2,DEVICE
M_53486,M_66614,2,DEVICE
M_66614,M_64007,3,PAN
M_64007,M_4089,1,IP
M_4089,M_44185,3,PAN
M_84800,M_99594,2,DEVICE
M_99594,M_6976,2,DEVICE
M_6976,M_5860,1,IP
M_5860,M_16271,1,IP
M_16271,M_32685,3,PAN
M_32685,M_27149,2,DEVICE
M_27149,M_68123,1,IP
M_68123,M_79154,3,PAN
M_79154,M_48223,3,PAN
M_48223,M_47298,1,IP
M_47298,M_25018,3,PAN
M_25018,M_21438,1,IP
M_21438,M_84800,3,PAN
M_33296,M_55042,1,IP
M_55042,M_762,2,DEVICE
M_762,M_91892,2,DEVICE
M_91892,M_66950,2,DEVICE
M_66950,M_95084,3,PAN
M_95084,M_33296,2,DEVICE
M_2694,M_67269,1,IP
M_67269,M_61539,1,IP
M_61539,M_68449,2,DEVICE
M_68449,M_10608,2,DEVICE
M_10608,M_34273,2,DEVICE
M_34273,M_18113,2,DEVICE
M_18113,M_89807,2,DEVICE
M_89807,M_77140,3,PAN
M_77140,M_74141,3,PAN
M_74141,M_87693,2,DEVICE
M_87693,M_33710,3,PAN
M_33710,M_82657,3,PAN
M_82657,M_39945,3,PAN
M_39945,M_2694,1,IP
M_1260,M_46818,1,IP
M_46818,M_78757,2,DEVICE
M_78757,M_30482,1,IP
M_30482,M_74583,1,IP
M_74583,M_69603,3,PAN
M_69603,M_3582,3,PAN
M_3582,M_23049,3,PAN
M_23049,M_70046,3,PAN
M_70046,M_11133,2,DEVICE
M_11133,M_16673,3,PAN
M_16673,M_42242,1,IP
M_42242,M_41656,2,DEVICE
M_41656,M_41674,3,PAN
M_41674,M_69451,1,IP
M_69451,M_1260,1,IP
M_13278,M_33765,2,DEVICE
M_33765,M_7697,1,IP
M_7697,M_54077,2,DEVICE
M_54077,M_58505,1,IP
M_58505,M_56185,3,PAN
M_56185,M_73522,2,DEVICE
M_73522,M_92847,2,DEVICE
M_92847,M_19866,3,PAN
M_19866,M_26430,3,PAN
M_26430,M_16943,3,PAN
M_16943,M_41165,3,PAN
M_41165,M_94357,3,PAN
M_94357,M_2323,3,PAN
M_2323,M_13278,1,IP
M_35513,M_74262,2,DEVICE
M_74262,M_78654,2,DEVICE
M_78654,M_35346,3,PAN
M_35346,M_44110,1,IP
M_44110,M_31604,3,PAN
M_31604,M_19294,3,PAN
M_19294,M_52735,2,DEVICE
M_52735,M_95928,1,IP
M_95928,M_95218,1,IP
M_95218,M_47416,2,DEVICE
M_47416,M_61249,2,DEVICE
M_61249,M_26022,2,DEVICE
M_26022,M_35513,2,DEVICE
M_87926,M_19585,3,PAN
M_19585,M_84207,1,IP
M_84207,M_20336,1,IP
M_20336,M_39664,3,PAN
M_39664,M_62898,3,PAN
M_62898,M_89133,3,PAN
M_89133,M_87926,3,PAN
M_94832,M_58464,3,PAN
M_58464,M_55060,2,DEVICE
M_55060,M_19036,3,PAN
M_19036,M_47718,3,PAN
M_47718,M_13482,3,PAN
M_13482,M_94832,2,DEVICE
M_58482,M_24410,3,PAN
M_24410,M_37987,2,DEVICE
M_37987,M_93474,2,DEVICE
M_93474,M_17690,3,PAN
M_17690,M_30406,2,DEVICE
M_30406,M_25535,3,PAN
M_25535,M_90033,2,DEVICE
M_90033,M_58482,3,PAN
M_76138,M_49070,1,IP
M_49070,M_64803,1,IP
M_64803,M_90752,2,DEVICE
M_90752,M_53295,1,IP
M_53295,M_52901,3,PAN
M_52901,M_48849,2,DEVICE
M_48849,M_16370,3,PAN
M_16370,M_76138,3,PAN
M_59338,M_75353,2,DEVICE
M_75353,M_52369,2,DEVICE
M_52369,M_61983,1,IP
M_61983,M_79051,2,DEVICE
M_79051,M_17746,1,IP
M_17746,M_57117,1,IP
M_57117,M_15349,1,IP
M_15349,M_78427,3,PAN
M_78427,M_83251,2,DEVICE
M_83251,M_89082,2,DEVICE
M_89082,M_59338,1,IP
M_86592,M_9483,3,PAN
M_9483,M_5364,3,PAN
M_5364,M_71546,3,PAN
M_71546,M_26309,3,PAN
M_26309,M_89760,1,IP
M_89760,M_27355,3,PAN
M_27355,M_41106,3,PAN
M_41106,M_99144,2,DEVICE
M_99144,M_97491,3,PAN
M_97491,M_86592,3,PAN
M_47819,M_59700,2,DEVICE
M_59700,M_77808,1,IP
M_77808,M_88989,2,DEVICE
M_88989,M_52020,1,IP
M_52020,M_11124,3,PAN
M_11124,M_47819,2,DEVICE
M_46890,M_10714,2,DEVICE
M_10714,M_95119,2,DEVICE
M_95119,M_44918,3,PAN
M_44918,M_18324,3,PAN
M_18324,M_70893,3,PAN
M_70893,M_60025,1,IP
M_60025,M_7892,1,IP
M_7892,M_19548,3,PAN
M_19548,M_49319,2,DEVICE
M_49319,M_80220,2,DEVICE
M_80220,M_46890,2,DEVICE
M_23134,M_62467,1,IP
M_62467,M_73261,2,DEVICE
M_73261,M_13850,2,DEVICE
M_13850,M_55241,2,DEVICE
M_55241,M_10561,2,DEVICE
M_10561,M_23134,3,PAN
M_16895,M_79269,1,IP
M_79269,M_40644,3,PAN
M_40644,M_68342,1,IP
M_68342,M_53952,1,IP
M_53952,M_90324,2,DEVICE
M_90324,M_5274,2,DEVICE
M_5274,M_11957,3,PAN
M_11957,M_16895,3,PAN
M_25337,M_32875,3,PAN
M_32875,M_65032,3,PAN
M_65032,M_85466,1,IP
M_85466,M_51084,3,PAN
M_51084,M_72577,3,PAN
M_72577,M_56542,3,PAN
M_56542,M_13864,2,DEVICE
M_13864,M_28676,3,PAN
M_28676,M_51728,2,DEVICE
M_51728,M_58454,2,DEVICE
M_58454,M_85459,3,PAN
M_85459,M_65493,3,PAN
M_65493,M_21160,3,PAN
M_21160,M_25337,1,IP
M_64435,M_3145,3,PAN
M_3145,M_71169,3,PAN
M_71169,M_33084,3,PAN
M_33084,M_19643,3,PAN
M_19643,M_78885,2,DEVICE
M_78885,M_3514,3,PAN
M_3514,M_58823,1,IP
M_58823,M_22495,3,PAN
M_22495,M_67250,2,DEVICE
M_67250,M_96314,2,DEVICE
M_96314,M_64435,3,PAN
M_778,M_994,1,IP
M_994,M_56389,2,DEVICE
M_56389,M_86486,1,IP
M_86486,M_16120,2,DEVICE
M_16120,M_89855,3,PAN
M_89855,M_5568,1,IP
M_5568,M_81824,3,PAN
M_81824,M_42276,2,DEVICE
M_42276,M_65981,2,DEVICE
M_65981,M_9197,1,IP
M_9197,M_25300,1,IP
M_25300,M_74815,3,PAN
M_74815,M_55234,2,DEVICE
M_55234,M_778,3,PAN
M_80431,M_28323,2,DEVICE
M_28323,M_23694,2,DEVICE
M_23694,M_49825,3,PAN
M_49825,M_37163,1,IP
M_37163,M_6951,3,PAN
M_6951,M_61642,2,DEVICE
M_61642,M_68208,1,IP
M_68208,M_34967,2,DEVICE
M_34967,M_83137,2,DEVICE
M_83137,M_33565,3,PAN
M_33565,M_30305,3,PAN
M_30305,M_80431,3,PAN
M_53293,M_22637,3,PAN
M_22637,M_87588,2,DEVICE
M_87588,M_6592,2,DEVICE
M_6592,M_12461,3,PAN
M_12461,M_58169,2,DEVICE
M_58169,M_12055,1,IP
M_12055,M_63961,3,PAN
M_63961,M_37628,2,DEVICE
M_37628,M_25700,3,PAN
M_25700,M_60280,2,DEVICE
M_60280,M_21576,2,DEVICE
M_21576,M_25279,3,PAN
M_25279,M_53293,3,PAN
M_68767,M_18827,1,IP
M_18827,M_58868,3,PAN
M_58868,M_56442,2,DEVICE
M_56442,M_89084,2,DEVICE
M_89084,M_2231,3,PAN
M_2231,M_98547,2,DEVICE
M_98547,M_30941,2,DEVICE
M_30941,M_68767,3,PAN
M_25568,M_17427,3,PAN
M_17427,M_68222,2,DEVICE
M_68222,M_88404,3,PAN
M_88404,M_96254,3,PAN
M_96254,M_19004,2,DEVICE
M_19004,M_94404,2,DEVICE
M_94404,M_38233,3,PAN
M_38233,M_95366,2,DEVICE
M_95366,M_97248,2,DEVICE
M_97248,M_93026,3,PAN
M_93026,M_68251,2,DEVICE
M_68251,M_83348,2,DEVICE
M_83348,M_25568,2,DEVICE
M_96647,M_18927,2,DEVICE
M_18927,M_10625,2,DEVICE
M_10625,M_17125,1,IP
M_17125,M_7493,1,IP
M_7493,M_46456,3,PAN
M_46456,M_76824,3,PAN
M_76824,M_91232,1,IP
M_91232,M_35412,1,IP
M_35412,M_52133,3,PAN
M_52133,M_80058,3,PAN
M_80058,M_9770,3,PAN
M_9770,M_9831,1,IP
M_9831,M_36258,1,IP
M_36258,M_72007,1,IP
M_72007,M_96647,3,PAN
M_56596,M_57911,3,PAN
M_57911,M_45507,3,PAN
M_45507,M_18248,3,PAN
M_18248,M_85551,2,DEVICE
M_85551,M_61269,2,DEVICE
M_61269,M_44758,3,PAN
M_44758,M_73585,3,PAN
M_73585,M_44547,1,IP
M_44547,M_19806,3,PAN
M_19806,M_898,3,PAN
M_898,M_29149,3,PAN
M_29149,M_24426,3,PAN
M_24426,M_31991,3,PAN
M_31991,M_70258,2,DEVICE
M_70258,M_56596,3,PAN
M_95246,M_61512,3,PAN
M_61512,M_19489,1,IP
M_19489,M_90986,3,PAN
M_90986,M_46579,2,DEVICE
M_46579,M_87164,3,PAN
M_87164,M_22407,1,IP
M_22407,M_72815,3,PAN
M_72815,M_14706,2,DEVICE
M_14706,M_14778,2,DEVICE
M_14778,M_58513,2,DEVICE
M_58513,M_91768,1,IP
M_91768,M_98285,3,PAN
M_98285,M_36273,3,PAN
M_36273,M_95246,1,IP
M_76857,M_86112,3,PAN
M_86112,M_19466,2,DEVICE
M_19466,M_42791,2,DEVICE
M_42791,M_54846,2,DEVICE
M_54846,M_76857,1,IP
M_71696,M_12212,1,IP
M_12212,M_67039,3,PAN
M_67039,M_85539,2,DEVICE
M_85539,M_39997,3,PAN
M_39997,M_48118,3,PAN
M_48118,M_41624,1,IP
M_41624,M_68902,2,DEVICE
M_68902,M_85000,3,PAN
M_85000,M_28965,2,DEVICE
M_28965,M_68589,3,PAN
M_68589,M_30611,3,PAN
M_30611,M_78612,2,DEVICE
M_78612,M_44885,2,DEVICE
M_44885,M_71696,2,DEVICE
M_93477,M_86069,2,DEVICE
M_86069,M_52313,3,PAN
M_52313,M_10874,1,IP
M_10874,M_67706,3,PAN
M_67706,M_66275,1,IP
M_66275,M_26197,3,PAN
M_26197,M_93477,3,PAN
M_61962,M_64821,3,PAN
M_64821,M_47869,2,DEVICE
M_47869,M_27640,1,IP
M_27640,M_76001,2,DEVICE
M_76001,M_61962,3,PAN
M_37599,M_40290,2,DEVICE
M_40290,M_38894,3,PAN
M_38894,M_84188,1,IP
M_84188,M_54999,3,PAN
M_54999,M_55193,2,DEVICE
M_55193,M_35544,1,IP
M_35544,M_56064,3,PAN
M_56064,M_72827,3,PAN
M_72827,M_49946,1,IP
M_49946,M_29163,3,PAN
M_29163,M_11088,2,DEVICE
M_11088,M_91534,1,IP
M_91534,M_68947,3,PAN
M_68947,M_37599,1,IP
M_92141,M_74957,3,PAN
M_74957,M_40324,2,DEVICE
M_40324,M_16239,3,PAN
M_16239,M_19349,2,DEVICE
M_19349,M_92141,3,PAN
M_3850,M_93872,3,PAN
M_93872,M_46166,3,PAN
M_46166,M_96602,2,DEVICE
M_96602,M_66083,3,PAN
M_66083,M_69508,3,PAN
M_69508,M_12203,3,PAN
M_12203,M_47020,3,PAN
M_47020,M_83815,3,PAN
M_83815,M_3850,3,PAN
M_53302,M_35662,2,DEVICE
M_35662,M_22898,2,DEVICE
M_22898,M_9548,2,DEVICE
M_9548,M_8282,3,PAN
M_8282,M_53302,1,IP
M_12829,M_8044,2,DEVICE
M_8044,M_10667,3,PAN
M_10667,M_36621,3,PAN
M_36621,M_74942,3,PAN
M_74942,M_24586,3,PAN
M_24586,M_23641,2,DEVICE
M_23641,M_89614,3,PAN
M_89614,M_45289,3,PAN
M_45289,M_65403,3,PAN
M_65403,M_69184,3,PAN
M_69184,M_12829,3,PAN
M_87975,M_43969,3,PAN
M_43969,M_57266,2,DEVICE
M_57266,M_91150,3,PAN
M_91150,M_58567,2,DEVICE
M_58567,M_11244,1,IP
M_11244,M_85692,1,IP
M_85692,M_32230,2,DEVICE
M_32230,M_68525,3,PAN
M_68525,M_48887,2,DEVICE
M_48887,M_32037,1,IP
M_32037,M_87975,3,PAN
M_59836,M_83005,2,DEVICE
M_83005,M_45130,3,PAN
M_45130,M_9480,2,DEVICE
M_9480,M_82894,3,PAN
M_82894,M_17566,3,PAN
M_17566,M_29602,2,DEVICE
M_29602,M_59836,2,DEVICE
M_12247,M_99619,2,DEVICE
M_99619,M_21369,1,IP
M_21369,M_1399,1,IP
M_1399,M_58026,3,PAN
M_58026,M_64922,1,IP
M_64922,M_12247,3,PAN
M_64907,M_5185,1,IP
M_5185,M_64778,3,PAN
M_64778,M_63649,1,IP
M_63649,M_72239,3,PAN
M_72239,M_52246,3,PAN
M_52246,M_84662,3,PAN
M_84662,M_28638,2,DEVICE
M_28638,M_80789,1,IP
M_80789,M_44709,3,PAN
M_44709,M_88664,3,PAN
M_88664,M_63817,3,PAN
M_63817,M_64907,3,PAN
M_12948,M_19621,2,DEVICE
M_19621,M_50239,2,DEVICE
M_50239,M_80901,3,PAN
M_80901,M_79155,3,PAN
M_79155,M_53594,2,DEVICE
M_53594,M_12948,3,PAN
M_55420,M_79770,2,DEVICE
M_79770,M_29410,3,PAN
M_29410,M_97098,3,PAN
M_97098,M_61130,3,PAN
M_61130,M_69999,2,DEVICE
M_69999,M_86713,3,PAN
M_86713,M_23520,1,IP
M_23520,M_94949,3,PAN
M_94949,M_30897,3,PAN
M_30897,M_55420,2,DEVICE
M_75156,M_6554,3,PAN
M_6554,M_12185,3,PAN
M_12185,M_13789,3,PAN
M_13789,M_19289,2,DEVICE
M_19289,M_10577,3,PAN
M_10577,M_27947,1,IP
M_27947,M_36696,3,PAN
M_36696,M_75247,3,PAN
M_75247,M_75156,3,PAN
M_35834,M_59867,1,IP
M_59867,M_31510,3,PAN
M_31510,M_6486,1,IP
M_6486,M_94474,3,PAN
M_94474,M_61111,2,DEVICE
M_61111,M_17054,3,PAN
M_17054,M_35834,2,DEVICE
M_51101,M_43069,3,PAN
M_43069,M_50413,2,DEVICE
M_50413,M_71158,1,IP
M_71158,M_31656,2,DEVICE
M_31656,M_32244,3,PAN
M_32244,M_43859,2,DEVICE
M_43859,M_51101,3,PAN
M_70803,M_24005,3,PAN
M_24005,M_2506,1,IP
M_2506,M_35007,3,PAN
M_35007,M_53260,2,DEVICE
M_53260,M_86269,2,DEVICE
M_86269,M_71392,3,PAN
M_71392,M_70803,3,PAN
M_57081,M_76797,2,DEVICE
M_76797,M_1904,3,PAN
M_1904,M_88554,3,PAN
M_88554,M_60216,3,PAN
M_60216,M_57081,1,IP
M_2998,M_58577,3,PAN
M_58577,M_57409,3,PAN
M_57409,M_37165,3,PAN
M_37165,M_52214,1,IP
M_52214,M_64309,2,DEVICE
M_64309,M_88954,2,DEVICE
M_88954,M_11170,2,DEVICE
M_11170,M_38891,3,PAN
M_38891,M_69256,2,DEVICE
M_69256,M_22011,1,IP
M_22011,M_93189,2,DEVICE
M_93189,M_2998,2,DEVICE
M_90128,M_34503,3,PAN
M_34503,M_95114,1,IP
M_95114,M_63806,3,PAN
M_63806,M_29020,2,DEVICE
M_29020,M_9636,3,PAN
M_9636,M_68760,2,DEVICE
M_68760,M_99438,1,IP
M_99438,M_90128,2,DEVICE
M_67153,M_65237,2,DEVICE
M_65237,M_22507,1,IP
M_22507,M_26004,2,DEVICE
M_26004,M_41753,1,IP
M_41753,M_40317,1,IP
M_40317,M_11395,1,IP
M_11395,M_51418,3,PAN
M_51418,M_67153,3,PAN
M_28547,M_37921,1,IP
M_37921,M_38363,1,IP
M_38363,M_27189,3,PAN
M_27189,M_93167,3,PAN
M_93167,M_28547,3,PAN
M_76245,M_75344,1,IP
M_75344,M_45006,2,DEVICE
M_45006,M_92965,3,PAN
M_92965,M_70548,3,PAN
M_70548,M_81370,1,IP
M_81370,M_51724,3,PAN
M_51724,M_76245,3,PAN
M_77965,M_9680,3,PAN
M_9680,M_55604,1,IP
M_55604,M_13624,3,PAN
M_13624,M_80480,3,PAN
M_80480,M_82310,3,PAN
M_82310,M_25387,1,IP
M_25387,M_90381,3,PAN
M_90381,M_47677,3,PAN
M_47677,M_77231,3,PAN
M_77231,M_89095,3,PAN
M_89095,M_6471,1,IP
M_6471,M_1806,2,DEVICE
M_1806,M_77965,3,PAN
M_4548,M_95137,3,PAN
M_95137,M_74331,1,IP
M_74331,M_10410,3,PAN
M_10410,M_89669,3,PAN
M_89669,M_77007,1,IP
M_77007,M_66921,1,IP
M_66921,M_52490,2,DEVICE
M_52490,M_64820,2,DEVICE
M_64820,M_25456,1,IP
M_25456,M_33467,2,DEVICE
M_33467,M_2167,3,PAN
M_2167,M_99842,3,PAN
M_99842,M_60698,2,DEVICE
M_60698,M_20310,2,DEVICE
M_20310,M_4548,1,IP
M_25052,M_65280,3,PAN
M_65280,M_76930,3,PAN
M_76930,M_72280,3,PAN
M_72280,M_39317,1,IP
M_39317,M_92459,3,PAN
M_92459,M_95631,1,IP
M_95631,M_6140,3,PAN
M_6140,M_74103,3,PAN
M_74103,M_3821,1,IP
M_3821,M_22607,3,PAN
M_22607,M_75201,1,IP
M_75201,M_26316,3,PAN
M_26316,M_45139,2,DEVICE
M_45139,M_25052,2,DEVICE
M_4790,M_87329,3,PAN
M_87329,M_17410,3,PAN
M_17410,M_78460,2,DEVICE
M_78460,M_98669,1,IP
M_98669,M_18945,1,IP
M_18945,M_4790,1,IP
M_95818,M_82841,2,DEVICE
M_82841,M_44069,2,DEVICE
M_44069,M_89413,1,IP
M_89413,M_21834,1,IP
M_21834,M_87361,1,IP
M_87361,M_80786,1,IP
M_80786,M_15454,1,IP
M_15454,M_48935,3,PAN
M_48935,M_86019,3,PAN
M_86019,M_59380,1,IP
M_59380,M_18568,2,DEVICE
M_18568,M_19184,3,PAN
M_19184,M_81145,2,DEVICE
M_81145,M_95818,2,DEVICE
M_29169,M_59687,1,IP
M_59687,M_90197,3,PAN
M_90197,M_75981,3,PAN
M_75981,M_7891,3,PAN
M_7891,M_67483,1,IP
M_67483,M_11467,3,PAN
M_11467,M_68332,2,DEVICE
M_68332,M_24801,2,DEVICE
M_24801,M_6326,2,DEVICE
M_6326,M_85166,2,DEVICE
M_85166,M_38888,2,DEVICE
M_38888,M_50787,2,DEVICE
M_50787,M_60335,3,PAN
M_60335,M_29169,3,PAN
M_21340,M_34422,2,DEVICE
M_34422,M_93218,3,PAN
M_93218,M_92494,2,DEVICE
M_92494,M_6044,3,PAN
M_6044,M_57467,1,IP
M_57467,M_91170,3,PAN
M_91170,M_78103,2,DEVICE
M_78103,M_72549,3,PAN
M_72549,M_96201,2,DEVICE
M_96201,M_65143,3,PAN
M_65143,M_28145,2,DEVICE
M_28145,M_40000,3,PAN
M_40000,M_55900,2,DEVICE
M_55900,M_21340,2,DEVICE
M_96954,M_44444,2,DEVICE
M_44444,M_10222,2,DEVICE
M_10222,M_99147,1,IP
M_99147,M_70645,3,PAN
M_70645,M_78168,2,DEVICE
M_78168,M_96954,3,PAN
M_29173,M_53658,2,DEVICE
M_53658,M_60215,3,PAN
M_60215,M_32734,3,PAN
M_32734,M_32318,2,DEVICE
M_32318,M_22735,3,PAN
M_22735,M_66041,3,PAN
M_66041,M_11734,3,PAN
M_11734,M_46219,1,IP
M_46219,M_26505,3,PAN
M_26505,M_16215,3,PAN
M_16215,M_58624,1,IP
M_58624,M_42548,1,IP
M_42548,M_7227,3,PAN
M_7227,M_89243,2,DEVICE
M_89243,M_29173,3,PAN
M_90892,M_39355,3,PAN
M_39355,M_43347,3,PAN
M_43347,M_78,3,PAN
M_78,M_10198,2,DEVICE
M_10198,M_34456,3,PAN
M_34456,M_8180,2,DEVICE
M_8180,M_29378,3,PAN
M_29378,M_70634,2,DEVICE
M_70634,M_75285,1,IP
M_75285,M_15307,3,PAN
M_15307,M_91291,3,PAN
M_91291,M_90892,3,PAN
M_61775,M_60195,2,DEVICE
M_60195,M_13594,3,PAN
M_13594,M_89626,2,DEVICE
M_89626,M_24043,2,DEVICE
M_24043,M_90001,2,DEVICE
M_90001,M_95509,2,DEVICE
M_95509,M_54362,3,PAN
M_54362,M_60526,3,PAN
M_60526,M_97897,2,DEVICE
M_97897,M_18509,3,PAN
M_18509,M_9406,2,DEVICE
M_9406,M_99086,1,IP
M_99086,M_84738,3,PAN
M_84738,M_74654,3,PAN
M_74654,M_61775,3,PAN
M_32680,M_95946,1,IP
M_95946,M_23484,1,IP
M_23484,M_70989,3,PAN
M_70989,M_55336,1,IP
M_55336,M_89230,3,PAN
M_89230,M_41154,1,IP
M_41154,M_32680,1,IP
M_59717,M_10141,3,PAN
M_10141,M_97829,2,DEVICE
M_97829,M_48759,2,DEVICE
M_48759,M_70540,3,PAN
M_70540,M_48417,3,PAN
M_48417,M_59717,2,DEVICE
M_77590,M_89461,3,PAN
M_89461,M_74951,3,PAN
M_74951,M_88057,2,DEVICE
M_88057,M_86399,3,PAN
M_86399,M_58082,2,DEVICE
M_58082,M_43099,3,PAN
M_43099,M_77590,3,PAN
M_68427,M_45638,2,DEVICE
M_45638,M_69657,3,PAN
M_69657,M_28190,2,DEVICE
M_28190,M_13886,3,PAN
M_13886,M_22486,2,DEVICE
M_22486,M_68427,3,PAN
M_88532,M_26194,3,PAN
M_26194,M_15932,1,IP
M_15932,M_67323,3,PAN
M_67323,M_88667,3,PAN
M_88667,M_81352,2,DEVICE
M_81352,M_26701,3,PAN
M_26701,M_24502,3,PAN
M_24502,M_80527,1,IP
M_80527,M_42867,2,DEVICE
M_42867,M_88532,2,DEVICE
M_19326,M_28331,1,IP
M_28331,M_85280,3,PAN
M_85280,M_4417,3,PAN
M_4417,M_94351,1,IP
M_94351,M_96470,3,PAN
M_96470,M_94381,3,PAN
M_94381,M_27559,3,PAN
M_27559,M_14745,3,PAN
M_14745,M_20929,3,PAN
M_20929,M_129,3,PAN
M_129,M_55992,2,DEVICE
M_55992,M_28185,2,DEVICE
M_28185,M_74403,1,IP
M_74403,M_19326,3,PAN
M_45880,M_62746,2,DEVICE
M_62746,M_42177,3,PAN
M_42177,M_23834,3,PAN
M_23834,M_78148,2,DEVICE
M_78148,M_34903,2,DEVICE
M_34903,M_3674,3,PAN
M_3674,M_29320,2,DEVICE
M_29320,M_12569,2,DEVICE
M_12569,M_45880,1,IP
M_59643,M_15650,3,PAN
M_15650,M_31028,2,DEVICE
M_31028,M_53266,2,DEVICE
M_53266,M_78868,3,PAN
M_78868,M_62331,2,DEVICE
M_62331,M_59643,2,DEVICE
M_74814,M_86745,3,PAN
M_86745,M_88854,3,PAN
M_88854,M_32994,2,DEVICE
M_32994,M_27974,3,PAN
M_27974,M_92451,2,DEVICE
M_92451,M_9455,3,PAN
M_9455,M_40165,2,DEVICE
M_40165,M_74814,2,DEVICE
M_50188,M_15683,2,DEVICE
M_15683,M_45847,2,DEVICE
M_45847,M_79475,3,PAN
M_79475,M_68216,3,PAN
M_68216,M_89902,2,DEVICE
M_89902,M_278,3,PAN
M_278,M_77088,2,DEVICE
M_77088,M_50188,2,DEVICE
M_47766,M_27689,3,PAN
M_27689,M_78843,2,DEVICE
M_78843,M_87139,3,PAN
M_87139,M_64255,1,IP
M_64255,M_76326,2,DEVICE
M_76326,M_70895,2,DEVICE
M_70895,M_45990,2,DEVICE
M_45990,M_14010,3,PAN
M_14010,M_95628,2,DEVICE
M_95628,M_9350,1,IP
M_9350,M_45704,3,PAN
M_45704,M_17027,1,IP
M_17027,M_47766,1,IP
M_56582,M_47599,1,IP
M_47599,M_18832,1,IP
M_18832,M_53483,3,PAN
M_53483,M_42654,2,DEVICE
M_42654,M_85068,3,PAN
M_85068,M_64556,2,DEVICE
M_64556,M_73200,3,PAN
M_73200,M_76783,1,IP
M_76783,M_8909,3,PAN
M_8909,M_47781,3,PAN
M_47781,M_29161,3,PAN
M_29161,M_9513,2,DEVICE
M_9513,M_30961,3,PAN
M_30961,M_56582,3,PAN
M_50998,M_98313,3,PAN
M_98313,M_68979,1,IP
M_68979,M_8043,3,PAN
M_8043,M_10789,3,PAN
M_10789,M_47204,3,PAN
M_47204,M_22544,3,PAN
M_22544,M_646,3,PAN
M_646,M_67927,3,PAN
M_67927,M_92688,3,PAN
M_92688,M_91945,3,PAN
M_91945,M_94639,3,PAN
M_94639,M_42871,2,DEVICE
M_42871,M_97947,3,PAN
M_97947,M_50998,2,DEVICE
M_59547,M_497,2,DEVICE
M_497,M_4869,1,IP
M_4869,M_70888,3,PAN
M_70888,M_26268,2,DEVICE
M_26268,M_27540,1,IP
M_27540,M_59547,1,IP
M_52005,M_29314,3,PAN
M_29314,M_21001,1,IP
M_21001,M_8587,1,IP
M_8587,M_26391,3,PAN
M_26391,M_87506,3,PAN
M_87506,M_55747,1,IP
M_55747,M_39877,3,PAN
M_39877,M_35447,2,DEVICE
M_35447,M_40369,3,PAN
M_40369,M_20620,2,DEVICE
M_20620,M_77629,3,PAN
M_77629,M_28873,2,DEVICE
M_28873,M_77717,2,DEVICE
M_77717,M_52005,1,IP
M_66791,M_72243,3,PAN
M_72243,M_87643,3,PAN
M_87643,M_3893,3,PAN
M_3893,M_90612,3,PAN
M_90612,M_50556,1,IP
M_50556,M_15527,3,PAN
M_15527,M_87892,3,PAN
M_87892,M_23794,1,IP
M_23794,M_618,3,PAN
M_618,M_47790,3,PAN
M_47790,M_96892,2,DEVICE
M_96892,M_22758,3,PAN
M_22758,M_66791,1,IP
M_32829,M_73760,3,PAN
M_73760,M_84536,2,DEVICE
M_84536,M_85139,1,IP
M_85139,M_79434,3,PAN
M_79434,M_33268,2,DEVICE
M_33268,M_36479,3,PAN
M_36479,M_78356,2,DEVICE
M_78356,M_69380,2,DEVICE
M_69380,M_5468,3,PAN
M_5468,M_43196,3,PAN
M_43196,M_61780,3,PAN
M_61780,M_32829,2,DEVICE
M_80708,M_30749,2,DEVICE
M_30749,M_13933,3,PAN
M_13933,M_21357,3,PAN
M_21357,M_38551,1,IP
M_38551,M_67437,3,PAN
M_67437,M_54403,3,PAN
M_54403,M_68592,3,PAN
M_68592,M_14004,2,DEVICE
M_14004,M_26879,3,PAN
M_26879,M_52059,1,IP
M_52059,M_5970,2,DEVICE
M_5970,M_80708,3,PAN
M_81606,M_54243,3,PAN
M_54243,M_98903,3,PAN
M_98903,M_56991,2,DEVICE
M_56991,M_76643,3,PAN
M_76643,M_90299,1,IP
M_90299,M_99759,2,DEVICE
M_99759,M_95064,3,PAN
M_95064,M_81606,1,IP
M_75860,M_10191,2,DEVICE
M_10191,M_34854,3,PAN
M_34854,M_34818,2,DEVICE
M_34818,M_96000,1,IP
M_96000,M_51226,3,PAN
M_51226,M_79773,3,PAN
M_79773,M_21014,3,PAN
M_21014,M_76972,3,PAN
M_76972,M_49357,3,PAN
M_49357,M_85462,2,DEVICE
M_85462,M_75860,1,IP
M_86749,M_95917,3,PAN
M_95917,M_66976,3,PAN
M_66976,M_49191,3,PAN
M_49191,M_76481,3,PAN
M_76481,M_10512,2,DEVICE
M_10512,M_86749,3,PAN
M_6944,M_90978,1,IP
M_90978,M_41422,3,PAN
M_41422,M_46475,2,DEVICE
M_46475,M_2818,1,IP
M_2818,M_54226,2,DEVICE
M_54226,M_40514,1,IP
M_40514,M_59300,1,IP
M_59300,M_69941,2,DEVICE
M_69941,M_53693,3,PAN
M_53693,M_92759,3,PAN
M_92759,M_7738,1,IP
M_7738,M_55391,3,PAN
M_55391,M_6944,1,IP
M_33599,M_82688,2,DEVICE
M_82688,M_99507,3,PAN
M_99507,M_91571,1,IP
M_91571,M_69630,3,PAN
M_69630,M_39407,3,PAN
M_39407,M_85699,1,IP
M_85699,M_41788,3,PAN
M_41788,M_72526,3,PAN
M_72526,M_75354,1,IP
M_75354,M_63705,1,IP
M_63705,M_85950,3,PAN
M_85950,M_33599,2,DEVICE
M_31222,M_61753,3,PAN
M_61753,M_94651,3,PAN
M_94651,M_24173,2,DEVICE
M_24173,M_56130,3,PAN
M_56130,M_83027,3,PAN
M_83027,M_88302,3,PAN
M_88302,M_91209,1,IP
M_91209,M_31222,2,DEVICE
M_12715,M_17085,1,IP
M_17085,M_9904,1,IP
M_9904,M_17093,3,PAN
M_17093,M_5050,1,IP
M_5050,M_34889,3,PAN
M_34889,M_66197,3,PAN
M_66197,M_53138,3,PAN
M_53138,M_12715,3,PAN
M_99965,M_28475,2,DEVICE
M_28475,M_48479,2,DEVICE
M_48479,M_33608,1,IP
M_33608,M_15600,3,PAN
M_15600,M_32347,3,PAN
M_32347,M_52632,3,PAN
M_52632,M_99965,3,PAN
M_42004,M_93202,2,DEVICE
M_93202,M_18637,2,DEVICE
M_18637,M_24496,2,DEVICE
M_24496,M_18388,3,PAN
M_18388,M_42004,3,PAN
M_64849,M_64312,3,PAN
M_64312,M_70163,1,IP
M_70163,M_19436,3,PAN
M_19436,M_89113,3,PAN
M_89113,M_87342,2,DEVICE
M_87342,M_34172,3,PAN
M_34172,M_53840,2,DEVICE
M_53840,M_82213,3,PAN
M_82213,M_93213,2,DEVICE
M_93213,M_61328,3,PAN
M_61328,M_90909,1,IP
M_90909,M_58220,2,DEVICE
M_58220,M_59136,3,PAN
M_59136,M_56070,2,DEVICE
M_56070,M_64849,2,DEVICE
M_72423,M_21641,1,IP
M_21641,M_55138,1,IP
M_55138,M_59189,3,PAN
M_59189,M_79815,3,PAN
M_79815,M_2373,3,PAN
M_2373,M_84453,2,DEVICE
M_84453,M_1748,1,IP
M_1748,M_97043,2,DEVICE
M_97043,M_10844,3,PAN
M_10844,M_94286,1,IP
M_94286,M_55011,2,DEVICE
M_55011,M_13636,3,PAN
M_13636,M_73365,1,IP
M_73365,M_81187,3,PAN
M_81187,M_72423,2,DEVICE
M_91067,M_27468,3,PAN
M_27468,M_30587,1,IP
M_30587,M_14066,3,PAN
M_14066,M_29848,3,PAN
M_29848,M_31183,2,DEVICE
M_31183,M_52570,1,IP
M_52570,M_53466,3,PAN
M_53466,M_5838,3,PAN
M_5838,M_10403,1,IP
M_10403,M_36088,2,DEVICE
M_36088,M_5289,3,PAN
M_5289,M_91067,3,PAN
M_11673,M_95426,2,DEVICE
M_95426,M_26385,2,DEVICE
M_26385,M_26637,2,DEVICE
M_26637,M_5796,3,PAN
M_5796,M_91782,1,IP
M_91782,M_59581,3,PAN
M_59581,M_4940,1,IP
M_4940,M_20441,3,PAN
M_20441,M_39512,3,PAN
M_39512,M_84197,3,PAN
M_84197,M_15047,3,PAN
M_15047,M_7963,3,PAN
M_7963,M_7504,2,DEVICE
M_7504,M_11673,1,IP
M_89613,M_72630,2,DEVICE
M_72630,M_65176,2,DEVICE
M_65176,M_69880,3,PAN
M_69880,M_77109,1,IP
M_77109,M_13320,3,PAN
M_13320,M_3829,3,PAN
M_3829,M_19488,3,PAN
M_19488,M_99862,3,PAN
M_99862,M_35303,2,DEVICE
M_35303,M_89613,3,PAN
M_63316,M_53924,1,IP
M_53924,M_11343,3,PAN
M_11343,M_53364,2,DEVICE
M_53364,M_32949,3,PAN
M_32949,M_63316,1,IP
M_99040,M_65139,2,DEVICE
M_65139,M_65222,3,PAN
M_65222,M_96383,1,IP
M_96383,M_58478,3,PAN
M_58478,M_76187,3,PAN
M_76187,M_99040,2,DEVICE
M_51691,M_92711,3,PAN
M_92711,M_29377,3,PAN
M_29377,M_66458,3,PAN
M_66458,M_68378,2,DEVICE
M_68378,M_51691,1,IP
M_24217,M_77535,3,PAN
M_77535,M_4789,1,IP
M_4789,M_2384,3,PAN
M_2384,M_38489,2,DEVICE
M_38489,M_11203,1,IP
M_11203,M_15446,2,DEVICE
M_15446,M_98191,3,PAN
M_98191,M_44291,3,PAN
M_44291,M_80851,3,PAN
M_80851,M_62665,2,DEVICE
M_62665,M_62098,1,IP
M_62098,M_24217,3,PAN
M_66165,M_10255,3,PAN
M_10255,M_15655,2,DEVICE
M_15655,M_4437,2,DEVICE
M_4437,M_92266,3,PAN
M_92266,M_66487,2,DEVICE
M_66487,M_96677,3,PAN
M_96677,M_89978,2,DEVICE
M_89978,M_22563,3,PAN
M_22563,M_66068,3,PAN
M_66068,M_72126,2,DEVICE
M_72126,M_48001,2,DEVICE
M_48001,M_66165,3,PAN
M_77849,M_74371,2,DEVICE
M_74371,M_71855,2,DEVICE
M_71855,M_99837,3,PAN
M_99837,M_42611,1,IP
M_42611,M_21776,1,IP
M_21776,M_77849,3,PAN
M_39417,M_51834,2,DEVICE
M_51834,M_57261,3,PAN
M_57261,M_50557,2,DEVICE
M_50557,M_66639,3,PAN
M_66639,M_88754,2,DEVICE
M_88754,M_63955,1,IP
M_63955,M_2476,3,PAN
M_2476,M_91031,2,DEVICE
M_91031,M_77329,3,PAN
M_77329,M_80941,2,DEVICE
M_80941,M_12002,1,IP
M_12002,M_15497,3,PAN
M_15497,M_88556,2,DEVICE
M_88556,M_39417,3,PAN
M_44160,M_86278,2,DEVICE
M_86278,M_59123,2,DEVICE
M_59123,M_19085,2,DEVICE
M_19085,M_51518,3,PAN
M_51518,M_72775,2,DEVICE
M_72775,M_70598,2,DEVICE
M_70598,M_47187,2,DEVICE
M_47187,M_51415,2,DEVICE
M_51415,M_72001,1,IP
M_72001,M_58761,3,PAN
M_58761,M_13174,3,PAN
M_13174,M_77780,1,IP
M_77780,M_61291,3,PAN
M_61291,M_6198,1,IP
M_6198,M_44160,2,DEVICE
M_28978,M_5327,2,DEVICE
M_5327,M_97131,1,IP
M_97131,M_8395,2,DEVICE
M_8395,M_77024,2,DEVICE
M_77024,M_71960,3,PAN
M_71960,M_68498,3,PAN
M_68498,M_87737,3,PAN
M_87737,M_23102,1,IP
M_23102,M_28978,3,PAN
M_83166,M_76069,2,DEVICE
M_76069,M_27957,2,DEVICE
M_27957,M_99261,3,PAN
M_99261,M_15584,1,IP
M_15584,M_16432,3,PAN
M_16432,M_51346,2,DEVICE
M_51346,M_96911,3,PAN
M_96911,M_93886,3,PAN
M_93886,M_67616,3,PAN
M_67616,M_56122,2,DEVICE
M_56122,M_46701,3,PAN
M_46701,M_5482,1,IP
M_5482,M_31336,2,DEVICE
M_31336,M_78250,3,PAN
M_78250,M_83166,3,PAN
M_43271,M_98287,2,DEVICE
M_98287,M_56350,2,DEVICE
M_56350,M_89904,3,PAN
M_89904,M_84722,2,DEVICE
M_84722,M_58231,3,PAN
M_58231,M_11929,2,DEVICE
M_11929,M_89362,3,PAN
M_89362,M_23439,3,PAN
M_23439,M_99104,3,PAN
M_99104,M_43271,2,DEVICE
M_45493,M_15339,2,DEVICE
M_15339,M_12355,3,PAN
M_12355,M_83499,3,PAN
M_83499,M_6154,2,DEVICE
M_6154,M_53218,3,PAN
M_53218,M_45493,2,DEVICE
M_78785,M_65920,3,PAN
M_65920,M_40087,2,DEVICE
M_40087,M_15263,3,PAN
M_15263,M_81389,2,DEVICE
M_81389,M_11036,3,PAN
M_11036,M_47826,3,PAN
M_47826,M_47121,2,DEVICE
M_47121,M_71926,3,PAN
M_71926,M_89145,2,DEVICE
M_89145,M_85075,2,DEVICE
M_85075,M_36539,1,IP
M_36539,M_84023,3,PAN
M_84023,M_59973,3,PAN
M_59973,M_78785,3,PAN
M_53879,M_34551,1,IP
M_34551,M_40501,3,PAN
M_40501,M_78041,3,PAN
M_78041,M_97572,2,DEVICE
M_97572,M_69366,3,PAN
M_69366,M_70578,2,DEVICE
M_70578,M_23733,3,PAN
M_23733,M_97044,2,DEVICE
M_97044,M_53879,2,DEVICE
M_23018,M_33784,2,DEVICE
M_33784,M_53255,2,DEVICE
M_53255,M_10149,3,PAN
M_10149,M_24657,1,IP
M_24657,M_3693,2,DEVICE
M_3693,M_58604,1,IP
M_58604,M_5797,2,DEVICE
M_5797,M_49016,3,PAN
M_49016,M_84216,3,PAN
M_84216,M_23018,3,PAN
M_70798,M_38297,3,PAN
M_38297,M_28906,3,PAN
M_28906,M_31499,3,PAN
M_31499,M_1985,3,PAN
M_1985,M_30510,1,IP
M_30510,M_52936,3,PAN
M_52936,M_65653,2,DEVICE
M_65653,M_70798,2,DEVICE
M_64810,M_63568,3,PAN
M_63568,M_38085,2,DEVICE
M_38085,M_69897,2,DEVICE
M_69897,M_56380,1,IP
M_56380,M_39177,3,PAN
M_39177,M_82445,3,PAN
M_82445,M_49208,2,DEVICE
M_49208,M_64810,3,PAN
M_12270,M_70270,2,DEVICE
M_70270,M_69920,2,DEVICE
M_69920,M_11862,2,DEVICE
M_11862,M_43621,1,IP
M_43621,M_76057,2,DEVICE
M_76057,M_4212,1,IP
M_4212,M_26402,2,DEVICE
M_26402,M_11195,3,PAN
M_11195,M_70865,2,DEVICE
M_70865,M_76288,2,DEVICE
M_76288,M_12270,1,IP
M_12417,M_25186,3,PAN
M_25186,M_55551,1,IP
M_55551,M_41623,3,PAN
M_41623,M_74474,2,DEVICE
M_74474,M_3354,2,DEVICE
M_3354,M_57368,3,PAN
M_57368,M_399,3,PAN
M_399,M_12417,1,IP
M_66001,M_7398,3,PAN
M_7398,M_27629,2,DEVICE
M_27629,M_66979,2,DEVICE
M_66979,M_69898,2,DEVICE
M_69898,M_86737,3,PAN
M_86737,M_29782,3,PAN
M_29782,M_66001,1,IP
M_8846,M_95047,3,PAN
M_95047,M_50472,1,IP
M_50472,M_70141,3,PAN
M_70141,M_5012,3,PAN
M_5012,M_85488,1,IP
M_85488,M_13950,3,PAN
M_13950,M_8846,3,PAN
M_84592,M_4897,3,PAN
M_4897,M_53347,2,DEVICE
M_53347,M_56133,1,IP
M_56133,M_50509,2,DEVICE
M_50509,M_27782,1,IP
M_27782,M_84592,3,PAN
M_40496,M_74934,3,PAN
M_74934,M_51251,1,IP
M_51251,M_413,1,IP
M_413,M_86933,3,PAN
M_86933,M_10227,1,IP
M_10227,M_50060,2,DEVICE
M_50060,M_72179,3,PAN
M_72179,M_40496,2,DEVICE
M_57556,M_84656,1,IP
M_84656,M_18407,3,PAN
M_18407,M_77047,3,PAN
M_77047,M_7413,1,IP
M_7413,M_7551,3,PAN
M_7551,M_13529,3,PAN
M_13529,M_15818,2,DEVICE
M_15818,M_49479,2,DEVICE
M_49479,M_91730,3,PAN
M_91730,M_36772,3,PAN
M_36772,M_57556,1,IP
M_6637,M_69502,2,DEVICE
M_69502,M_21674,1,IP
M_21674,M_95872,3,PAN
M_95872,M_49580,1,IP
M_49580,M_6637,2,DEVICE
M_93703,M_97490,1,IP
M_97490,M_36096,3,PAN
M_36096,M_36143,3,PAN
M_36143,M_30648,2,DEVICE
M_30648,M_95110,1,IP
M_95110,M_84709,1,IP
M_84709,M_71846,3,PAN
M_71846,M_86046,2,DEVICE
M_86046,M_62328,3,PAN
M_62328,M_93703,2,DEVICE
M_74746,M_89495,2,DEVICE
M_89495,M_2895,3,PAN
M_2895,M_99664,1,IP
M_99664,M_1275,3,PAN
M_1275,M_8653,3,PAN
M_8653,M_36987,2,DEVICE
M_36987,M_58344,2,DEVICE
M_58344,M_92146,2,DEVICE
M_92146,M_14188,2,DEVICE
M_14188,M_88605,3,PAN
M_88605,M_57199,3,PAN
M_57199,M_44769,2,DEVICE
M_44769,M_16338,2,DEVICE
M_16338,M_37407,2,DEVICE
M_37407,M_74746,3,PAN
M_54598,M_31003,3,PAN
M_31003,M_80151,2,DEVICE
M_80151,M_60595,3,PAN
M_60595,M_42067,2,DEVICE
M_42067,M_67032,3,PAN
M_67032,M_74875,3,PAN
M_74875,M_58195,3,PAN
M_58195,M_23945,3,PAN
M_23945,M_91895,2,DEVICE
M_91895,M_29065,3,PAN
M_29065,M_79818,3,PAN
M_79818,M_20614,1,IP
M_20614,M_46854,3,PAN
M_46854,M_54598,2,DEVICE
M_85994,M_73262,3,PAN
M_73262,M_16639,3,PAN
M_16639,M_68022,1,IP
M_68022,M_80765,3,PAN
M_80765,M_78434,2,DEVICE
M_78434,M_96635,1,IP
M_96635,M_70808,3,PAN
M_70808,M_15577,2,DEVICE
M_15577,M_2012,3,PAN
M_2012,M_11035,3,PAN
M_11035,M_85994,1,IP
M_58214,M_43895,3,PAN
M_43895,M_61490,1,IP
M_61490,M_560,2,DEVICE
M_560,M_52860,3,PAN
M_52860,M_34326,3,PAN
M_34326,M_57299,2,DEVICE
M_57299,M_56716,3,PAN
M_56716,M_97342,3,PAN
M_97342,M_58214,3,PAN
M_34018,M_29805,1,IP
M_29805,M_9605,3,PAN
M_9605,M_17262,3,PAN
M_17262,M_33173,2,DEVICE
M_33173,M_76312,2,DEVICE
M_76312,M_97215,1,IP
M_97215,M_34147,1,IP
M_34147,M_43091,3,PAN
M_43091,M_69666,3,PAN
M_69666,M_32583,2,DEVICE
M_32583,M_97110,3,PAN
M_97110,M_34018,2,DEVICE
M_88299,M_15986,3,PAN
M_15986,M_16551,1,IP
M_16551,M_20932,2,DEVICE
M_20932,M_26872,2,DEVICE
M_26872,M_88299,3,PAN
M_29568,M_44509,2,DEVICE
M_44509,M_14385,1,IP
M_14385,M_43342,1,IP
M_43342,M_70747,3,PAN
M_70747,M_81134,3,PAN
M_81134,M_28180,3,PAN
M_28180,M_77326,2,DEVICE
M_77326,M_26127,2,DEVICE
M_26127,M_13027,3,PAN
M_13027,M_29568,1,IP
M_28458,M_51131,3,PAN
M_51131,M_29919,2,DEVICE
M_29919,M_76107,3,PAN
M_76107,M_83932,3,PAN
M_83932,M_84937,3,PAN
M_84937,M_92299,2,DEVICE
M_92299,M_40962,2,DEVICE
M_40962,M_51693,3,PAN
M_51693,M_74880,2,DEVICE
M_74880,M_2460,2,DEVICE
M_2460,M_51270,3,PAN
M_51270,M_19168,2,DEVICE
M_19168,M_86503,3,PAN
M_86503,M_98701,1,IP
M_98701,M_28458,2,DEVICE
M_30210,M_77298,2,DEVICE
M_77298,M_22120,3,PAN
M_22120,M_42267,1,IP
M_42267,M_55256,2,DEVICE
M_55256,M_52306,3,PAN
M_52306,M_93422,2,DEVICE
M_93422,M_59124,3,PAN
M_59124,M_4443,1,IP
M_4443,M_41663,1,IP
M_41663,M_12184,2,DEVICE
M_12184,M_22708,2,DEVICE
M_22708,M_35059,2,DEVICE
M_35059,M_30210,3,PAN
M_64879,M_55157,3,PAN
M_55157,M_4058,1,IP
M_4058,M_9587,3,PAN
M_9587,M_23340,3,PAN
M_23340,M_92362,3,PAN
M_92362,M_64879,1,IP
M_37033,M_91766,3,PAN
M_91766,M_50366,3,PAN
M_50366,M_6287,1,IP
M_6287,M_90948,3,PAN
M_90948,M_2358,1,IP
M_2358,M_38190,1,IP
M_38190,M_81596,2,DEVICE
M_81596,M_56610,3,PAN
M_56610,M_58074,2,DEVICE
M_58074,M_37033,1,IP
M_22546,M_99578,3,PAN
M_99578,M_38763,1,IP
M_38763,M_40143,3,PAN
M_40143,M_17228,1,IP
M_17228,M_47952,2,DEVICE
M_47952,M_77321,3,PAN
M_77321,M_58709,3,PAN
M_58709,M_69659,3,PAN
M_69659,M_13336,3,PAN
M_13336,M_98274,1,IP
M_98274,M_65643,3,PAN
M_65643,M_72411,1,IP
M_72411,M_91022,3,PAN
M_91022,M_38115,2,DEVICE
M_38115,M_22546,1,IP
M_40416,M_97065,1,IP
M_97065,M_92194,1,IP
M_92194,M_61550,2,DEVICE
M_61550,M_132,2,DEVICE
M_132,M_97516,3,PAN
M_97516,M_83016,3,PAN
M_83016,M_38,3,PAN
M_38,M_1102,1,IP
M_1102,M_44379,2,DEVICE
M_44379,M_20411,2,DEVICE
M_20411,M_91937,1,IP
M_91937,M_39692,3,PAN
M_39692,M_40416,1,IP
M_36059,M_28698,3,PAN
M_28698,M_12514,3,PAN
M_12514,M_23115,2,DEVICE
M_23115,M_38205,3,PAN
M_38205,M_25007,2,DEVICE
M_25007,M_86450,2,DEVICE
M_86450,M_27399,1,IP
M_27399,M_33861,3,PAN
M_33861,M_69728,3,PAN
M_69728,M_62984,3,PAN
M_62984,M_92926,3,PAN
M_92926,M_36059,3,PAN
M_53133,M_54888,1,IP
M_54888,M_57617,1,IP
M_57617,M_95004,1,IP
M_95004,M_41197,3,PAN
M_41197,M_8403,2,DEVICE
M_8403,M_13390,3,PAN
M_13390,M_27968,3,PAN
M_27968,M_91659,3,PAN
M_91659,M_48831,1,IP
M_48831,M_94433,2,DEVICE
M_94433,M_53133,3,PAN
M_22594,M_53197,2,DEVICE
M_53197,M_90194,1,IP
M_90194,M_30862,3,PAN
M_30862,M_28633,1,IP
M_28633,M_66155,3,PAN
M_66155,M_69279,3,PAN
M_69279,M_96791,1,IP
M_96791,M_22594,3,PAN
M_59181,M_69712,3,PAN
M_69712,M_22746,2,DEVICE
M_22746,M_28264,2,DEVICE
M_28264,M_88151,1,IP
M_88151,M_74493,1,IP
M_74493,M_18061,2,DEVICE
M_18061,M_57302,3,PAN
M_57302,M_14465,3,PAN
M_14465,M_59181,2,DEVICE
M_68259,M_11698,3,PAN
M_11698,M_83092,3,PAN
M_83092,M_83373,1,IP
M_83373,M_82604,3,PAN
M_82604,M_10034,3,PAN
M_10034,M_99844,1,IP
M_99844,M_78704,2,DEVICE
M_78704,M_18619,2,DEVICE
M_18619,M_92446,3,PAN
M_92446,M_97977,3,PAN
M_97977,M_681,2,DEVICE
M_681,M_19885,3,PAN
M_19885,M_68259,2,DEVICE
M_72702,M_27298,3,PAN
M_27298,M_29362,3,PAN
M_29362,M_40265,3,PAN
M_40265,M_28152,3,PAN
M_28152,M_62297,2,DEVICE
M_62297,M_91094,2,DEVICE
M_91094,M_34971,3,PAN
M_34971,M_72698,2,DEVICE
M_72698,M_40242,3,PAN
M_40242,M_26999,3,PAN
M_26999,M_76737,1,IP
M_76737,M_7699,2,DEVICE
M_7699,M_72702,2,DEVICE
M_3954,M_27989,3,PAN
M_27989,M_64533,3,PAN
M_64533,M_21791,2,DEVICE
M_21791,M_96326,2,DEVICE
M_96326,M_8879,2,DEVICE
M_8879,M_27728,1,IP
M_27728,M_3954,3,PAN
M_85721,M_64129,2,DEVICE
M_64129,M_41357,3,PAN
M_41357,M_35474,3,PAN
M_35474,M_96301,2,DEVICE
M_96301,M_90778,3,PAN
M_90778,M_38622,2,DEVICE
M_38622,M_40398,2,DEVICE
M_40398,M_85721,3,PAN
M_10790,M_38716,2,DEVICE
M_38716,M_43023,2,DEVICE
M_43023,M_95050,3,PAN
M_95050,M_13888,1,IP
M_13888,M_89915,3,PAN
M_89915,M_49592,1,IP
M_49592,M_80783,3,PAN
M_80783,M_39937,3,PAN
M_39937,M_94623,2,DEVICE
M_94623,M_6665,3,PAN
M_6665,M_16856,3,PAN
M_16856,M_53807,3,PAN
M_53807,M_10790,2,DEVICE
M_62867,M_74567,3,PAN
M_74567,M_99488,3,PAN
M_99488,M_83101,3,PAN
M_83101,M_81965,1,IP
M_81965,M_69957,3,PAN
M_69957,M_4194,2,DEVICE
M_4194,M_62867,3,PAN
M_34252,M_21361,2,DEVICE
M_21361,M_31206,1,IP
M_31206,M_20589,3,PAN
M_20589,M_94467,2,DEVICE
M_94467,M_4617,3,PAN
M_4617,M_33339,2,DEVICE
M_33339,M_94079,3,PAN
M_94079,M_55514,3,PAN
M_55514,M_40703,3,PAN
M_40703,M_99099,3,PAN
M_99099,M_34252,1,IP
M_25336,M_80834,3,PAN
M_80834,M_34794,2,DEVICE
M_34794,M_60735,2,DEVICE
M_60735,M_71838,3,PAN
M_71838,M_15165,3,PAN
M_15165,M_10179,2,DEVICE
M_10179,M_13581,3,PAN
M_13581,M_28504,2,DEVICE
M_28504,M_92354,3,PAN
M_92354,M_13124,3,PAN
M_13124,M_40660,2,DEVICE
M_40660,M_38103,2,DEVICE
M_38103,M_25336,1,IP
M_72277,M_88381,3,PAN
M_88381,M_61365,2,DEVICE
M_61365,M_4462,1,IP
M_4462,M_92125,2,DEVICE
M_92125,M_53405,1,IP
M_53405,M_13524,1,IP
M_13524,M_5920,1,IP
M_5920,M_80306,1,IP
M_80306,M_79391,2,DEVICE
M_79391,M_31996,3,PAN
M_31996,M_21354,1,IP
M_21354,M_9358,1,IP
M_9358,M_72277,3,PAN
M_9882,M_60739,3,PAN
M_60739,M_58519,1,IP
M_58519,M_72723,3,PAN
M_72723,M_49192,3,PAN
M_49192,M_84041,2,DEVICE
M_84041,M_22070,3,PAN
M_22070,M_39141,1,IP
M_39141,M_18017,3,PAN
M_18017,M_98316,3,PAN
M_98316,M_50703,3,PAN
M_50703,M_36463,2,DEVICE
M_36463,M_70357,2,DEVICE
M_70357,M_9882,3,PAN
M_11757,M_2992,3,PAN
M_2992,M_29686,1,IP
M_29686,M_32923,2,DEVICE
M_32923,M_52798,2,DEVICE
M_52798,M_27711,3,PAN
M_27711,M_98478,1,IP
M_98478,M_64718,2,DEVICE
M_64718,M_11757,3,PAN
M_45685,M_38009,1,IP
M_38009,M_79881,2,DEVICE
M_79881,M_86457,2,DEVICE
M_86457,M_46372,3,PAN
M_46372,M_89895,2,DEVICE
M_89895,M_77420,3,PAN
M_77420,M_24545,2,DEVICE
M_24545,M_71069,3,PAN
M_71069,M_94025,3,PAN
M_94025,M_12089,1,IP
M_12089,M_23011,3,PAN
M_23011,M_30009,1,IP
M_30009,M_99870,3,PAN
M_99870,M_67817,3,PAN
M_67817,M_45685,3,PAN
M_33796,M_41875,3,PAN
M_41875,M_92701,3,PAN
M_92701,M_85891,3,PAN
M_85891,M_89417,2,DEVICE
M_89417,M_69165,3,PAN
M_69165,M_76477,3,PAN
M_76477,M_87600,3,PAN
M_87600,M_7406,3,PAN
M_7406,M_87825,3,PAN
M_87825,M_78953,3,PAN
M_78953,M_66315,2,DEVICE
M_66315,M_59277,2,DEVICE
M_59277,M_39267,1,IP
M_39267,M_17861,2,DEVICE
M_17861,M_33796,2,DEVICE
M_44834,M_83122,3,PAN
M_83122,M_50583,2,DEVICE
M_50583,M_87732,3,PAN
M_87732,M_65409,3,PAN
M_65409,M_17026,1,IP
M_17026,M_98858,3,PAN
M_98858,M_87351,3,PAN
M_87351,M_44834,1,IP
M_83776,M_30247,3,PAN
M_30247,M_36646,3,PAN
M_36646,M_93381,3,PAN
M_93381,M_20377,3,PAN
M_20377,M_61784,1,IP
M_61784,M_76184,2,DEVICE
M_76184,M_34344,3,PAN
M_34344,M_83776,3,PAN
M_95241,M_91588,2,DEVICE
M_91588,M_92047,3,PAN
M_92047,M_44839,3,PAN
M_44839,M_23458,2,DEVICE
M_23458,M_95241,1,IP
M_112,M_1637,1,IP
M_1637,M_45578,1,IP
M_45578,M_53953,2,DEVICE
M_53953,M_33918,2,DEVICE
M_33918,M_82805,1,IP
M_82805,M_94850,3,PAN
M_94850,M_30553,3,PAN
M_30553,M_44625,3,PAN
M_44625,M_112,1,IP
M_45614,M_1633,1,IP
M_1633,M_76068,3,PAN
M_76068,M_73071,1,IP
M_73071,M_94376,3,PAN
M_94376,M_41586,3,PAN
M_41586,M_20367,2,DEVICE
M_20367,M_72056,2,DEVICE
M_72056,M_8949,1,IP
M_8949,M_93366,3,PAN
M_93366,M_60135,3,PAN
M_60135,M_76418,3,PAN
M_76418,M_1297,3,PAN
M_1297,M_5943,1,IP
M_5943,M_45614,3,PAN
M_83551,M_57438,3,PAN
M_57438,M_15902,3,PAN
M_15902,M_72937,2,DEVICE
M_72937,M_66608,1,IP
M_66608,M_81526,3,PAN
M_81526,M_77141,3,PAN
M_77141,M_51963,1,IP
M_51963,M_23130,2,DEVICE
M_23130,M_9877,3,PAN
M_9877,M_98691,3,PAN
M_98691,M_18907,1,IP
M_18907,M_93229,2,DEVICE
M_93229,M_22460,3,PAN
M_22460,M_22056,3,PAN
M_22056,M_83551,3,PAN
M_59048,M_44261,3,PAN
M_44261,M_86209,3,PAN
M_86209,M_49404,3,PAN
M_49404,M_90279,3,PAN
M_90279,M_82193,3,PAN
M_82193,M_19985,3,PAN
M_19985,M_35722,1,IP
M_35722,M_68338,3,PAN
M_68338,M_79920,1,IP
M_79920,M_75415,1,IP
M_75415,M_59048,1,IP
M_35391,M_82410,3,PAN
M_82410,M_71872,3,PAN
M_71872,M_73973,2,DEVICE
M_73973,M_25482,3,PAN
M_25482,M_47054,3,PAN
M_47054,M_47038,3,PAN
M_47038,M_35391,2,DEVICE
M_90976,M_32825,3,PAN
M_32825,M_65605,1,IP
M_65605,M_35565,2,DEVICE
M_35565,M_47571,3,PAN
M_47571,M_12228,3,PAN
M_12228,M_13697,3,PAN
M_13697,M_17112,1,IP
M_17112,M_67392,2,DEVICE
M_67392,M_78845,2,DEVICE
M_78845,M_51521,2,DEVICE
M_51521,M_4857,3,PAN
M_4857,M_16032,1,IP
M_16032,M_90976,1,IP
M_80512,M_56340,2,DEVICE
M_56340,M_54057,3,PAN
M_54057,M_32592,3,PAN
M_32592,M_85927,3,PAN
M_85927,M_69835,3,PAN
M_69835,M_17791,2,DEVICE
M_17791,M_92990,2,DEVICE
M_92990,M_13585,1,IP
M_13585,M_26193,3,PAN
M_26193,M_78289,3,PAN
M_78289,M_1043,3,PAN
M_1043,M_12549,1,IP
M_12549,M_80512,2,DEVICE
M_78224,M_89557,2,DEVICE
M_89557,M_83611,2,DEVICE
M_83611,M_48180,3,PAN
M_48180,M_90527,3,PAN
M_90527,M_32705,3,PAN
M_32705,M_62362,3,PAN
M_62362,M_81880,2,DEVICE
M_81880,M_4609,3,PAN
M_4609,M_66215,2,DEVICE
M_66215,M_62031,2,DEVICE
M_62031,M_78224,2,DEVICE
M_84346,M_93015,1,IP
M_93015,M_75766,3,PAN
M_75766,M_52602,2,DEVICE
M_52602,M_35248,3,PAN
M_35248,M_29596,2,DEVICE
M_29596,M_89021,2,DEVICE
M_89021,M_25516,3,PAN
M_25516,M_99643,3,PAN
M_99643,M_81787,2,DEVICE
M_81787,M_84346,2,DEVICE
M_90649,M_97959,3,PAN
M_97959,M_79465,2,DEVICE
M_79465,M_43713,2,DEVICE
M_43713,M_56755,3,PAN
M_56755,M_68679,2,DEVICE
M_68679,M_49588,2,DEVICE
M_49588,M_56540,1,IP
M_56540,M_87789,3,PAN
M_87789,M_14876,3,PAN
M_14876,M_87986,1,IP
M_87986,M_64210,1,IP
M_64210,M_72881,3,PAN
M_72881,M_90649,1,IP
M_23179,M_46469,3,PAN
M_46469,M_88027,1,IP
M_88027,M_80529,3,PAN
M_80529,M_19554,3,PAN
M_19554,M_70696,1,IP
M_70696,M_91731,3,PAN
M_91731,M_52897,1,IP
M_52897,M_20430,3,PAN
M_20430,M_39783,3,PAN
M_39783,M_7261,1,IP
M_7261,M_38269,2,DEVICE
M_38269,M_23179,1,IP
M_95894,M_29051,3,PAN
M_29051,M_15312,3,PAN
M_15312,M_9340,3,PAN
M_9340,M_6945,2,DEVICE
M_6945,M_66454,3,PAN
M_66454,M_33971,3,PAN
M_33971,M_25269,1,IP
M_25269,M_97033,3,PAN
M_97033,M_33892,2,DEVICE
M_33892,M_66707,3,PAN
M_66707,M_95894,3,PAN
M_83280,M_33438,3,PAN
M_33438,M_95250,3,PAN
M_95250,M_71115,2,DEVICE
M_71115,M_41844,3,PAN
M_41844,M_20498,1,IP
M_20498,M_35390,1,IP
M_35390,M_78988,3,PAN
M_78988,M_78641,1,IP
M_78641,M_41518,1,IP
M_41518,M_70923,3,PAN
M_70923,M_5330,1,IP
M_5330,M_77457,3,PAN
M_77457,M_35208,2,DEVICE
M_35208,M_83280,3,PAN
M_94743,M_24671,1,IP
M_24671,M_8678,1,IP
M_8678,M_52068,1,IP
M_52068,M_71536,3,PAN
M_71536,M_83065,2,DEVICE
M_83065,M_25180,3,PAN
M_25180,M_84551,3,PAN
M_84551,M_94204,3,PAN
M_94204,M_9690,1,IP
M_9690,M_49502,2,DEVICE
M_49502,M_94497,3,PAN
M_94497,M_96995,1,IP
M_96995,M_87850,1,IP
M_87850,M_1959,3,PAN
M_1959,M_94743,3,PAN
M_60872,M_39784,2,DEVICE
M_39784,M_4859,2,DEVICE
M_4859,M_30218,3,PAN
M_30218,M_7498,2,DEVICE
M_7498,M_49156,3,PAN
M_49156,M_6859,2,DEVICE
M_6859,M_36159,3,PAN
M_36159,M_96145,3,PAN
M_96145,M_71439,3,PAN
M_71439,M_70320,2,DEVICE
M_70320,M_62104,3,PAN
M_62104,M_38525,3,PAN
M_38525,M_60872,3,PAN
M_54028,M_83051,3,PAN
M_83051,M_86479,3,PAN
M_86479,M_91262,3,PAN
M_91262,M_80793,2,DEVICE
M_80793,M_72284,3,PAN
M_72284,M_33791,3,PAN
M_33791,M_62020,1,IP
M_62020,M_62041,2,DEVICE
M_62041,M_46135,2,DEVICE
M_46135,M_76562,3,PAN
M_76562,M_72202,1,IP
M_72202,M_85798,1,IP
M_85798,M_34367,2,DEVICE
M_34367,M_54028,2,DEVICE
M_52545,M_74540,1,IP
M_74540,M_58138,1,IP
M_58138,M_84542,3,PAN
M_84542,M_92439,1,IP
M_92439,M_40370,2,DEVICE
M_40370,M_25541,2,DEVICE
M_25541,M_32628,3,PAN
M_32628,M_12044,3,PAN
M_12044,M_14502,1,IP
M_14502,M_1875,2,DEVICE
M_1875,M_8062,3,PAN
M_8062,M_33526,2,DEVICE
M_33526,M_80832,3,PAN
M_80832,M_78827,3,PAN
M_78827,M_52545,2,DEVICE
M_97121,M_39978,3,PAN
M_39978,M_34069,3,PAN
M_34069,M_93945,3,PAN
M_93945,M_89907,2,DEVICE
M_89907,M_34019,1,IP
M_34019,M_18289,2,DEVICE
M_18289,M_47917,2,DEVICE
M_47917,M_52340,3,PAN
M_52340,M_97121,3,PAN
M_50774,M_85903,1,IP
M_85903,M_93849,2,DEVICE
M_93849,M_22959,3,PAN
M_22959,M_87333,2,DEVICE
M_87333,M_67171,2,DEVICE
M_67171,M_41701,3,PAN
M_41701,M_88179,3,PAN
M_88179,M_55681,2,DEVICE
M_55681,M_60598,3,PAN
M_60598,M_43902,3,PAN
M_43902,M_50774,1,IP
M_67024,M_77740,3,PAN
M_77740,M_80619,3,PAN
M_80619,M_44730,3,PAN
M_44730,M_22941,3,PAN
M_22941,M_17562,1,IP
M_17562,M_54332,2,DEVICE
M_54332,M_69152,3,PAN
M_69152,M_58289,2,DEVICE
M_58289,M_76070,3,PAN
M_76070,M_28710,2,DEVICE
M_28710,M_67024,1,IP
M_46035,M_9586,3,PAN
M_9586,M_35678,3,PAN
M_35678,M_53337,1,IP
M_53337,M_36882,3,PAN
M_36882,M_50813,3,PAN
M_50813,M_60313,3,PAN
M_60313,M_98015,3,PAN
M_98015,M_80077,2,DEVICE
M_80077,M_70091,3,PAN
M_70091,M_71289,3,PAN
M_71289,M_46455,3,PAN
M_46455,M_93372,2,DEVICE
M_93372,M_79502,1,IP
M_79502,M_23258,2,DEVICE
M_23258,M_46035,2,DEVICE
M_88718,M_96194,3,PAN
M_96194,M_12981,3,PAN
M_12981,M_73887,3,PAN
M_73887,M_41299,3,PAN
M_41299,M_95569,1,IP
M_95569,M_88718,3,PAN
M_96165,M_53247,1,IP
M_53247,M_45346,3,PAN
M_45346,M_49981,3,PAN
M_49981,M_66088,3,PAN
M_66088,M_86735,3,PAN
M_86735,M_38407,3,PAN
M_38407,M_59798,2,DEVICE
M_59798,M_71525,3,PAN
M_71525,M_41002,1,IP
M_41002,M_16959,1,IP
M_16959,M_54714,3,PAN
M_54714,M_65121,1,IP
M_65121,M_96165,3,PAN
M_1311,M_75657,3,PAN
M_75657,M_74861,2,DEVICE
M_74861,M_10362,2,DEVICE
M_10362,M_23862,2,DEVICE
M_23862,M_5320,1,IP
M_5320,M_51947,3,PAN
M_51947,M_1311,1,IP
M_90788,M_37235,2,DEVICE
M_37235,M_16453,3,PAN
M_16453,M_47668,3,PAN
M_47668,M_14627,3,PAN
M_14627,M_74659,3,PAN
M_74659,M_20993,2,DEVICE
M_20993,M_28159,3,PAN
M_28159,M_90788,3,PAN
M_97168,M_89874,2,DEVICE
M_89874,M_5536,1,IP
M_5536,M_41760,2,DEVICE
M_41760,M_3642,2,DEVICE
M_3642,M_74210,3,PAN
M_74210,M_97168,2,DEVICE
M_65706,M_99426,3,PAN
M_99426,M_95385,3,PAN
M_95385,M_23052,1,IP
M_23052,M_39524,2,DEVICE
M_39524,M_8121,2,DEVICE
M_8121,M_1961,3,PAN
M_1961,M_82479,2,DEVICE
M_82479,M_87044,3,PAN
M_87044,M_95897,3,PAN
M_95897,M_39708,3,PAN
M_39708,M_81032,3,PAN
M_81032,M_39763,3,PAN
M_39763,M_65706,2,DEVICE
M_60730,M_82795,1,IP
M_82795,M_72336,1,IP
M_72336,M_65485,3,PAN
M_65485,M_64332,2,DEVICE
M_64332,M_80167,3,PAN
M_80167,M_69101,1,IP
M_69101,M_89850,3,PAN
M_89850,M_44380,3,PAN
M_44380,M_92646,3,PAN
M_92646,M_44348,1,IP
M_44348,M_4950,3,PAN
M_4950,M_47701,1,IP
M_47701,M_37020,3,PAN
M_37020,M_60730,2,DEVICE
M_95795,M_62160,3,PAN
M_62160,M_15408,3,PAN
M_15408,M_45929,3,PAN
M_45929,M_75935,3,PAN
M_75935,M_12669,2,DEVICE
M_12669,M_84811,2,DEVICE
M_84811,M_95795,3,PAN
M_48718,M_23164,3,PAN
M_23164,M_87770,2,DEVICE
M_87770,M_52728,2,DEVICE
M_52728,M_85352,1,IP
M_85352,M_21392,1,IP
M_21392,M_23925,3,PAN
M_23925,M_7705,3,PAN
M_7705,M_168,1,IP
M_168,M_79376,3,PAN
M_79376,M_90694,3,PAN
M_90694,M_67732,3,PAN
M_67732,M_5590,2,DEVICE
M_5590,M_84943,2,DEVICE
M_84943,M_42431,1,IP
M_42431,M_48718,3,PAN
M_80831,M_49285,3,PAN
M_49285,M_30146,3,PAN
M_30146,M_66020,2,DEVICE
M_66020,M_21863,3,PAN
M_21863,M_44033,1,IP
M_44033,M_87232,2,DEVICE
M_87232,M_54699,2,DEVICE
M_54699,M_98642,1,IP
M_98642,M_28229,3,PAN
M_28229,M_80831,2,DEVICE
M_41224,M_52847,1,IP
M_52847,M_62905,1,IP
M_62905,M_35274,2,DEVICE
M_35274,M_38562,3,PAN
M_38562,M_91939,1,IP
M_91939,M_61863,1,IP
M_61863,M_34569,2,DEVICE
M_34569,M_41224,1,IP
M_37908,M_73622,2,DEVICE
M_73622,M_271,3,PAN
M_271,M_37129,3,PAN
M_37129,M_37600,3,PAN
M_37600,M_58751,2,DEVICE
M_58751,M_79248,2,DEVICE
M_79248,M_82446,3,PAN
M_82446,M_23074,3,PAN
M_23074,M_37908,2,DEVICE
M_55910,M_60837,1,IP
M_60837,M_47827,3,PAN
M_47827,M_90172,1,IP
M_90172,M_50253,3,PAN
M_50253,M_86842,3,PAN
M_86842,M_81853,2,DEVICE
M_81853,M_70537,3,PAN
M_70537,M_17075,2,DEVICE
M_17075,M_13576,3,PAN
M_13576,M_55910,3,PAN
M_60932,M_25792,2,DEVICE
M_25792,M_35854,3,PAN
M_35854,M_56454,3,PAN
M_56454,M_9922,3,PAN
M_9922,M_50046,3,PAN
M_50046,M_56771,2,DEVICE
M_56771,M_97744,3,PAN
M_97744,M_2108,2,DEVICE
M_2108,M_74505,2,DEVICE
M_74505,M_56268,2,DEVICE
M_56268,M_5145,3,PAN
M_5145,M_64581,2,DEVICE
M_64581,M_60932,1,IP
M_88951,M_3391,1,IP
M_3391,M_39553,3,PAN
M_39553,M_82502,3,PAN
M_82502,M_27923,2,DEVICE
M_27923,M_54470,3,PAN
M_54470,M_79452,3,PAN
M_79452,M_16076,3,PAN
M_16076,M_87089,3,PAN
M_87089,M_49215,2,DEVICE
M_49215,M_88951,3,PAN
M_68885,M_14873,1,IP
M_14873,M_56517,1,IP
M_56517,M_43757,3,PAN
M_43757,M_47990,3,PAN
M_47990,M_88345,3,PAN
M_88345,M_68885,1,IP
M_16549,M_90389,3,PAN
M_90389,M_86361,1,IP
M_86361,M_19788,3,PAN
M_19788,M_28427,3,PAN
M_28427,M_8677,1,IP
M_8677,M_45817,1,IP
M_45817,M_88304,3,PAN
M_88304,M_42601,3,PAN
M_42601,M_23195,3,PAN
M_23195,M_83290,3,PAN
M_83290,M_91885,3,PAN
M_91885,M_3994,3,PAN
M_3994,M_16549,2,DEVICE
M_46867,M_90720,2,DEVICE
M_90720,M_91565,1,IP
M_91565,M_87095,1,IP
M_87095,M_90261,3,PAN
M_90261,M_68582,3,PAN
M_68582,M_57460,2,DEVICE
M_57460,M_40497,3,PAN
M_40497,M_23339,3,PAN
M_23339,M_46867,2,DEVICE
M_43905,M_40511,3,PAN
M_40511,M_41262,2,DEVICE
M_41262,M_79197,1,IP
M_79197,M_27363,2,DEVICE
M_27363,M_43905,3,PAN
M_74737,M_83513,2,DEVICE
M_83513,M_23654,1,IP
M_23654,M_63156,3,PAN
M_63156,M_58430,2,DEVICE
M_58430,M_84989,2,DEVICE
M_84989,M_5335,2,DEVICE
M_5335,M_34267,3,PAN
M_34267,M_74737,1,IP
M_18060,M_12104,3,PAN
M_12104,M_4593,3,PAN
M_4593,M_3335,3,PAN
M_3335,M_63993,3,PAN
M_63993,M_74531,2,DEVICE
M_74531,M_98584,1,IP
M_98584,M_96917,3,PAN
M_96917,M_82346,1,IP
M_82346,M_18060,1,IP
M_88418,M_90970,3,PAN
M_90970,M_5123,2,DEVICE
M_5123,M_89780,1,IP
M_89780,M_21,2,DEVICE
M_21,M_12205,2,DEVICE
M_12205,M_95037,1,IP
M_95037,M_72026,2,DEVICE
M_72026,M_88418,3,PAN
M_96869,M_60268,2,DEVICE
M_60268,M_10283,3,PAN
M_10283,M_97458,3,PAN
M_97458,M_50812,3,PAN
M_50812,M_7137,1,IP
M_7137,M_39262,2,DEVICE
M_39262,M_575,3,PAN
M_575,M_95447,3,PAN
M_95447,M_74721,3,PAN
M_74721,M_29555,3,PAN
M_29555,M_80238,2,DEVICE
M_80238,M_1218,3,PAN
M_1218,M_195,1,IP
M_195,M_96869,3,PAN
M_26694,M_54809,3,PAN
M_54809,M_47404,1,IP
M_47404,M_50328,3,PAN
M_50328,M_40432,3,PAN
M_40432,M_48241,3,PAN
M_48241,M_84380,2,DEVICE
M_84380,M_26694,3,PAN
M_71149,M_61078,2,DEVICE
M_61078,M_41667,1,IP
M_41667,M_51860,2,DEVICE
M_51860,M_14895,2,DEVICE
M_14895,M_25738,2,DEVICE
M_25738,M_10121,3,PAN
M_10121,M_53853,2,DEVICE
M_53853,M_71149,2,DEVICE
M_35490,M_34079,3,PAN
M_34079,M_81924,2,DEVICE
M_81924,M_98349,3,PAN
M_98349,M_16150,2,DEVICE
M_16150,M_54201,3,PAN
M_54201,M_71475,3,PAN
M_71475,M_54465,3,PAN
M_54465,M_17702,3,PAN
M_17702,M_88394,3,PAN
M_88394,M_59590,3,PAN
M_59590,M_12489,2,DEVICE
M_12489,M_69878,3,PAN
M_69878,M_95371,1,IP
M_95371,M_35490,1,IP
M_6561,M_97645,3,PAN
M_97645,M_7954,3,PAN
M_7954,M_74180,3,PAN
M_74180,M_26814,3,PAN
M_26814,M_89833,2,DEVICE
M_89833,M_9421,2,DEVICE
M_9421,M_87159,3,PAN
M_87159,M_46892,2,DEVICE
M_46892,M_6561,3,PAN
M_2057,M_72919,1,IP
M_72919,M_95258,1,IP
M_95258,M_62056,3,PAN
M_62056,M_99281,2,DEVICE
M_99281,M_91511,1,IP
M_91511,M_2057,3,PAN
M_54334,M_35153,2,DEVICE
M_35153,M_66937,3,PAN
M_66937,M_77464,3,PAN
M_77464,M_31502,2,DEVICE
M_31502,M_4141,3,PAN
M_4141,M_94830,3,PAN
M_94830,M_89346,1,IP
M_89346,M_7036,3,PAN
M_7036,M_14018,2,DEVICE
M_14018,M_82484,2,DEVICE
M_82484,M_53981,3,PAN
M_53981,M_57140,2,DEVICE
M_57140,M_8171,2,DEVICE
M_8171,M_54334,3,PAN
M_96008,M_838,2,DEVICE
M_838,M_62602,1,IP
M_62602,M_81519,1,IP
M_81519,M_72664,3,PAN
M_72664,M_96008,3,PAN
M_30088,M_81288,1,IP
M_81288,M_54695,1,IP
M_54695,M_57365,3,PAN
M_57365,M_12211,1,IP
M_12211,M_16711,3,PAN
M_16711,M_90475,3,PAN
M_90475,M_86823,2,DEVICE
M_86823,M_20378,3,PAN
M_20378,M_34375,2,DEVICE
M_34375,M_40493,3,PAN
M_40493,M_67665,2,DEVICE
M_67665,M_72859,1,IP
M_72859,M_15236,3,PAN
M_15236,M_28854,2,DEVICE
M_28854,M_30088,2,DEVICE
M_69581,M_23110,3,PAN
M_23110,M_81982,2,DEVICE
M_81982,M_15387,2,DEVICE
M_15387,M_82629,3,PAN
M_82629,M_68254,1,IP
M_68254,M_52349,3,PAN
M_52349,M_71294,3,PAN
M_71294,M_9280,3,PAN
M_9280,M_64036,2,DEVICE
M_64036,M_69581,1,IP
M_95206,M_77453,3,PAN
M_77453,M_79562,3,PAN
M_79562,M_32688,2,DEVICE
M_32688,M_69533,3,PAN
M_69533,M_81978,3,PAN
M_81978,M_77382,3,PAN
M_77382,M_96321,3,PAN
M_96321,M_46746,2,DEVICE
M_46746,M_95370,2,DEVICE
M_95370,M_52926,3,PAN
M_52926,M_33098,3,PAN
M_33098,M_19919,3,PAN
M_19919,M_95206,2,DEVICE
M_31496,M_17551,3,PAN
M_17551,M_49583,3,PAN
M_49583,M_86855,2,DEVICE
M_86855,M_40484,3,PAN
M_40484,M_4943,2,DEVICE
M_4943,M_6964,3,PAN
M_6964,M_70106,3,PAN
M_70106,M_78069,2,DEVICE
M_78069,M_31496,3,PAN
M_12031,M_31454,1,IP
M_31454,M_54441,3,PAN
M_54441,M_18158,1,IP
M_18158,M_33995,3,PAN
M_33995,M_37722,1,IP
M_37722,M_39365,1,IP
M_39365,M_59105,3,PAN
M_59105,M_12031,2,DEVICE
M_6709,M_66637,2,DEVICE
M_66637,M_3831,3,PAN
M_3831,M_53164,3,PAN
M_53164,M_48991,1,IP
M_48991,M_18962,2,DEVICE
M_18962,M_6709,1,IP
M_22576,M_70083,1,IP
M_70083,M_60473,2,DEVICE
M_60473,M_47741,2,DEVICE
M_47741,M_55236,1,IP
M_55236,M_88780,2,DEVICE
M_88780,M_50177,3,PAN
M_50177,M_6597,2,DEVICE
M_6597,M_12870,3,PAN
M_12870,M_23572,1,IP
M_23572,M_62180,2,DEVICE
M_62180,M_31390,2,DEVICE
M_31390,M_40892,3,PAN
M_40892,M_99351,2,DEVICE
M_99351,M_15111,3,PAN
M_15111,M_22576,2,DEVICE
M_1394,M_41509,2,DEVICE
M_41509,M_59879,3,PAN
M_59879,M_37101,3,PAN
M_37101,M_97787,2,DEVICE
M_97787,M_49489,3,PAN
M_49489,M_95862,1,IP
M_95862,M_35512,1,IP
M_35512,M_17101,2,DEVICE
M_17101,M_11250,3,PAN
M_11250,M_94848,3,PAN
M_94848,M_88498,1,IP
M_88498,M_94016,1,IP
M_94016,M_50839,3,PAN
M_50839,M_1394,2,DEVICE
M_84430,M_72099,3,PAN
M_72099,M_89552,1,IP
M_89552,M_23998,1,IP
M_23998,M_50465,1,IP
M_50465,M_98294,3,PAN
M_98294,M_87911,3,PAN
M_87911,M_89834,1,IP
M_89834,M_10162,2,DEVICE
M_10162,M_92941,3,PAN
M_92941,M_33501,2,DEVICE
M_33501,M_71758,3,PAN
M_71758,M_59170,2,DEVICE
M_59170,M_88321,1,IP
M_88321,M_81478,3,PAN
M_81478,M_84430,3,PAN
M_27751,M_29904,2,DEVICE
M_29904,M_61435,2,DEVICE
M_61435,M_38209,3,PAN
M_38209,M_99772,3,PAN
M_99772,M_74416,2,DEVICE
M_74416,M_44149,3,PAN
M_44149,M_32256,2,DEVICE
M_32256,M_1872,2,DEVICE
M_1872,M_27751,3,PAN
M_41626,M_22007,2,DEVICE
M_22007,M_29691,2,DEVICE
M_29691,M_53493,2,DEVICE
M_53493,M_69864,3,PAN
M_69864,M_96495,3,PAN
M_96495,M_66702,3,PAN
M_66702,M_25658,3,PAN
M_25658,M_65187,3,PAN
M_65187,M_91520,3,PAN
M_91520,M_76823,2,DEVICE
M_76823,M_47888,3,PAN
M_47888,M_10154,1,IP
M_10154,M_41626,2,DEVICE
M_63252,M_32321,3,PAN
M_32321,M_51837,2,DEVICE
M_51837,M_43299,3,PAN
M_43299,M_17194,1,IP
M_17194,M_74202,1,IP
M_74202,M_52235,1,IP
M_52235,M_69057,2,DEVICE
M_69057,M_43863,1,IP
M_43863,M_17128,2,DEVICE
M_17128,M_75128,1,IP
M_75128,M_63252,3,PAN
M_67622,M_49724,2,DEVICE
M_49724,M_15551,3,PAN
M_15551,M_18995,1,IP
M_18995,M_72777,2,DEVICE
M_72777,M_78206,1,IP
M_78206,M_50387,3,PAN
M_50387,M_79425,2,DEVICE
M_79425,M_75425,2,DEVICE
M_75425,M_32203,3,PAN
M_32203,M_11608,2,DEVICE
M_11608,M_79057,2,DEVICE
M_79057,M_62077,3,PAN
M_62077,M_87153,2,DEVICE
M_87153,M_67622,3,PAN
M_73074,M_32305,1,IP
M_32305,M_31128,1,IP
M_31128,M_64184,3,PAN
M_64184,M_80613,2,DEVICE
M_80613,M_67722,3,PAN
M_67722,M_56484,3,PAN
M_56484,M_69285,1,IP
M_69285,M_68847,3,PAN
M_68847,M_26191,3,PAN
M_26191,M_21865,3,PAN
M_21865,M_50419,2,DEVICE
M_50419,M_40145,1,IP
M_40145,M_97014,3,PAN
M_97014,M_73074,3,PAN
M_59301,M_20661,3,PAN
M_20661,M_53650,3,PAN
M_53650,M_57685,2,DEVICE
M_57685,M_70782,2,DEVICE
M_70782,M_55127,3,PAN
M_55127,M_25424,2,DEVICE
M_25424,M_26703,2,DEVICE
M_26703,M_92839,3,PAN
M_92839,M_59301,3,PAN
M_1561,M_20170,2,DEVICE
M_20170,M_73689,3,PAN
M_73689,M_76850,1,IP
M_76850,M_69032,1,IP
M_69032,M_49094,1,IP
M_49094,M_1561,3,PAN
M_9876,M_55917,1,IP
M_55917,M_1907,3,PAN
M_1907,M_88604,3,PAN
M_88604,M_1072,2,DEVICE
M_1072,M_39706,3,PAN
M_39706,M_57134,2,DEVICE
M_57134,M_76627,1,IP
M_76627,M_34407,2,DEVICE
M_34407,M_15644,3,PAN
M_15644,M_25915,1,IP
M_25915,M_19044,2,DEVICE
M_19044,M_9876,3,PAN
M_17553,M_85308,2,DEVICE
M_85308,M_23607,3,PAN
M_23607,M_58164,3,PAN
M_58164,M_14699,2,DEVICE
M_14699,M_90811,3,PAN
M_90811,M_17553,3,PAN
M_22818,M_16989,3,PAN
M_16989,M_17219,2,DEVICE
M_17219,M_35196,3,PAN
M_35196,M_74139,2,DEVICE
M_74139,M_26646,1,IP
M_26646,M_41398,3,PAN
M_41398,M_86720,2,DEVICE
M_86720,M_61812,3,PAN
M_61812,M_47101,3,PAN
M_47101,M_58228,3,PAN
M_58228,M_9123,3,PAN
M_9123,M_51913,3,PAN
M_51913,M_22818,2,DEVICE
M_41810,M_32464,2,DEVICE
M_32464,M_90114,1,IP
M_90114,M_23536,1,IP
M_23536,M_90925,3,PAN
M_90925,M_53523,3,PAN
M_53523,M_22766,3,PAN
M_22766,M_57326,2,DEVICE
M_57326,M_65698,1,IP
M_65698,M_77720,3,PAN
M_77720,M_11658,3,PAN
M_11658,M_41810,3,PAN
M_16181,M_11527,3,PAN
M_11527,M_7930,2,DEVICE
M_7930,M_49391,3,PAN
M_49391,M_39384,3,PAN
M_39384,M_61564,3,PAN
M_61564,M_41773,2,DEVICE
M_41773,M_26890,2,DEVICE
M_26890,M_14092,3,PAN
M_14092,M_62308,3,PAN
M_62308,M_95215,3,PAN
M_95215,M_30914,3,PAN
M_30914,M_64885,3,PAN
M_64885,M_82487,3,PAN
M_82487,M_70527,2,DEVICE
M_70527,M_16181,1,IP
M_42167,M_86905,2,DEVICE
M_86905,M_9192,2,DEVICE
M_9192,M_71116,1,IP
M_71116,M_3867,1,IP
M_3867,M_16517,3,PAN
M_16517,M_94442,3,PAN
M_94442,M_35916,3,PAN
M_35916,M_45681,1,IP
M_45681,M_44652,3,PAN
M_44652,M_31176,3,PAN
M_31176,M_67847,2,DEVICE
M_67847,M_31952,2,DEVICE
M_31952,M_96025,2,DEVICE
M_96025,M_42167,2,DEVICE
M_21390,M_18292,1,IP
M_18292,M_40354,3,PAN
M_40354,M_43162,1,IP
M_43162,M_42949,2,DEVICE
M_42949,M_98696,3,PAN
M_98696,M_57668,1,IP
M_57668,M_21390,1,IP
M_72384,M_31664,1,IP
M_31664,M_70504,1,IP
M_70504,M_79584,3,PAN
M_79584,M_69286,3,PAN
M_69286,M_51304,3,PAN
M_51304,M_97644,1,IP
M_97644,M_77333,1,IP
M_77333,M_9806,1,IP
M_9806,M_33824,1,IP
M_33824,M_75672,2,DEVICE
M_75672,M_72384,3,PAN
M_75444,M_39838,3,PAN
M_39838,M_17151,2,DEVICE
M_17151,M_74892,3,PAN
M_74892,M_50399,1,IP
M_50399,M_75444,2,DEVICE
M_11584,M_52906,3,PAN
M_52906,M_74009,1,IP
M_74009,M_98935,2,DEVICE
M_98935,M_71843,2,DEVICE
M_71843,M_67512,3,PAN
M_67512,M_11584,3,PAN
M_88583,M_27893,2,DEVICE
M_27893,M_20689,2,DEVICE
M_20689,M_13913,1,IP
M_13913,M_97349,1,IP
M_97349,M_76265,3,PAN
M_76265,M_41595,1,IP
M_41595,M_31554,3,PAN
M_31554,M_38087,3,PAN
M_38087,M_66532,2,DEVICE
M_66532,M_94526,1,IP
M_94526,M_88583,1,IP
M_35654,M_49875,1,IP
M_49875,M_16828,3,PAN
M_16828,M_52056,3,PAN
M_52056,M_763,3,PAN
M_763,M_35654,2,DEVICE
M_42229,M_98039,3,PAN
M_98039,M_49783,3,PAN
M_49783,M_35592,2,DEVICE
M_35592,M_94928,2,DEVICE
M_94928,M_17073,3,PAN
M_17073,M_9800,3,PAN
M_9800,M_68098,2,DEVICE
M_68098,M_81057,2,DEVICE
M_81057,M_23921,3,PAN
M_23921,M_42229,3,PAN
M_36023,M_96626,1,IP
M_96626,M_9094,2,DEVICE
M_9094,M_71713,3,PAN
M_71713,M_99814,2,DEVICE
M_99814,M_85144,2,DEVICE
M_85144,M_3288,3,PAN
M_3288,M_12213,3,PAN
M_12213,M_69727,1,IP
M_69727,M_439,2,DEVICE
M_439,M_36023,3,PAN
M_20789,M_66558,3,PAN
M_66558,M_39450,2,DEVICE
M_39450,M_14833,3,PAN
M_14833,M_66764,3,PAN
M_66764,M_88312,3,PAN
M_88312,M_8942,1,IP
M_8942,M_32795,2,DEVICE
M_32795,M_67476,1,IP
M_67476,M_50268,3,PAN
M_50268,M_18629,2,DEVICE
M_18629,M_36547,3,PAN
M_36547,M_7756,2,DEVICE
M_7756,M_21561,3,PAN
M_21561,M_988,2,DEVICE
M_988,M_20789,3,PAN
M_7958,M_38204,3,PAN
M_38204,M_21133,2,DEVICE
M_21133,M_11006,3,PAN
M_11006,M_59818,3,PAN
M_59818,M_13772,1,IP
M_13772,M_29786,3,PAN
M_29786,M_5276,2,DEVICE
M_5276,M_99002,1,IP
M_99002,M_98251,2,DEVICE
M_98251,M_53822,3,PAN
M_53822,M_39786,2,DEVICE
M_39786,M_84581,2,DEVICE
M_84581,M_7958,3,PAN
M_72017,M_72924,1,IP
M_72924,M_42450,3,PAN
M_42450,M_63586,3,PAN
M_63586,M_19482,2,DEVICE
M_19482,M_60334,3,PAN
M_60334,M_94910,2,DEVICE
M_94910,M_22878,3,PAN
M_22878,M_99485,3,PAN
M_99485,M_72017,2,DEVICE
M_8971,M_49587,1,IP
M_49587,M_19299,3,PAN
M_19299,M_12631,1,IP
M_12631,M_3772,3,PAN
M_3772,M_47279,3,PAN
M_47279,M_18996,2,DEVICE
M_18996,M_57336,3,PAN
M_57336,M_69713,2,DEVICE
M_69713,M_29814,3,PAN
M_29814,M_83802,3,PAN
M_83802,M_47443,3,PAN
M_47443,M_73878,1,IP
M_73878,M_8971,1,IP
M_33913,M_19424,3,PAN
M_19424,M_66296,1,IP
M_66296,M_74368,3,PAN
M_74368,M_82207,1,IP
M_82207,M_41874,2,DEVICE
M_41874,M_27903,1,IP
M_27903,M_55619,3,PAN
M_55619,M_38791,3,PAN
M_38791,M_16315,3,PAN
M_16315,M_47429,3,PAN
M_47429,M_96928,3,PAN
M_96928,M_33913,1,IP
M_79603,M_99254,3,PAN
M_99254,M_31685,3,PAN
M_31685,M_8900,3,PAN
M_8900,M_79460,3,PAN
M_79460,M_76267,2,DEVICE
M_76267,M_27165,3,PAN
M_27165,M_84139,2,DEVICE
M_84139,M_71324,1,IP
M_71324,M_79603,3,PAN
M_4503,M_10832,3,PAN
M_10832,M_20184,3,PAN
M_20184,M_380,1,IP
M_380,M_27492,1,IP
M_27492,M_4503,3,PAN
M_40148,M_14787,3,PAN
M_14787,M_89649,3,PAN
M_89649,M_13901,2,DEVICE
M_13901,M_28888,2,DEVICE
M_28888,M_51002,3,PAN
M_51002,M_8876,1,IP
M_8876,M_41167,2,DEVICE
M_41167,M_91748,3,PAN
M_91748,M_2730,1,IP
M_2730,M_31605,2,DEVICE
M_31605,M_86392,3,PAN
M_86392,M_80119,2,DEVICE
M_80119,M_40148,1,IP
M_76051,M_20812,3,PAN
M_20812,M_61462,2,DEVICE
M_61462,M_24461,1,IP
M_24461,M_736,1,IP
M_736,M_85570,3,PAN
M_85570,M_15531,2,DEVICE
M_15531,M_78275,1,IP
M_78275,M_2528,3,PAN
M_2528,M_34034,3,PAN
M_34034,M_49135,2,DEVICE
M_49135,M_76051,2,DEVICE
M_47471,M_64093,2,DEVICE
M_64093,M_18070,3,PAN
M_18070,M_54913,2,DEVICE
M_54913,M_10466,3,PAN
M_10466,M_21436,1,IP
M_21436,M_2831,3,PAN
M_2831,M_38538,3,PAN
M_38538,M_38157,1,IP
M_38157,M_94956,2,DEVICE
M_94956,M_31153,3,PAN
M_31153,M_31585,3,PAN
M_31585,M_28384,2,DEVICE
M_28384,M_85376,1,IP
M_85376,M_47213,3,PAN
M_47213,M_47471,1,IP
M_7478,M_37842,2,DEVICE
M_37842,M_83887,3,PAN
M_83887,M_91507,3,PAN
M_91507,M_62172,1,IP
M_62172,M_98836,3,PAN
M_98836,M_89215,1,IP
M_89215,M_59947,3,PAN
M_59947,M_85226,3,PAN
M_85226,M_1848,1,IP
M_1848,M_2375,2,DEVICE
M_2375,M_54522,3,PAN
M_54522,M_61678,2,DEVICE
M_61678,M_7478,3,PAN
M_59429,M_15790,1,IP
M_15790,M_41940,3,PAN
M_41940,M_84048,2,DEVICE
M_84048,M_24729,3,PAN
M_24729,M_92186,2,DEVICE
M_92186,M_84934,1,IP
M_84934,M_19257,1,IP
M_19257,M_59429,3,PAN
M_21044,M_78660,3,PAN
M_78660,M_96433,1,IP
M_96433,M_21275,3,PAN
M_21275,M_65883,2,DEVICE
M_65883,M_36991,3,PAN
M_36991,M_45516,1,IP
M_45516,M_67002,2,DEVICE
M_67002,M_21044,2,DEVICE
M_68595,M_73099,1,IP
M_73099,M_9219,1,IP
M_9219,M_39913,2,DEVICE
M_39913,M_1951,2,DEVICE
M_1951,M_10778,2,DEVICE
M_10778,M_53201,3,PAN
M_53201,M_68595,3,PAN
M_6650,M_95702,2,DEVICE
M_95702,M_91260,3,PAN
M_91260,M_88249,3,PAN
M_88249,M_70159,2,DEVICE
M_70159,M_45195,3,PAN
M_45195,M_50993,2,DEVICE
M_50993,M_64353,2,DEVICE
M_64353,M_48350,3,PAN
M_48350,M_64660,3,PAN
M_64660,M_48808,3,PAN
M_48808,M_66893,3,PAN
M_66893,M_61850,2,DEVICE
M_61850,M_6650,2,DEVICE
M_14968,M_20177,1,IP
M_20177,M_38858,3,PAN
M_38858,M_84123,2,DEVICE
M_84123,M_9420,3,PAN
M_9420,M_25929,1,IP
M_25929,M_35760,3,PAN
M_35760,M_79390,2,DEVICE
M_79390,M_51313,2,DEVICE
M_51313,M_78593,3,PAN
M_78593,M_70860,1,IP
M_70860,M_97843,3,PAN
M_97843,M_14968,3,PAN
M_16881,M_60137,2,DEVICE
M_60137,M_76757,3,PAN
M_76757,M_65341,3,PAN
M_65341,M_44423,3,PAN
M_44423,M_97336,1,IP
M_97336,M_80125,2,DEVICE
M_80125,M_94882,3,PAN
M_94882,M_16881,3,PAN
M_14711,M_65795,1,IP
M_65795,M_67078,1,IP
M_67078,M_72214,3,PAN
M_72214,M_70012,2,DEVICE
M_70012,M_21417,3,PAN
M_21417,M_12057,3,PAN
M_12057,M_21509,1,IP
M_21509,M_53564,1,IP
M_53564,M_45695,3,PAN
M_45695,M_19987,1,IP
M_19987,M_35651,2,DEVICE
M_35651,M_14711,2,DEVICE
M_12542,M_92934,2,DEVICE
M_92934,M_30515,1,IP
M_30515,M_72221,3,PAN
M_72221,M_17802,2,DEVICE
M_17802,M_22306,3,PAN
M_22306,M_32876,1,IP
M_32876,M_66982,3,PAN
M_66982,M_54155,3,PAN
M_54155,M_86991,2,DEVICE
M_86991,M_83044,3,PAN
M_83044,M_66489,3,PAN
M_66489,M_12542,3,PAN
M_59814,M_83273,2,DEVICE
M_83273,M_87005,3,PAN
M_87005,M_79723,3,PAN
M_79723,M_18795,2,DEVICE
M_18795,M_98095,1,IP
M_98095,M_95776,2,DEVICE
M_95776,M_88273,3,PAN
M_88273,M_60888,1,IP
M_60888,M_42244,1,IP
M_42244,M_61810,2,DEVICE
M_61810,M_39399,2,DEVICE
M_39399,M_81062,3,PAN
M_81062,M_59814,2,DEVICE
M_27904,M_71413,3,PAN
M_71413,M_17710,3,PAN
M_17710,M_31594,3,PAN
M_31594,M_85676,2,DEVICE
M_85676,M_98857,3,PAN
M_98857,M_27904,2,DEVICE
M_47422,M_50573,1,IP
M_50573,M_75328,3,PAN
M_75328,M_64736,3,PAN
M_64736,M_59972,3,PAN
M_59972,M_2487,3,PAN
M_2487,M_69403,1,IP
M_69403,M_4418,2,DEVICE
M_4418,M_49608,1,IP
M_49608,M_36953,1,IP
M_36953,M_47422,3,PAN
M_47602,M_32280,3,PAN
M_32280,M_39229,3,PAN
M_39229,M_89603,3,PAN
M_89603,M_63574,3,PAN
M_63574,M_87630,2,DEVICE
M_87630,M_96875,2,DEVICE
M_96875,M_47602,3,PAN
M_28282,M_52375,3,PAN
M_52375,M_55774,2,DEVICE
M_55774,M_20080,2,DEVICE
M_20080,M_76190,2,DEVICE
M_76190,M_99316,3,PAN
M_99316,M_82242,3,PAN
M_82242,M_8161,2,DEVICE
M_8161,M_60848,2,DEVICE
M_60848,M_29591,3,PAN
M_29591,M_87537,3,PAN
M_87537,M_5131,3,PAN
M_5131,M_28282,2,DEVICE
M_60757,M_52185,2,DEVICE
M_52185,M_65488,1,IP
M_65488,M_72732,3,PAN
M_72732,M_63561,3,PAN
M_63561,M_15886,3,PAN
M_15886,M_77546,3,PAN
M_77546,M_18276,1,IP
M_18276,M_69981,1,IP
M_69981,M_22620,3,PAN
M_22620,M_36754,1,IP
M_36754,M_57771,3,PAN
M_57771,M_73680,2,DEVICE
M_73680,M_60757,2,DEVICE
M_71341,M_41722,3,PAN
M_41722,M_86017,2,DEVICE
M_86017,M_71086,2,DEVICE
M_71086,M_12099,3,PAN
M_12099,M_83928,1,IP
M_83928,M_71341,3,PAN
M_95662,M_92487,1,IP
M_92487,M_41188,3,PAN
M_41188,M_7213,3,PAN
M_7213,M_55933,3,PAN
M_55933,M_31199,3,PAN
M_31199,M_77478,3,PAN
M_77478,M_58077,3,PAN
M_58077,M_38084,2,DEVICE
M_38084,M_73241,3,PAN
M_73241,M_59093,1,IP
M_59093,M_45094,1,IP
M_45094,M_95662,3,PAN
M_62565,M_43467,1,IP
M_43467,M_85207,1,IP
M_85207,M_4984,1,IP
M_4984,M_56734,2,DEVICE
M_56734,M_62565,3,PAN
M_75010,M_27857,1,IP
M_27857,M_83526,2,DEVICE
M_83526,M_98916,1,IP
M_98916,M_24150,2,DEVICE
M_24150,M_49363,3,PAN
M_49363,M_54819,3,PAN
M_54819,M_8597,1,IP
M_8597,M_92159,3,PAN
M_92159,M_7987,2,DEVICE
M_7987,M_65486,1,IP
M_65486,M_33407,3,PAN
M_33407,M_95895,3,PAN
M_95895,M_75010,2,DEVICE
M_16684,M_19941,1,IP
M_19941,M_83312,2,DEVICE
M_83312,M_95460,3,PAN
M_95460,M_81901,3,PAN
M_81901,M_21750,3,PAN
M_21750,M_42096,3,PAN
M_42096,M_16684,3,PAN
M_49286,M_48595,3,PAN
M_48595,M_45225,1,IP
M_45225,M_22238,1,IP
M_22238,M_96774,2,DEVICE
M_96774,M_69665,2,DEVICE
M_69665,M_50146,3,PAN
M_50146,M_93007,2,DEVICE
M_93007,M_49286,3,PAN
M_458,M_33122,3,PAN
M_33122,M_2018,2,DEVICE
M_2018,M_38971,3,PAN
M_38971,M_3776,3,PAN
M_3776,M_83086,2,DEVICE
M_83086,M_44925,3,PAN
M_44925,M_49293,3,PAN
M_49293,M_27053,3,PAN
M_27053,M_35555,3,PAN
M_35555,M_20434,2,DEVICE
M_20434,M_32945,2,DEVICE
M_32945,M_50523,3,PAN
M_50523,M_53470,2,DEVICE
M_53470,M_458,1,IP
M_11748,M_5100,2,DEVICE
M_5100,M_36601,2,DEVICE
M_36601,M_46898,1,IP
M_46898,M_18175,1,IP
M_18175,M_31410,3,PAN
M_31410,M_58244,3,PAN
M_58244,M_58954,3,PAN
M_58954,M_44830,2,DEVICE
M_44830,M_25281,3,PAN
M_25281,M_36753,1,IP
M_36753,M_46371,3,PAN
M_46371,M_3673,2,DEVICE
M_3673,M_79512,3,PAN
M_79512,M_11748,3,PAN
M_3779,M_94289,3,PAN
M_94289,M_50578,2,DEVICE
M_50578,M_57741,3,PAN
M_57741,M_56455,3,PAN
M_56455,M_5259,2,DEVICE
M_5259,M_64387,1,IP
M_64387,M_65763,2,DEVICE
M_65763,M_23622,2,DEVICE
M_23622,M_62390,3,PAN
M_62390,M_35478,1,IP
M_35478,M_3779,3,PAN
M_3024,M_84739,1,IP
M_84739,M_65174,3,PAN
M_65174,M_69441,3,PAN
M_69441,M_57739,2,DEVICE
M_57739,M_96280,2,DEVICE
M_96280,M_83452,2,DEVICE
M_83452,M_7006,1,IP
M_7006,M_25196,2,DEVICE
M_25196,M_74278,3,PAN
M_74278,M_46999,2,DEVICE
M_46999,M_96264,3,PAN
M_96264,M_18429,2,DEVICE
M_18429,M_90431,1,IP
M_90431,M_3024,3,PAN
M_90005,M_46626,1,IP
M_46626,M_88576,1,IP
M_88576,M_37886,3,PAN
M_37886,M_23628,1,IP
M_23628,M_71633,2,DEVICE
M_71633,M_40326,3,PAN
M_40326,M_55378,3,PAN
M_55378,M_39533,3,PAN
M_39533,M_30494,2,DEVICE
M_30494,M_73710,3,PAN
M_73710,M_93683,3,PAN
M_93683,M_9656,1,IP
M_9656,M_63338,2,DEVICE
M_63338,M_55334,2,DEVICE
M_55334,M_90005,1,IP
M_23927,M_10351,3,PAN
M_10351,M_23336,2,DEVICE
M_23336,M_5426,3,PAN
M_5426,M_60040,3,PAN
M_60040,M_38112,2,DEVICE
M_38112,M_11962,3,PAN
M_11962,M_21281,2,DEVICE
M_21281,M_66444,2,DEVICE
M_66444,M_73926,2,DEVICE
M_73926,M_19543,3,PAN
M_19543,M_23927,3,PAN
M_8632,M_29647,1,IP
M_29647,M_47632,1,IP
M_47632,M_74967,3,PAN
M_74967,M_25439,3,PAN
M_25439,M_8632,2,DEVICE
M_2353,M_10643,3,PAN
M_10643,M_99097,3,PAN
M_99097,M_92573,3,PAN
M_92573,M_34650,3,PAN
M_34650,M_88549,3,PAN
M_88549,M_59648,1,IP
M_59648,M_95754,3,PAN
M_95754,M_19055,3,PAN
M_19055,M_70292,3,PAN
M_70292,M_91319,1,IP
M_91319,M_25320,3,PAN
M_25320,M_2353,3,PAN
M_13579,M_46762,2,DEVICE
M_46762,M_53662,2,DEVICE
M_53662,M_32805,1,IP
M_32805,M_37464,3,PAN
M_37464,M_33716,3,PAN
M_33716,M_504,3,PAN
M_504,M_20343,2,DEVICE
M_20343,M_13579,3,PAN
M_23306,M_43381,3,PAN
M_43381,M_27773,1,IP
M_27773,M_2307,3,PAN
M_2307,M_1650,3,PAN
M_1650,M_1711,1,IP
M_1711,M_58330,2,DEVICE
M_58330,M_18413,2,DEVICE
M_18413,M_64261,2,DEVICE
M_64261,M_87273,3,PAN
M_87273,M_77235,1,IP
M_77235,M_86615,3,PAN
M_86615,M_23306,1,IP
M_8025,M_64897,3,PAN
M_64897,M_99295,2,DEVICE
M_99295,M_76449,2,DEVICE
M_76449,M_73589,3,PAN
M_73589,M_60167,3,PAN
M_60167,M_91336,2,DEVICE
M_91336,M_98229,3,PAN
M_98229,M_8025,1,IP
M_11904,M_84508,2,DEVICE
M_84508,M_39416,2,DEVICE
M_39416,M_91812,3,PAN
M_91812,M_2360,2,DEVICE
M_2360,M_37381,2,DEVICE
M_37381,M_27952,2,DEVICE
M_27952,M_8241,2,DEVICE
M_8241,M_34357,2,DEVICE
M_34357,M_80592,3,PAN
M_80592,M_11904,3,PAN
M_34064,M_50803,3,PAN
M_50803,M_45780,2,DEVICE
M_45780,M_15401,1,IP
M_15401,M_91212,3,PAN
M_91212,M_43163,2,DEVICE
M_43163,M_24641,3,PAN
M_24641,M_28372,2,DEVICE
M_28372,M_34064,2,DEVICE
M_28197,M_72088,2,DEVICE
M_72088,M_65292,2,DEVICE
M_65292,M_47023,3,PAN
M_47023,M_83885,2,DEVICE
M_83885,M_8575,3,PAN
M_8575,M_9003,1,IP
M_9003,M_74203,2,DEVICE
M_74203,M_50653,3,PAN
M_50653,M_28197,3,PAN
M_32933,M_66474,3,PAN
M_66474,M_59612,1,IP
M_59612,M_89885,3,PAN
M_89885,M_19339,2,DEVICE
M_19339,M_54637,3,PAN
M_54637,M_67646,2,DEVICE
M_67646,M_1529,2,DEVICE
M_1529,M_56762,3,PAN
M_56762,M_78698,2,DEVICE
M_78698,M_23069,3,PAN
M_23069,M_14607,1,IP
M_14607,M_29735,3,PAN
M_29735,M_32933,2,DEVICE
M_47922,M_8820,2,DEVICE
M_8820,M_94444,3,PAN
M_94444,M_63429,2,DEVICE
M_63429,M_40466,3,PAN
M_40466,M_81344,3,PAN
M_81344,M_57495,1,IP
M_57495,M_55741,3,PAN
M_55741,M_56927,3,PAN
M_56927,M_43772,2,DEVICE
M_43772,M_86316,3,PAN
M_86316,M_47922,1,IP
M_15471,M_79642,3,PAN
M_79642,M_7827,1,IP
M_7827,M_66633,1,IP
M_66633,M_61123,3,PAN
M_61123,M_37149,3,PAN
M_37149,M_13530,2,DEVICE
M_13530,M_34803,2,DEVICE
M_34803,M_15471,3,PAN
M_40720,M_38983,3,PAN
M_38983,M_56975,2,DEVICE
M_56975,M_40832,2,DEVICE
M_40832,M_65800,3,PAN
M_65800,M_65134,2,DEVICE
M_65134,M_98811,2,DEVICE
M_98811,M_71214,1,IP
M_71214,M_82990,3,PAN
M_82990,M_54903,3,PAN
M_54903,M_40720,3,PAN
M_3838,M_46249,2,DEVICE
M_46249,M_6883,3,PAN
M_6883,M_71333,3,PAN
M_71333,M_25519,2,DEVICE
M_25519,M_74233,2,DEVICE
M_74233,M_81151,3,PAN
M_81151,M_3838,3,PAN
M_28611,M_30687,3,PAN
M_30687,M_82395,3,PAN
M_82395,M_89351,3,PAN
M_89351,M_14722,3,PAN
M_14722,M_64942,1,IP
M_64942,M_71887,1,IP
M_71887,M_27854,3,PAN
M_27854,M_34176,2,DEVICE
M_34176,M_28611,3,PAN
M_86164,M_52774,1,IP
M_52774,M_74703,1,IP
M_74703,M_86511,2,DEVICE
M_86511,M_13515,2,DEVICE
M_13515,M_74131,3,PAN
M_74131,M_86164,3,PAN
M_20848,M_63654,3,PAN
M_63654,M_96748,2,DEVICE
M_96748,M_42375,3,PAN
M_42375,M_18612,3,PAN
M_18612,M_20848,2,DEVICE
M_50285,M_88659,2,DEVICE
M_88659,M_60435,2,DEVICE
M_60435,M_38989,2,DEVICE
M_38989,M_94961,1,IP
M_94961,M_30169,3,PAN
M_30169,M_54713,2,DEVICE
M_54713,M_52883,3,PAN
M_52883,M_37527,3,PAN
M_37527,M_29498,1,IP
M_29498,M_50285,3,PAN
M_26623,M_1383,3,PAN
M_1383,M_26843,1,IP
M_26843,M_79320,1,IP
M_79320,M_11024,3,PAN
M_11024,M_26623,2,DEVICE
M_40057,M_54572,3,PAN
M_54572,M_83462,2,DEVICE
M_83462,M_85638,3,PAN
M_85638,M_2841,3,PAN
M_2841,M_7421,2,DEVICE
M_7421,M_93865,1,IP
M_93865,M_32851,3,PAN
M_32851,M_40057,3,PAN
M_27521,M_40135,3,PAN
M_40135,M_2405,3,PAN
M_2405,M_49174,2,DEVICE
M_49174,M_71769,3,PAN
M_71769,M_17511,3,PAN
M_17511,M_56326,3,PAN
M_56326,M_78448,3,PAN
M_78448,M_67209,2,DEVICE
M_67209,M_18716,1,IP
M_18716,M_55148,3,PAN
M_55148,M_5504,2,DEVICE
M_5504,M_80232,3,PAN
M_80232,M_23545,3,PAN
M_23545,M_27521,2,DEVICE
M_8657,M_5184,3,PAN
M_5184,M_99291,2,DEVICE
M_99291,M_87247,3,PAN
M_87247,M_400,2,DEVICE
M_400,M_29773,1,IP
M_29773,M_27293,3,PAN
M_27293,M_53921,1,IP
M_53921,M_88141,3,PAN
M_88141,M_80278,3,PAN
M_80278,M_38163,3,PAN
M_38163,M_99421,1,IP
M_99421,M_70761,2,DEVICE
M_70761,M_90141,1,IP
M_90141,M_39261,2,DEVICE
M_39261,M_8657,3,PAN
M_40287,M_19612,1,IP
M_19612,M_90137,2,DEVICE
M_90137,M_44832,2,DEVICE
M_44832,M_12903,1,IP
M_12903,M_83536,3,PAN
M_83536,M_9274,1,IP
M_9274,M_9444,1,IP
M_9444,M_17175,2,DEVICE
M_17175,M_44577,3,PAN
M_44577,M_61823,3,PAN
M_61823,M_77513,1,IP
M_77513,M_81188,1,IP
M_81188,M_77052,2,DEVICE
M_77052,M_40287,1,IP
M_79153,M_11561,2,DEVICE
M_11561,M_32934,1,IP
M_32934,M_92993,3,PAN
M_92993,M_83564,3,PAN
M_83564,M_85217,2,DEVICE
M_85217,M_24249,3,PAN
M_24249,M_48129,3,PAN
M_48129,M_66624,2,DEVICE
M_66624,M_16389,3,PAN
M_16389,M_45529,2,DEVICE
M_45529,M_81809,3,PAN
M_81809,M_25576,1,IP
M_25576,M_94223,3,PAN
M_94223,M_79153,2,DEVICE
M_83770,M_16099,3,PAN
M_16099,M_3050,3,PAN
M_3050,M_95443,3,PAN
M_95443,M_44774,3,PAN
M_44774,M_30491,3,PAN
M_30491,M_92134,3,PAN
M_92134,M_64790,2,DEVICE
M_64790,M_96093,3,PAN
M_96093,M_71706,3,PAN
M_71706,M_21132,3,PAN
M_21132,M_52788,3,PAN
M_52788,M_54865,2,DEVICE
M_54865,M_76402,2,DEVICE
M_76402,M_83770,2,DEVICE
M_54716,M_6193,3,PAN
M_6193,M_17973,3,PAN
M_17973,M_25237,3,PAN
M_25237,M_68428,2,DEVICE
M_68428,M_85283,3,PAN
M_85283,M_55876,1,IP
M_55876,M_58238,2,DEVICE
M_58238,M_93262,2,DEVICE
M_93262,M_28300,2,DEVICE
M_28300,M_67057,1,IP
M_67057,M_54716,3,PAN
M_67199,M_86944,1,IP
M_86944,M_40902,2,DEVICE
M_40902,M_88446,3,PAN
M_88446,M_64981,3,PAN
M_64981,M_43580,3,PAN
M_43580,M_54489,1,IP
M_54489,M_44131,3,PAN
M_44131,M_51494,3,PAN
M_51494,M_72817,3,PAN
M_72817,M_8414,1,IP
M_8414,M_84729,2,DEVICE
M_84729,M_79615,3,PAN
M_79615,M_5114,1,IP
M_5114,M_67199,3,PAN
M_93956,M_75683,2,DEVICE
M_75683,M_72255,2,DEVICE
M_72255,M_50532,3,PAN
M_50532,M_78848,2,DEVICE
M_78848,M_54290,1,IP
M_54290,M_33633,3,PAN
M_33633,M_33461,3,PAN
M_33461,M_17380,1,IP
M_17380,M_93956,3,PAN
M_58387,M_94707,3,PAN
M_94707,M_82007,1,IP
M_82007,M_15232,2,DEVICE
M_15232,M_79209,1,IP
M_79209,M_39556,3,PAN
M_39556,M_42820,1,IP
M_42820,M_60641,2,DEVICE
M_60641,M_81876,2,DEVICE
M_81876,M_28902,2,DEVICE
M_28902,M_58387,3,PAN
M_43552,M_91790,2,DEVICE
M_91790,M_82783,3,PAN
M_82783,M_80121,3,PAN
M_80121,M_20807,2,DEVICE
M_20807,M_5525,3,PAN
M_5525,M_90473,2,DEVICE
M_90473,M_90587,3,PAN
M_90587,M_54902,3,PAN
M_54902,M_59557,2,DEVICE
M_59557,M_43552,3,PAN
M_70892,M_31940,1,IP
M_31940,M_99199,3,PAN
M_99199,M_24871,3,PAN
M_24871,M_71388,3,PAN
M_71388,M_38428,2,DEVICE
M_38428,M_78606,3,PAN
M_78606,M_70892,1,IP
M_87,M_52248,1,IP
M_52248,M_34934,3,PAN
M_34934,M_98194,2,DEVICE
M_98194,M_61394,3,PAN
M_61394,M_6422,2,DEVICE
M_6422,M_25867,3,PAN
M_25867,M_99959,2,DEVICE
M_99959,M_9745,3,PAN
M_9745,M_63023,1,IP
M_63023,M_53736,3,PAN
M_53736,M_98690,2,DEVICE
M_98690,M_50392,1,IP
M_50392,M_74028,2,DEVICE
M_74028,M_97643,2,DEVICE
M_97643,M_87,3,PAN
M_61332,M_40891,3,PAN
M_40891,M_25426,1,IP
M_25426,M_52334,3,PAN
M_52334,M_93450,3,PAN
M_93450,M_93503,2,DEVICE
M_93503,M_14371,3,PAN
M_14371,M_18023,1,IP
M_18023,M_61332,3,PAN
M_80001,M_60778,3,PAN
M_60778,M_75045,2,DEVICE
M_75045,M_92871,2,DEVICE
M_92871,M_81096,1,IP
M_81096,M_96188,3,PAN
M_96188,M_10430,3,PAN
M_10430,M_16473,3,PAN
M_16473,M_29718,3,PAN
M_29718,M_14597,2,DEVICE
M_14597,M_80001,3,PAN
M_47972,M_36397,1,IP
M_36397,M_3675,3,PAN
M_3675,M_33133,2,DEVICE
M_33133,M_23463,3,PAN
M_23463,M_87740,1,IP
M_87740,M_95615,3,PAN
M_95615,M_13881,2,DEVICE
M_13881,M_86724,3,PAN
M_86724,M_38688,3,PAN
M_38688,M_90519,3,PAN
M_90519,M_78666,3,PAN
M_78666,M_47972,1,IP
M_5580,M_75501,3,PAN
M_75501,M_21250,1,IP
M_21250,M_19502,3,PAN
M_19502,M_58456,3,PAN
M_58456,M_67781,3,PAN
M_67781,M_43507,3,PAN
M_43507,M_49494,1,IP
M_49494,M_92942,3,PAN
M_92942,M_97346,1,IP
M_97346,M_87908,3,PAN
M_87908,M_5580,3,PAN
M_90717,M_40794,2,DEVICE
M_40794,M_10940,2,DEVICE
M_10940,M_64144,1,IP
M_64144,M_10251,3,PAN
M_10251,M_33204,3,PAN
M_33204,M_92540,2,DEVICE
M_92540,M_56041,2,DEVICE
M_56041,M_14772,1,IP
M_14772,M_84099,3,PAN
M_84099,M_72882,2,DEVICE
M_72882,M_90717,3,PAN
M_28291,M_54600,1,IP
M_54600,M_44472,3,PAN
M_44472,M_68019,1,IP
M_68019,M_63096,3,PAN
M_63096,M_86025,2,DEVICE
M_86025,M_28291,1,IP
M_64749,M_25714,3,PAN
M_25714,M_86008,3,PAN
M_86008,M_7855,1,IP
M_7855,M_57651,2,DEVICE
M_57651,M_58149,2,DEVICE
M_58149,M_11988,3,PAN
M_11988,M_61959,3,PAN
M_61959,M_90805,3,PAN
M_90805,M_97724,2,DEVICE
M_97724,M_64749,3,PAN
M_87769,M_40444,3,PAN
M_40444,M_87114,1,IP
M_87114,M_30276,2,DEVICE
M_30276,M_79242,1,IP
M_79242,M_42566,3,PAN
M_42566,M_30215,3,PAN
M_30215,M_53299,2,DEVICE
M_53299,M_30064,3,PAN
M_30064,M_77927,2,DEVICE
M_77927,M_61737,3,PAN
M_61737,M_94146,2,DEVICE
M_94146,M_57754,3,PAN
M_57754,M_99573,2,DEVICE
M_99573,M_87769,1,IP
M_2152,M_1041,3,PAN
M_1041,M_79984,3,PAN
M_79984,M_55560,2,DEVICE
M_55560,M_84089,3,PAN
M_84089,M_83479,3,PAN
M_83479,M_23057,2,DEVICE
M_23057,M_90918,2,DEVICE
M_90918,M_72136,2,DEVICE
M_72136,M_20215,3,PAN
M_20215,M_69691,1,IP
M_69691,M_2152,3,PAN
M_53048,M_375,3,PAN
M_375,M_88387,2,DEVICE
M_88387,M_67821,3,PAN
M_67821,M_50241,2,DEVICE
M_50241,M_53048,3,PAN
M_13714,M_81793,2,DEVICE
M_81793,M_50507,3,PAN
M_50507,M_59403,2,DEVICE
M_59403,M_93880,2,DEVICE
M_93880,M_27454,3,PAN
M_27454,M_37505,2,DEVICE
M_37505,M_25680,1,IP
M_25680,M_40542,1,IP
M_40542,M_35330,3,PAN
M_35330,M_23148,2,DEVICE
M_23148,M_11652,1,IP
M_11652,M_13714,2,DEVICE
M_64571,M_9156,3,PAN
M_9156,M_5508,3,PAN
M_5508,M_97981,2,DEVICE
M_97981,M_18774,2,DEVICE
M_18774,M_93115,1,IP
M_93115,M_46963,1,IP
M_46963,M_64571,3,PAN
M_11627,M_3385,3,PAN
M_3385,M_17280,3,PAN
M_17280,M_67849,3,PAN
M_67849,M_40150,1,IP
M_40150,M_10111,3,PAN
M_10111,M_13709,3,PAN
M_13709,M_32642,3,PAN
M_32642,M_84068,3,PAN
M_84068,M_69242,2,DEVICE
M_69242,M_56227,3,PAN
M_56227,M_11627,3,PAN
M_39565,M_36389,3,PAN
M_36389,M_71934,1,IP
M_71934,M_47984,2,DEVICE
M_47984,M_15366,1,IP
M_15366,M_59491,3,PAN
M_59491,M_35013,3,PAN
M_35013,M_99721,3,PAN
M_99721,M_75386,1,IP
M_75386,M_92321,3,PAN
M_92321,M_77905,3,PAN
M_77905,M_39565,1,IP
M_71332,M_22909,3,PAN
M_22909,M_33085,2,DEVICE
M_33085,M_85152,3,PAN
M_85152,M_85129,3,PAN
M_85129,M_48505,3,PAN
M_48505,M_6762,1,IP
M_6762,M_83239,3,PAN
M_83239,M_97253,2,DEVICE
M_97253,M_72761,3,PAN
M_72761,M_26234,2,DEVICE
M_26234,M_90487,2,DEVICE
M_90487,M_77858,2,DEVICE
M_77858,M_47299,1,IP
M_47299,M_55460,2,DEVICE
M_55460,M_71332,2,DEVICE
M_72262,M_93397,3,PAN
M_93397,M_75357,1,IP
M_75357,M_67478,3,PAN
M_67478,M_1053,3,PAN
M_1053,M_3466,2,DEVICE
M_3466,M_23561,3,PAN
M_23561,M_29494,2,DEVICE
M_29494,M_15649,3,PAN
M_15649,M_10045,3,PAN
M_10045,M_55859,1,IP
M_55859,M_42559,1,IP
M_42559,M_49058,3,PAN
M_49058,M_50765,1,IP
M_50765,M_91543,3,PAN
M_91543,M_72262,3,PAN
M_54189,M_73640,2,DEVICE
M_73640,M_38514,2,DEVICE
M_38514,M_92894,3,PAN
M_92894,M_57372,3,PAN
M_57372,M_99158,3,PAN
M_99158,M_82773,1,IP
M_82773,M_25631,3,PAN
M_25631,M_19973,3,PAN
M_19973,M_54189,3,PAN
M_53366,M_26712,2,DEVICE
M_26712,M_91064,3,PAN
M_91064,M_41147,2,DEVICE
M_41147,M_65024,2,DEVICE
M_65024,M_5350,3,PAN
M_5350,M_39087,3,PAN
M_39087,M_17731,3,PAN
M_17731,M_77137,2,DEVICE
M_77137,M_93102,1,IP
M_93102,M_22790,3,PAN
M_22790,M_29886,2,DEVICE
M_29886,M_50668,3,PAN
M_50668,M_21624,1,IP
M_21624,M_49111,1,IP
M_49111,M_53366,2,DEVICE
M_60944,M_28751,3,PAN
M_28751,M_9959,1,IP
M_9959,M_33788,3,PAN
M_33788,M_23936,2,DEVICE
M_23936,M_62559,1,IP
M_62559,M_72104,2,DEVICE
M_72104,M_84449,2,DEVICE
M_84449,M_25887,2,DEVICE
M_25887,M_55348,1,IP
M_55348,M_78186,3,PAN
M_78186,M_10269,1,IP
M_10269,M_45883,3,PAN
M_45883,M_18717,2,DEVICE
M_18717,M_43114,1,IP
M_43114,M_60944,2,DEVICE
M_89073,M_8344,3,PAN
M_8344,M_30578,3,PAN
M_30578,M_88655,1,IP
M_88655,M_19029,2,DEVICE
M_19029,M_89073,3,PAN
M_49406,M_8071,1,IP
M_8071,M_65525,1,IP
M_65525,M_55062,2,DEVICE
M_55062,M_32896,1,IP
M_32896,M_19983,1,IP
M_19983,M_89577,3,PAN
M_89577,M_6281,1,IP
M_6281,M_78767,2,DEVICE
M_78767,M_16986,1,IP
M_16986,M_49406,2,DEVICE
M_79104,M_27253,2,DEVICE
M_27253,M_95074,3,PAN
M_95074,M_45809,3,PAN
M_45809,M_64094,3,PAN
M_64094,M_26016,2,DEVICE
M_26016,M_30924,1,IP
M_30924,M_36010,3,PAN
M_36010,M_64456,3,PAN
M_64456,M_36114,2,DEVICE
M_36114,M_90690,3,PAN
M_90690,M_22863,3,PAN
M_22863,M_61306,3,PAN
M_61306,M_98002,2,DEVICE
M_98002,M_79104,2,DEVICE
M_68001,M_27823,3,PAN
M_27823,M_66433,3,PAN
M_66433,M_64165,2,DEVICE
M_64165,M_11732,1,IP
M_11732,M_87265,3,PAN
M_87265,M_43097,1,IP
M_43097,M_19416,2,DEVICE
M_19416,M_68001,1,IP
M_53963,M_56899,3,PAN
M_56899,M_36973,3,PAN
M_36973,M_30149,3,PAN
M_30149,M_26740,2,DEVICE
M_26740,M_51445,1,IP
M_51445,M_40329,3,PAN
M_40329,M_94067,3,PAN
M_94067,M_23260,3,PAN
M_23260,M_4732,2,DEVICE
M_4732,M_49449,1,IP
M_49449,M_79837,3,PAN
M_79837,M_11228,2,DEVICE
M_11228,M_45002,2,DEVICE
M_45002,M_53963,1,IP
M_39213,M_60437,3,PAN
M_60437,M_98599,2,DEVICE
M_98599,M_22018,1,IP
M_22018,M_27350,1,IP
M_27350,M_92042,2,DEVICE
M_92042,M_50778,3,PAN
M_50778,M_4429,2,DEVICE
M_4429,M_22115,2,DEVICE
M_22115,M_63231,3,PAN
M_63231,M_30430,1,IP
M_30430,M_39213,3,PAN
M_72684,M_75088,1,IP
M_75088,M_65069,3,PAN
M_65069,M_65891,3,PAN
M_65891,M_65607,2,DEVICE
M_65607,M_79078,2,DEVICE
M_79078,M_35579,1,IP
M_35579,M_70801,2,DEVICE
M_70801,M_81887,3,PAN
M_81887,M_10753,1,IP
M_10753,M_92474,2,DEVICE
M_92474,M_21302,3,PAN
M_21302,M_97457,1,IP
M_97457,M_98848,3,PAN
M_98848,M_72684,3,PAN
M_16262,M_59387,2,DEVICE
M_59387,M_42806,2,DEVICE
M_42806,M_90687,1,IP
M_90687,M_71161,3,PAN
M_71161,M_20140,1,IP
M_20140,M_5433,3,PAN
M_5433,M_64635,3,PAN
M_64635,M_183,3,PAN
M_183,M_28329,3,PAN
M_28329,M_59784,3,PAN
M_59784,M_99571,1,IP
M_99571,M_60031,1,IP
M_60031,M_84337,2,DEVICE
M_84337,M_76819,3,PAN
M_76819,M_16262,1,IP
M_76876,M_94937,3,PAN
M_94937,M_66780,2,DEVICE
M_66780,M_30545,2,DEVICE
M_30545,M_95926,3,PAN
M_95926,M_50467,2,DEVICE
M_50467,M_50479,1,IP
M_50479,M_89476,3,PAN
M_89476,M_45236,2,DEVICE
M_45236,M_26681,1,IP
M_26681,M_76876,3,PAN
M_67627,M_62922,3,PAN
M_62922,M_68480,1,IP
M_68480,M_63549,3,PAN
M_63549,M_82994,3,PAN
M_82994,M_67627,3,PAN
M_394,M_69282,1,IP
M_69282,M_250,1,IP
M_250,M_9838,2,DEVICE
M_9838,M_38156,1,IP
M_38156,M_93975,2,DEVICE
M_93975,M_32411,1,IP
M_32411,M_24270,3,PAN
M_24270,M_3785,3,PAN
M_3785,M_394,1,IP
M_62757,M_72608,3,PAN
M_72608,M_89239,2,DEVICE
M_89239,M_98946,2,DEVICE
M_98946,M_28789,3,PAN
M_28789,M_78230,3,PAN
M_78230,M_94974,3,PAN
M_94974,M_97058,3,PAN
M_97058,M_29276,3,PAN
M_29276,M_40744,2,DEVICE
M_40744,M_62757,2,DEVICE
M_87623,M_14139,3,PAN
M_14139,M_8189,3,PAN
M_8189,M_88985,2,DEVICE
M_88985,M_91923,3,PAN
M_91923,M_20658,3,PAN
M_20658,M_54139,3,PAN
M_54139,M_65034,2,DEVICE
M_65034,M_13096,3,PAN
M_13096,M_87623,3,PAN
M_19630,M_33695,1,IP
M_33695,M_53230,2,DEVICE
M_53230,M_24652,1,IP
M_24652,M_91554,2,DEVICE
M_91554,M_53452,3,PAN
M_53452,M_6899,3,PAN
M_6899,M_5450,3,PAN
M_5450,M_18951,3,PAN
M_18951,M_72810,3,PAN
M_72810,M_69174,3,PAN
M_69174,M_80510,2,DEVICE
M_80510,M_19630,2,DEVICE
M_98566,M_29437,3,PAN
M_29437,M_82393,2,DEVICE
M_82393,M_1295,3,PAN
M_1295,M_83651,2,DEVICE
M_83651,M_13860,2,DEVICE
M_13860,M_97105,3,PAN
M_97105,M_27091,3,PAN
M_27091,M_43869,1,IP
M_43869,M_40752,2,DEVICE
M_40752,M_32754,2,DEVICE
M_32754,M_98566,3,PAN
M_33529,M_17586,3,PAN
M_17586,M_47485,1,IP
M_47485,M_57484,3,PAN
M_57484,M_15469,3,PAN
M_15469,M_52046,1,IP
M_52046,M_58601,3,PAN
M_58601,M_33529,3,PAN
M_25656,M_85498,2,DEVICE
M_85498,M_39959,3,PAN
M_39959,M_52569,1,IP
M_52569,M_79374,3,PAN
M_79374,M_73989,2,DEVICE
M_73989,M_17756,3,PAN
M_17756,M_25656,1,IP
M_85091,M_22955,1,IP
M_22955,M_17164,1,IP
M_17164,M_76794,2,DEVICE
M_76794,M_20289,3,PAN
M_20289,M_59783,3,PAN
M_59783,M_86009,3,PAN
M_86009,M_68741,3,PAN
M_68741,M_8437,3,PAN
M_8437,M_91051,2,DEVICE
M_91051,M_64405,2,DEVICE
M_64405,M_74393,1,IP
M_74393,M_36192,3,PAN
M_36192,M_62398,2,DEVICE
M_62398,M_93283,2,DEVICE
M_93283,M_85091,1,IP
M_73039,M_6600,2,DEVICE
M_6600,M_64449,3,PAN
M_64449,M_38956,3,PAN
M_38956,M_14362,1,IP
M_14362,M_80758,2,DEVICE
M_80758,M_72643,1,IP
M_72643,M_14550,2,DEVICE
M_14550,M_90886,2,DEVICE
M_90886,M_30869,2,DEVICE
M_30869,M_93239,1,IP
M_93239,M_20887,1,IP
M_20887,M_63351,3,PAN
M_63351,M_42851,3,PAN
M_42851,M_73039,3,PAN
M_88512,M_94911,1,IP
M_94911,M_5266,1,IP
M_5266,M_8054,3,PAN
M_8054,M_23451,3,PAN
M_23451,M_24407,2,DEVICE
M_24407,M_91083,1,IP
M_91083,M_82542,2,DEVICE
M_82542,M_39761,3,PAN
M_39761,M_17082,3,PAN
M_17082,M_13910,2,DEVICE
M_13910,M_81287,2,DEVICE
M_81287,M_73566,1,IP
M_73566,M_88512,1,IP
M_57207,M_14522,3,PAN
M_14522,M_7072,3,PAN
M_7072,M_87788,3,PAN
M_87788,M_92455,3,PAN
M_92455,M_53460,3,PAN
M_53460,M_73179,3,PAN
M_73179,M_69964,3,PAN
M_69964,M_14736,1,IP
M_14736,M_57207,3,PAN
M_31749,M_79567,3,PAN
M_79567,M_7710,3,PAN
M_7710,M_30271,3,PAN
M_30271,M_43481,3,PAN
M_43481,M_99988,3,PAN
M_99988,M_12321,1,IP
M_12321,M_47231,1,IP
M_47231,M_70762,3,PAN
M_70762,M_44079,3,PAN
M_44079,M_31749,3,PAN
M_92157,M_84957,2,DEVICE
M_84957,M_20499,3,PAN
M_20499,M_40219,3,PAN
M_40219,M_67236,1,IP
M_67236,M_14095,1,IP
M_14095,M_87360,2,DEVICE
M_87360,M_14501,3,PAN
M_14501,M_13469,3,PAN
M_13469,M_81944,3,PAN
M_81944,M_44701,2,DEVICE
M_44701,M_9079,2,DEVICE
M_9079,M_99318,3,PAN
M_99318,M_6538,1,IP
M_6538,M_92157,3,PAN
M_26996,M_72049,3,PAN
M_72049,M_6623,3,PAN
M_6623,M_57042,3,PAN
M_57042,M_90701,2,DEVICE
M_90701,M_37694,3,PAN
M_37694,M_74460,3,PAN
M_74460,M_26996,2,DEVICE
M_38286,M_60452,2,DEVICE
M_60452,M_38843,2,DEVICE
M_38843,M_2908,2,DEVICE
M_2908,M_2429,2,DEVICE
M_2429,M_35917,2,DEVICE
M_35917,M_35907,3,PAN
M_35907,M_5254,3,PAN
M_5254,M_69797,3,PAN
M_69797,M_22830,3,PAN
M_22830,M_10349,3,PAN
M_10349,M_67883,3,PAN
M_67883,M_59274,3,PAN
M_59274,M_38286,2,DEVICE
M_1831,M_78204,2,DEVICE
M_78204,M_66987,1,IP
M_66987,M_97187,3,PAN
M_97187,M_3698,3,PAN
M_3698,M_1831,3,PAN
M_1852,M_44228,2,DEVICE
M_44228,M_72582,3,PAN
M_72582,M_76865,1,IP
M_76865,M_41579,3,PAN
M_41579,M_67903,3,PAN
M_67903,M_14235,2,DEVICE
M_14235,M_43686,3,PAN
M_43686,M_39175,2,DEVICE
M_39175,M_33733,2,DEVICE
M_33733,M_49340,2,DEVICE
M_49340,M_32726,2,DEVICE
M_32726,M_1852,3,PAN
M_33397,M_72525,2,DEVICE
M_72525,M_81009,3,PAN
M_81009,M_97919,3,PAN
M_97919,M_95330,3,PAN
M_95330,M_93309,2,DEVICE
M_93309,M_85569,3,PAN
M_85569,M_33397,1,IP
M_17291,M_83682,3,PAN
M_83682,M_13465,3,PAN
M_13465,M_92326,3,PAN
M_92326,M_21854,3,PAN
M_21854,M_80060,3,PAN
M_80060,M_68864,2,DEVICE
M_68864,M_42838,3,PAN
M_42838,M_71084,3,PAN
M_71084,M_17291,3,PAN
M_45769,M_17011,1,IP
M_17011,M_88538,3,PAN
M_88538,M_34750,2,DEVICE
M_34750,M_88893,3,PAN
M_88893,M_31168,3,PAN
M_31168,M_52527,1,IP
M_52527,M_70156,3,PAN
M_70156,M_38148,1,IP
M_38148,M_45769,3,PAN
M_20988,M_54753,3,PAN
M_54753,M_89840,1,IP
M_89840,M_99872,3,PAN
M_99872,M_25244,1,IP
M_25244,M_13312,1,IP
M_13312,M_85647,3,PAN
M_85647,M_96381,3,PAN
M_96381,M_20988,1,IP
M_80618,M_34701,2,DEVICE
M_34701,M_66234,3,PAN
M_66234,M_13849,3,PAN
M_13849,M_74848,2,DEVICE
M_74848,M_79972,2,DEVICE
M_79972,M_80618,2,DEVICE
M_86852,M_37556,2,DEVICE
M_37556,M_84852,3,PAN
M_84852,M_37765,3,PAN
M_37765,M_78522,3,PAN
M_78522,M_92031,3,PAN
M_92031,M_64545,3,PAN
M_64545,M_86852,2,DEVICE
M_4941,M_85499,3,PAN
M_85499,M_46955,2,DEVICE
M_46955,M_88791,3,PAN
M_88791,M_28166,1,IP
M_28166,M_5766,3,PAN
M_5766,M_4941,3,PAN
M_23817,M_16447,1,IP
M_16447,M_71146,2,DEVICE
M_71146,M_71626,1,IP
M_71626,M_82581,3,PAN
M_82581,M_217,3,PAN
M_217,M_3917,2,DEVICE
M_3917,M_23817,3,PAN
M_53169,M_15813,3,PAN
M_15813,M_12781,3,PAN
M_12781,M_40114,3,PAN
M_40114,M_76925,2,DEVICE
M_76925,M_26485,3,PAN
M_26485,M_52825,1,IP
M_52825,M_53169,3,PAN
M_52141,M_65401,3,PAN
M_65401,M_12188,3,PAN
M_12188,M_18131,2,DEVICE
M_18131,M_37369,1,IP
M_37369,M_92656,3,PAN
M_92656,M_97953,3,PAN
M_97953,M_81722,2,DEVICE
M_81722,M_39831,3,PAN
M_39831,M_50617,2,DEVICE
M_50617,M_34063,2,DEVICE
M_34063,M_52141,3,PAN
M_40621,M_38633,2,DEVICE
M_38633,M_77843,3,PAN
M_77843,M_5863,3,PAN
M_5863,M_25278,3,PAN
M_25278,M_64422,2,DEVICE
M_64422,M_53336,2,DEVICE
M_53336,M_60680,3,PAN
M_60680,M_40477,3,PAN
M_40477,M_87533,3,PAN
M_87533,M_78797,3,PAN
M_78797,M_75233,3,PAN
M_75233,M_92686,3,PAN
M_92686,M_40621,3,PAN
M_65325,M_4235,2,DEVICE
M_4235,M_10824,2,DEVICE
M_10824,M_64855,3,PAN
M_64855,M_55255,2,DEVICE
M_55255,M_67094,3,PAN
M_67094,M_45363,3,PAN
M_45363,M_48851,1,IP
M_48851,M_35981,2,DEVICE
M_35981,M_48333,3,PAN
M_48333,M_21516,3,PAN
M_21516,M_98707,2,DEVICE
M_98707,M_65325,3,PAN
M_38402,M_61065,3,PAN
M_61065,M_56416,3,PAN
M_56416,M_12412,2,DEVICE
M_12412,M_85985,2,DEVICE
M_85985,M_13066,3,PAN
M_13066,M_11950,1,IP
M_11950,M_89524,1,IP
M_89524,M_4472,3,PAN
M_4472,M_38402,3,PAN
M_25696,M_79702,3,PAN
M_79702,M_10848,2,DEVICE
M_10848,M_65680,2,DEVICE
M_65680,M_649,3,PAN
M_649,M_79836,1,IP
M_79836,M_548,3,PAN
M_548,M_318,1,IP
M_318,M_71668,1,IP
M_71668,M_88314,3,PAN
M_88314,M_11932,3,PAN
M_11932,M_33616,3,PAN
M_33616,M_11674,1,IP
M_11674,M_39653,3,PAN
M_39653,M_10517,1,IP
M_10517,M_25696,3,PAN
M_16,M_33203,1,IP
M_33203,M_48010,3,PAN
M_48010,M_9981,2,DEVICE
M_9981,M_19014,3,PAN
M_19014,M_89453,3,PAN
M_89453,M_72857,3,PAN
M_72857,M_54729,3,PAN
M_54729,M_59583,2,DEVICE
M_59583,M_4561,3,PAN
M_4561,M_71910,3,PAN
M_71910,M_66187,3,PAN
M_66187,M_97200,2,DEVICE
M_97200,M_57839,1,IP
M_57839,M_47835,2,DEVICE
M_47835,M_16,1,IP
M_29599,M_70281,3,PAN
M_70281,M_91086,3,PAN
M_91086,M_64684,2,DEVICE
M_64684,M_87076,3,PAN
M_87076,M_38128,2,DEVICE
M_38128,M_8746,2,DEVICE
M_8746,M_54211,3,PAN
M_54211,M_28184,1,IP
M_28184,M_42853,3,PAN
M_42853,M_29599,2,DEVICE
M_96244,M_80990,2,DEVICE
M_80990,M_13184,3,PAN
M_13184,M_88373,1,IP
M_88373,M_66139,1,IP
M_66139,M_66029,2,DEVICE
M_66029,M_93359,2,DEVICE
M_93359,M_70175,2,DEVICE
M_70175,M_96244,2,DEVICE
M_20656,M_32724,2,DEVICE
M_32724,M_20452,2,DEVICE
M_20452,M_5573,1,IP
M_5573,M_93405,2,DEVICE
M_93405,M_56794,3,PAN
M_56794,M_99825,1,IP
M_99825,M_81669,3,PAN
M_81669,M_52954,3,PAN
M_52954,M_20656,1,IP
M_16543,M_68675,3,PAN
M_68675,M_41821,2,DEVICE
M_41821,M_21336,1,IP
M_21336,M_26143,3,PAN
M_26143,M_87774,3,PAN
M_87774,M_16543,3,PAN
M_33327,M_83117,3,PAN
M_83117,M_77409,3,PAN
M_77409,M_45508,3,PAN
M_45508,M_42068,1,IP
M_42068,M_76200,2,DEVICE
M_76200,M_14997,1,IP
M_14997,M_33327,1,IP
M_83582,M_59133,2,DEVICE
M_59133,M_94485,3,PAN
M_94485,M_46541,1,IP
M_46541,M_43428,2,DEVICE
M_43428,M_88402,3,PAN
M_88402,M_72739,3,PAN
M_72739,M_25479,3,PAN
M_25479,M_51045,3,PAN
M_51045,M_13776,2,DEVICE
M_13776,M_80302,3,PAN
M_80302,M_30591,3,PAN
M_30591,M_66265,3,PAN
M_66265,M_83582,1,IP
M_35958,M_70377,3,PAN
M_70377,M_27269,3,PAN
M_27269,M_80890,2,DEVICE
M_80890,M_80774,1,IP
M_80774,M_84277,2,DEVICE
M_84277,M_14047,2,DEVICE
M_14047,M_7048,3,PAN
M_7048,M_60729,1,IP
M_60729,M_82488,2,DEVICE
M_82488,M_18089,2,DEVICE
M_18089,M_98813,3,PAN
M_98813,M_85531,2,DEVICE
M_85531,M_16558,3,PAN
M_16558,M_83413,3,PAN
M_83413,M_35958,2,DEVICE
M_72140,M_16866,3,PAN
M_16866,M_26864,1,IP
M_26864,M_27599,3,PAN
M_27599,M_51796,2,DEVICE
M_51796,M_49269,3,PAN
M_49269,M_23181,3,PAN
M_23181,M_95681,1,IP
M_95681,M_33056,3,PAN
M_33056,M_62043,1,IP
M_62043,M_74897,3,PAN
M_74897,M_67145,2,DEVICE
M_67145,M_61327,3,PAN
M_61327,M_41503,2,DEVICE
M_41503,M_46327,1,IP
M_46327,M_72140,2,DEVICE
M_91032,M_50263,3,PAN
M_50263,M_66011,2,DEVICE
M_66011,M_46633,2,DEVICE
M_46633,M_58185,3,PAN
M_58185,M_7671,2,DEVICE
M_7671,M_62733,2,DEVICE
M_62733,M_9975,2,DEVICE
M_9975,M_97132,3,PAN
M_97132,M_84501,3,PAN
M_84501,M_38421,1,IP
M_38421,M_24714,2,DEVICE
M_24714,M_85913,2,DEVICE
M_85913,M_91032,1,IP
M_96695,M_96814,3,PAN
M_96814,M_85357,2,DEVICE
M_85357,M_8519,2,DEVICE
M_8519,M_32735,1,IP
M_32735,M_62019,2,DEVICE
M_62019,M_85236,3,PAN
M_85236,M_7594,3,PAN
M_7594,M_96721,3,PAN
M_96721,M_17404,1,IP
M_17404,M_96695,3,PAN
M_85815,M_39301,2,DEVICE
M_39301,M_34799,3,PAN
M_34799,M_63320,3,PAN
M_63320,M_72195,3,PAN
M_72195,M_35088,2,DEVICE
M_35088,M_92390,3,PAN
M_92390,M_85815,1,IP
M_46474,M_45555,3,PAN
M_45555,M_872,1,IP
M_872,M_76219,3,PAN
M_76219,M_41506,3,PAN
M_41506,M_69050,3,PAN
M_69050,M_46474,1,IP
M_52658,M_4651,2,DEVICE
M_4651,M_34290,3,PAN
M_34290,M_63580,2,DEVICE
M_63580,M_67469,2,DEVICE
M_67469,M_32395,2,DEVICE
M_32395,M_77195,2,DEVICE
M_77195,M_28931,1,IP
M_28931,M_20423,2,DEVICE
M_20423,M_15150,3,PAN
M_15150,M_43504,1,IP
M_43504,M_36432,3,PAN
M_36432,M_37709,2,DEVICE
M_37709,M_11927,2,DEVICE
M_11927,M_55052,3,PAN
M_55052,M_52658,3,PAN
M_74539,M_34391,1,IP
M_34391,M_53634,1,IP
M_53634,M_81403,2,DEVICE
M_81403,M_19297,3,PAN
M_19297,M_30465,3,PAN
M_30465,M_92482,2,DEVICE
M_92482,M_26773,3,PAN
M_26773,M_55424,2,DEVICE
M_55424,M_78716,3,PAN
M_78716,M_15942,3,PAN
M_15942,M_28526,2,DEVICE
M_28526,M_527,2,DEVICE
M_527,M_74539,2,DEVICE
M_62942,M_84182,3,PAN
M_84182,M_71712,1,IP
M_71712,M_1258,3,PAN
M_1258,M_60050,2,DEVICE
M_60050,M_28412,2,DEVICE
M_28412,M_17994,3,PAN
M_17994,M_23414,2,DEVICE
M_23414,M_23510,2,DEVICE
M_23510,M_55789,2,DEVICE
M_55789,M_96833,2,DEVICE
M_96833,M_79611,3,PAN
M_79611,M_62942,1,IP
M_95999,M_75155,3,PAN
M_75155,M_18299,2,DEVICE
M_18299,M_97362,3,PAN
M_97362,M_11669,1,IP
M_11669,M_47278,3,PAN
M_47278,M_17998,3,PAN
M_17998,M_64666,3,PAN
M_64666,M_88560,3,PAN
M_88560,M_95999,3,PAN
M_75757,M_78526,3,PAN
M_78526,M_48698,3,PAN
M_48698,M_23075,3,PAN
M_23075,M_2106,3,PAN
M_2106,M_26692,3,PAN
M_26692,M_3722,3,PAN
M_3722,M_36097,3,PAN
M_36097,M_75757,3,PAN
M_82988,M_83234,3,PAN
M_83234,M_86150,3,PAN
M_86150,M_93394,1,IP
M_93394,M_58605,3,PAN
M_58605,M_37470,3,PAN
M_37470,M_82988,2,DEVICE
M_28925,M_69549,3,PAN
M_69549,M_37201,3,PAN
M_37201,M_25513,2,DEVICE
M_25513,M_68117,2,DEVICE
M_68117,M_92776,1,IP
M_92776,M_21251,1,IP
M_21251,M_55579,2,DEVICE
M_55579,M_28925,2,DEVICE
M_64389,M_50932,1,IP
M_50932,M_72513,2,DEVICE
M_72513,M_48792,3,PAN
M_48792,M_78710,3,PAN
M_78710,M_62367,2,DEVICE
M_62367,M_40947,2,DEVICE
M_40947,M_92021,1,IP
M_92021,M_79029,3,PAN
M_79029,M_98053,1,IP
M_98053,M_64389,3,PAN
M_80411,M_2914,2,DEVICE
M_2914,M_19780,3,PAN
M_19780,M_37565,3,PAN
M_37565,M_39948,3,PAN
M_39948,M_21017,3,PAN
M_21017,M_18111,3,PAN
M_18111,M_97134,1,IP
M_97134,M_24710,3,PAN
M_24710,M_80411,2,DEVICE
M_16234,M_86794,3,PAN
M_86794,M_61473,1,IP
M_61473,M_60116,2,DEVICE
M_60116,M_14426,2,DEVICE
M_14426,M_16234,1,IP
M_52357,M_49622,2,DEVICE
M_49622,M_38970,1,IP
M_38970,M_52159,3,PAN
M_52159,M_11279,3,PAN
M_11279,M_324,2,DEVICE
M_324,M_72751,3,PAN
M_72751,M_58022,2,DEVICE
M_58022,M_39882,3,PAN
M_39882,M_6957,3,PAN
M_6957,M_10941,1,IP
M_10941,M_24471,3,PAN
M_24471,M_52357,3,PAN
M_65874,M_62666,2,DEVICE
M_62666,M_35846,1,IP
M_35846,M_80126,3,PAN
M_80126,M_51252,1,IP
M_51252,M_65874,2,DEVICE
M_25242,M_85052,1,IP
M_85052,M_30647,3,PAN
M_30647,M_62052,3,PAN
M_62052,M_29516,2,DEVICE
M_29516,M_40948,2,DEVICE
M_40948,M_15546,3,PAN
M_15546,M_45214,2,DEVICE
M_45214,M_8985,2,DEVICE
M_8985,M_49888,3,PAN
M_49888,M_45007,2,DEVICE
M_45007,M_49013,3,PAN
M_49013,M_25242,1,IP
M_88690,M_21686,2,DEVICE
M_21686,M_28008,1,IP
M_28008,M_84022,2,DEVICE
M_84022,M_9176,3,PAN
M_9176,M_43745,2,DEVICE
M_43745,M_72572,1,IP
M_72572,M_91101,3,PAN
M_91101,M_88690,2,DEVICE
M_60180,M_88679,3,PAN
M_88679,M_5225,1,IP
M_5225,M_51426,2,DEVICE
M_51426,M_37041,1,IP
M_37041,M_81341,2,DEVICE
M_81341,M_72248,3,PAN
M_72248,M_99309,2,DEVICE
M_99309,M_11600,1,IP
M_11600,M_59955,3,PAN
M_59955,M_30662,3,PAN
M_30662,M_60180,2,DEVICE
M_71594,M_95634,3,PAN
M_95634,M_14646,3,PAN
M_14646,M_8371,3,PAN
M_8371,M_80297,2,DEVICE
M_80297,M_80307,3,PAN
M_80307,M_70,3,PAN
M_70,M_93517,1,IP
M_93517,M_53239,3,PAN
M_53239,M_92585,2,DEVICE
M_92585,M_14438,3,PAN
M_14438,M_57306,3,PAN
M_57306,M_83911,2,DEVICE
M_83911,M_37176,2,DEVICE
M_37176,M_65842,1,IP
M_65842,M_71594,3,PAN
M_69627,M_69196,3,PAN
M_69196,M_41456,3,PAN
M_41456,M_98702,2,DEVICE
M_98702,M_27956,3,PAN
M_27956,M_35283,1,IP
M_35283,M_53017,2,DEVICE
M_53017,M_6671,3,PAN
M_6671,M_69059,3,PAN
M_69059,M_28144,3,PAN
M_28144,M_69627,2,DEVICE
M_3166,M_40254,1,IP
M_40254,M_72771,2,DEVICE
M_72771,M_47126,3,PAN
M_47126,M_56624,3,PAN
M_56624,M_53824,3,PAN
M_53824,M_30267,1,IP
M_30267,M_71113,2,DEVICE
M_71113,M_60603,1,IP
M_60603,M_76286,1,IP
M_76286,M_3166,3,PAN
M_81546,M_57100,2,DEVICE
M_57100,M_6335,2,DEVICE
M_6335,M_78632,3,PAN
M_78632,M_22100,3,PAN
M_22100,M_36252,2,DEVICE
M_36252,M_35360,1,IP
M_35360,M_86253,3,PAN
M_86253,M_54119,1,IP
M_54119,M_4274,1,IP
M_4274,M_48443,1,IP
M_48443,M_81546,3,PAN
M_9645,M_59932,2,DEVICE
M_59932,M_1856,3,PAN
M_1856,M_53149,3,PAN
M_53149,M_96373,2,DEVICE
M_96373,M_33581,3,PAN
M_33581,M_15000,3,PAN
M_15000,M_24107,1,IP
M_24107,M_94689,3,PAN
M_94689,M_9645,1,IP
M_2050,M_26979,3,PAN
M_26979,M_10210,3,PAN
M_10210,M_9193,3,PAN
M_9193,M_259,3,PAN
M_259,M_67003,3,PAN
M_67003,M_52518,1,IP
M_52518,M_2050,1,IP
M_68652,M_36927,3,PAN
M_36927,M_77498,2,DEVICE
M_77498,M_55864,3,PAN
M_55864,M_3853,3,PAN
M_3853,M_81413,3,PAN
M_81413,M_68652,3,PAN
M_11401,M_68008,2,DEVICE
M_68008,M_94373,3,PAN
M_94373,M_89124,2,DEVICE
M_89124,M_35616,3,PAN
M_35616,M_11401,3,PAN
M_32509,M_20497,3,PAN
M_20497,M_3554,1,IP
M_3554,M_71208,2,DEVICE
M_71208,M_91311,1,IP
M_91311,M_32509,3,PAN
M_81829,M_42416,3,PAN
M_42416,M_91538,3,PAN
M_91538,M_3159,2,DEVICE
M_3159,M_6657,2,DEVICE
M_6657,M_74090,3,PAN
M_74090,M_17814,3,PAN
M_17814,M_24716,3,PAN
M_24716,M_45358,3,PAN
M_45358,M_34159,3,PAN
M_34159,M_81829,2,DEVICE
M_7961,M_62572,3,PAN
M_62572,M_80801,3,PAN
M_80801,M_25611,3,PAN
M_25611,M_687,3,PAN
M_687,M_50728,2,DEVICE
M_50728,M_99336,3,PAN
M_99336,M_66769,1,IP
M_66769,M_30969,1,IP
M_30969,M_71502,3,PAN
M_71502,M_94629,1,IP
M_94629,M_7961,2,DEVICE
M_29187,M_17701,1,IP
M_17701,M_35402,3,PAN
M_35402,M_11883,1,IP
M_11883,M_86716,3,PAN
M_86716,M_34016,3,PAN
M_34016,M_71522,1,IP
M_71522,M_42901,3,PAN
M_42901,M_51272,3,PAN
M_51272,M_38176,3,PAN
M_38176,M_85002,3,PAN
M_85002,M_22204,3,PAN
M_22204,M_7757,3,PAN
M_7757,M_32820,2,DEVICE
M_32820,M_37702,1,IP
M_37702,M_29187,3,PAN
M_96306,M_46387,2,DEVICE
M_46387,M_2839,2,DEVICE
M_2839,M_91518,2,DEVICE
M_91518,M_9078,1,IP
M_9078,M_92779,3,PAN
M_92779,M_64015,2,DEVICE
M_64015,M_99600,1,IP
M_99600,M_73184,2,DEVICE
M_73184,M_10361,3,PAN
M_10361,M_61542,2,DEVICE
M_61542,M_50847,2,DEVICE
M_50847,M_84764,3,PAN
M_84764,M_96306,2,DEVICE
M_28266,M_21642,1,IP
M_21642,M_98942,2,DEVICE
M_98942,M_60431,3,PAN
M_60431,M_79358,2,DEVICE
M_79358,M_68922,2,DEVICE
M_68922,M_8051,3,PAN
M_8051,M_51199,2,DEVICE
M_51199,M_50090,3,PAN
M_50090,M_1177,1,IP
M_1177,M_12382,2,DEVICE
M_12382,M_53463,1,IP
M_53463,M_52256,2,DEVICE
M_52256,M_59364,3,PAN
M_59364,M_28266,2,DEVICE
M_89944,M_13353,2,DEVICE
M_13353,M_73686,3,PAN
M_73686,M_46506,2,DEVICE
M_46506,M_95579,2,DEVICE
M_95579,M_89944,3,PAN
M_2450,M_46521,3,PAN
M_46521,M_36091,3,PAN
M_36091,M_34749,3,PAN
M_34749,M_85327,3,PAN
M_85327,M_2450,1,IP
M_88922,M_41022,1,IP
M_41022,M_98767,3,PAN
M_98767,M_90710,3,PAN
M_90710,M_87121,3,PAN
M_87121,M_88922,2,DEVICE
M_84463,M_77028,2,DEVICE
M_77028,M_12751,2,DEVICE
M_12751,M_14462,3,PAN
M_14462,M_7641,2,DEVICE
M_7641,M_13755,1,IP
M_13755,M_42222,3,PAN
M_42222,M_58462,1,IP
M_58462,M_22774,2,DEVICE
M_22774,M_73580,3,PAN
M_73580,M_64266,1,IP
M_64266,M_86109,1,IP
M_86109,M_31881,2,DEVICE
M_31881,M_94463,3,PAN
M_94463,M_84463,3,PAN
M_16598,M_70960,3,PAN
M_70960,M_56656,3,PAN
M_56656,M_7136,3,PAN
M_7136,M_40085,3,PAN
M_40085,M_14537,2,DEVICE
M_14537,M_64836,2,DEVICE
M_64836,M_54279,3,PAN
M_54279,M_5937,2,DEVICE
M_5937,M_69483,3,PAN
M_69483,M_50072,3,PAN
M_50072,M_64123,3,PAN
M_64123,M_16598,3,PAN
M_70701,M_67030,3,PAN
M_67030,M_55722,2,DEVICE
M_55722,M_33193,3,PAN
M_33193,M_20554,2,DEVICE
M_20554,M_82678,3,PAN
M_82678,M_33166,2,DEVICE
M_33166,M_3031,2,DEVICE
M_3031,M_84387,3,PAN
M_84387,M_60694,2,DEVICE
M_60694,M_41617,2,DEVICE
M_41617,M_39709,3,PAN
M_39709,M_70701,2,DEVICE
M_10828,M_68929,3,PAN
M_68929,M_27951,1,IP
M_27951,M_90409,3,PAN
M_90409,M_94011,2,DEVICE
M_94011,M_98303,1,IP
M_98303,M_70688,1,IP
M_70688,M_67313,2,DEVICE
M_67313,M_38229,2,DEVICE
M_38229,M_10828,3,PAN
M_21756,M_47666,3,PAN
M_47666,M_40213,1,IP
M_40213,M_26538,3,PAN
M_26538,M_54882,1,IP
M_54882,M_34446,3,PAN
M_34446,M_45522,3,PAN
M_45522,M_53040,3,PAN
M_53040,M_92154,2,DEVICE
M_92154,M_29845,3,PAN
M_29845,M_75505,3,PAN
M_75505,M_15380,1,IP
M_15380,M_77605,2,DEVICE
M_77605,M_21756,2,DEVICE
M_86125,M_23386,3,PAN
M_23386,M_72731,2,DEVICE
M_72731,M_63161,3,PAN
M_63161,M_23604,3,PAN
M_23604,M_47252,1,IP
M_47252,M_39834,3,PAN
M_39834,M_75772,1,IP
M_75772,M_86125,3,PAN
M_62290,M_12923,3,PAN
M_12923,M_11699,3,PAN
M_11699,M_18956,1,IP
M_18956,M_62558,2,DEVICE
M_62558,M_22461,2,DEVICE
M_22461,M_62290,3,PAN
M_76175,M_5438,2,DEVICE
M_5438,M_9419,2,DEVICE
M_9419,M_46294,2,DEVICE
M_46294,M_56580,2,DEVICE
M_56580,M_98009,2,DEVICE
M_98009,M_1882,3,PAN
M_1882,M_76175,1,IP
M_13734,M_6073,3,PAN
M_6073,M_98341,1,IP
M_98341,M_14682,3,PAN
M_14682,M_32744,3,PAN
M_32744,M_16539,3,PAN
M_16539,M_28189,2,DEVICE
M_28189,M_39222,3,PAN
M_39222,M_60902,1,IP
M_60902,M_72714,2,DEVICE
M_72714,M_75278,3,PAN
M_75278,M_98596,2,DEVICE
M_98596,M_75466,2,DEVICE
M_75466,M_23800,1,IP
M_23800,M_13734,3,PAN
M_73131,M_20734,3,PAN
M_20734,M_28707,2,DEVICE
M_28707,M_96141,2,DEVICE
M_96141,M_59249,3,PAN
M_59249,M_76926,3,PAN
M_76926,M_27295,2,DEVICE
M_27295,M_25304,3,PAN
M_25304,M_73131,3,PAN
M_94760,M_22501,3,PAN
M_22501,M_9897,2,DEVICE
M_9897,M_24448,3,PAN
M_24448,M_95049,3,PAN
M_95049,M_94581,1,IP
M_94581,M_90734,2,DEVICE
M_90734,M_4016,2,DEVICE
M_4016,M_93618,2,DEVICE
M_93618,M_17548,3,PAN
M_17548,M_80964,3,PAN
M_80964,M_91347,3,PAN
M_91347,M_36856,3,PAN
M_36856,M_20136,3,PAN
M_20136,M_35967,2,DEVICE
M_35967,M_94760,3,PAN
M_97561,M_68837,1,IP
M_68837,M_64828,3,PAN
M_64828,M_86282,2,DEVICE
M_86282,M_74126,3,PAN
M_74126,M_17999,2,DEVICE
M_17999,M_66672,3,PAN
M_66672,M_73090,3,PAN
M_73090,M_3749,1,IP
M_3749,M_25250,3,PAN
M_25250,M_38685,3,PAN
M_38685,M_98580,3,PAN
M_98580,M_97561,2,DEVICE
M_92687,M_65357,3,PAN
M_65357,M_76867,2,DEVICE
M_76867,M_27309,2,DEVICE
M_27309,M_23139,2,DEVICE
M_23139,M_27983,1,IP
M_27983,M_92687,3,PAN
M_16102,M_89256,3,PAN
M_89256,M_71691,3,PAN
M_71691,M_61358,2,DEVICE
M_61358,M_72672,2,DEVICE
M_72672,M_91628,3,PAN
M_91628,M_64340,1,IP
M_64340,M_68536,1,IP
M_68536,M_73025,3,PAN
M_73025,M_85902,2,DEVICE
M_85902,M_26195,2,DEVICE
M_26195,M_53697,1,IP
M_53697,M_87428,2,DEVICE
M_87428,M_16102,3,PAN
M_749,M_67799,2,DEVICE
M_67799,M_1442,3,PAN
M_1442,M_83300,2,DEVICE
M_83300,M_65490,2,DEVICE
M_65490,M_28587,2,DEVICE
M_28587,M_56914,3,PAN
M_56914,M_9319,3,PAN
M_9319,M_60427,2,DEVICE
M_60427,M_50189,3,PAN
M_50189,M_90571,3,PAN
M_90571,M_52662,3,PAN
M_52662,M_17501,1,IP
M_17501,M_7506,3,PAN
M_7506,M_749,2,DEVICE
M_5812,M_8452,1,IP
M_8452,M_49482,2,DEVICE
M_49482,M_93961,3,PAN
M_93961,M_82417,3,PAN
M_82417,M_7044,3,PAN
M_7044,M_86198,1,IP
M_86198,M_74197,2,DEVICE
M_74197,M_38145,2,DEVICE
M_38145,M_56489,2,DEVICE
M_56489,M_14374,1,IP
M_14374,M_5812,1,IP
M_39173,M_47142,2,DEVICE
M_47142,M_40080,3,PAN
M_40080,M_36314,3,PAN
M_36314,M_93392,2,DEVICE
M_93392,M_63336,2,DEVICE
M_63336,M_9668,2,DEVICE
M_9668,M_65477,3,PAN
M_65477,M_1675,2,DEVICE
M_1675,M_24725,3,PAN
M_24725,M_39173,3,PAN
M_4589,M_13356,2,DEVICE
M_13356,M_81697,3,PAN
M_81697,M_80325,3,PAN
M_80325,M_99725,2,DEVICE
M_99725,M_76311,3,PAN
M_76311,M_68666,3,PAN
M_68666,M_4589,2,DEVICE
M_78636,M_93602,2,DEVICE
M_93602,M_89208,3,PAN
M_89208,M_18803,2,DEVICE
M_18803,M_79446,2,DEVICE
M_79446,M_66162,3,PAN
M_66162,M_44292,3,PAN
M_44292,M_11223,3,PAN
M_11223,M_5331,3,PAN
M_5331,M_7035,1,IP
M_7035,M_46286,3,PAN
M_46286,M_5501,1,IP
M_5501,M_14521,3,PAN
M_14521,M_99795,2,DEVICE
M_99795,M_78636,2,DEVICE
M_45583,M_64177,1,IP
M_64177,M_67843,2,DEVICE
M_67843,M_88941,3,PAN
M_88941,M_19631,1,IP
M_19631,M_80944,1,IP
M_80944,M_5409,1,IP
M_5409,M_81018,3,PAN
M_81018,M_62770,3,PAN
M_62770,M_57436,3,PAN
M_57436,M_47985,2,DEVICE
M_47985,M_42763,3,PAN
M_42763,M_53773,3,PAN
M_53773,M_14482,2,DEVICE
M_14482,M_45583,3,PAN
M_72314,M_32298,2,DEVICE
M_32298,M_99215,3,PAN
M_99215,M_29769,1,IP
M_29769,M_34732,3,PAN
M_34732,M_78809,2,DEVICE
M_78809,M_63597,2,DEVICE
M_63597,M_82298,3,PAN
M_82298,M_83294,3,PAN
M_83294,M_30621,1,IP
M_30621,M_16821,2,DEVICE
M_16821,M_34264,3,PAN
M_34264,M_90736,2,DEVICE
M_90736,M_72314,3,PAN
M_60685,M_20379,3,PAN
M_20379,M_38954,3,PAN
M_38954,M_43344,3,PAN
M_43344,M_54081,3,PAN
M_54081,M_60685,3,PAN
M_9491,M_59032,3,PAN
M_59032,M_59325,2,DEVICE
M_59325,M_92233,2,DEVICE
M_92233,M_66968,3,PAN
M_66968,M_42245,3,PAN
M_42245,M_78396,2,DEVICE
M_78396,M_88657,2,DEVICE
M_88657,M_1899,1,IP
M_1899,M_85724,3,PAN
M_85724,M_9491,3,PAN
M_31285,M_52657,2,DEVICE
M_52657,M_29535,3,PAN
M_29535,M_32156,3,PAN
M_32156,M_33922,3,PAN
M_33922,M_31285,2,DEVICE
M_62663,M_92318,3,PAN
M_92318,M_21033,2,DEVICE
M_21033,M_56979,3,PAN
M_56979,M_86374,3,PAN
M_86374,M_77829,3,PAN
M_77829,M_55881,1,IP
M_55881,M_89631,3,PAN
M_89631,M_62663,3,PAN
M_48342,M_65495,3,PAN
M_65495,M_87447,3,PAN
M_87447,M_60854,3,PAN
M_60854,M_32360,2,DEVICE
M_32360,M_26291,3,PAN
M_26291,M_48342,1,IP
M_67937,M_3376,2,DEVICE
M_3376,M_17949,2,DEVICE
M_17949,M_45122,3,PAN
M_45122,M_1348,2,DEVICE
M_1348,M_59191,1,IP
M_59191,M_5255,1,IP
M_5255,M_10181,3,PAN
M_10181,M_93917,2,DEVICE
M_93917,M_51439,2,DEVICE
M_51439,M_54530,1,IP
M_54530,M_24057,3,PAN
M_24057,M_94161,2,DEVICE
M_94161,M_22466,2,DEVICE
M_22466,M_67937,1,IP
M_92427,M_39941,1,IP
M_39941,M_83999,3,PAN
M_83999,M_93635,3,PAN
M_93635,M_96313,3,PAN
M_96313,M_73790,1,IP
M_73790,M_81436,3,PAN
M_81436,M_92427,2,DEVICE
M_6309,M_72478,1,IP
M_72478,M_2716,1,IP
M_2716,M_98751,2,DEVICE
M_98751,M_20174,2,DEVICE
M_20174,M_76682,3,PAN
M_76682,M_62544,3,PAN
M_62544,M_97520,2,DEVICE
M_97520,M_58668,2,DEVICE
M_58668,M_75568,3,PAN
M_75568,M_41731,3,PAN
M_41731,M_34899,2,DEVICE
M_34899,M_6309,3,PAN
M_65455,M_91074,3,PAN
M_91074,M_87178,1,IP
M_87178,M_2448,2,DEVICE
M_2448,M_76884,2,DEVICE
M_76884,M_7192,2,DEVICE
M_7192,M_65455,3,PAN
M_61971,M_79292,3,PAN
M_79292,M_68141,1,IP
M_68141,M_34902,3,PAN
M_34902,M_24604,2,DEVICE
M_24604,M_4811,3,PAN
M_4811,M_11414,2,DEVICE
M_11414,M_9539,3,PAN
M_9539,M_59452,2,DEVICE
M_59452,M_66682,2,DEVICE
M_66682,M_57837,3,PAN
M_57837,M_3012,3,PAN
M_3012,M_50144,1,IP
M_50144,M_8319,2,DEVICE
M_8319,M_61971,1,IP
M_33396,M_26611,2,DEVICE
M_26611,M_20311,2,DEVICE
M_20311,M_14151,1,IP
M_14151,M_54696,2,DEVICE
M_54696,M_40921,3,PAN
M_40921,M_91522,1,IP
M_91522,M_86317,1,IP
M_86317,M_87401,3,PAN
M_87401,M_15888,3,PAN
M_15888,M_16903,2,DEVICE
M_16903,M_71428,2,DEVICE
M_71428,M_73808,3,PAN
M_73808,M_23798,2,DEVICE
M_23798,M_81300,2,DEVICE
M_81300,M_33396,3,PAN
M_22063,M_71638,2,DEVICE
M_71638,M_79108,3,PAN
M_79108,M_97915,2,DEVICE
M_97915,M_69108,3,PAN
M_69108,M_20476,1,IP
M_20476,M_37234,3,PAN
M_37234,M_86493,1,IP
M_86493,M_7566,2,DEVICE
M_7566,M_44702,3,PAN
M_44702,M_72389,1,IP
M_72389,M_79006,3,PAN
M_79006,M_76255,2,DEVICE
M_76255,M_22063,1,IP
M_69304,M_52294,2,DEVICE
M_52294,M_28663,1,IP
M_28663,M_34445,3,PAN
M_34445,M_20618,3,PAN
M_20618,M_17368,3,PAN
M_17368,M_32474,3,PAN
M_32474,M_57090,2,DEVICE
M_57090,M_86002,3,PAN
M_86002,M_69304,2,DEVICE
M_86655,M_36209,3,PAN
M_36209,M_4270,3,PAN
M_4270,M_7336,2,DEVICE
M_7336,M_22169,3,PAN
M_22169,M_24618,2,DEVICE
M_24618,M_56584,2,DEVICE
M_56584,M_83950,2,DEVICE
M_83950,M_95383,1,IP
M_95383,M_66514,1,IP
M_66514,M_20418,3,PAN
M_20418,M_33136,2,DEVICE
M_33136,M_98779,3,PAN
M_98779,M_2613,3,PAN
M_2613,M_90017,2,DEVICE
M_90017,M_86655,2,DEVICE
M_68513,M_25177,2,DEVICE
M_25177,M_78127,2,DEVICE
M_78127,M_92222,2,DEVICE
M_92222,M_52245,3,PAN
M_52245,M_74829,3,PAN
M_74829,M_70085,2,DEVICE
M_70085,M_49859,2,DEVICE
M_49859,M_65824,3,PAN
M_65824,M_20876,3,PAN
M_20876,M_15356,3,PAN
M_15356,M_68513,2,DEVICE
M_64552,M_24236,3,PAN
M_24236,M_16303,3,PAN
M_16303,M_84174,3,PAN
M_84174,M_4885,3,PAN
M_4885,M_62299,2,DEVICE
M_62299,M_9664,1,IP
M_9664,M_16622,3,PAN
M_16622,M_56910,2,DEVICE
M_56910,M_78935,2,DEVICE
M_78935,M_87204,2,DEVICE
M_87204,M_67212,3,PAN
M_67212,M_94131,3,PAN
M_94131,M_90698,1,IP
M_90698,M_64552,1,IP
M_4652,M_37099,2,DEVICE
M_37099,M_98900,3,PAN
M_98900,M_22810,3,PAN
M_22810,M_58833,3,PAN
M_58833,M_91119,2,DEVICE
M_91119,M_66605,3,PAN
M_66605,M_20716,3,PAN
M_20716,M_46038,3,PAN
M_46038,M_47637,3,PAN
M_47637,M_27611,3,PAN
M_27611,M_55925,2,DEVICE
M_55925,M_33287,2,DEVICE
M_33287,M_7922,3,PAN
M_7922,M_4652,3,PAN
M_23894,M_63577,2,DEVICE
M_63577,M_57112,3,PAN
M_57112,M_70609,3,PAN
M_70609,M_93832,1,IP
M_93832,M_48171,2,DEVICE
M_48171,M_70781,3,PAN
M_70781,M_433,3,PAN
M_433,M_33679,3,PAN
M_33679,M_23894,3,PAN
M_97789,M_63898,2,DEVICE
M_63898,M_65189,3,PAN
M_65189,M_34995,3,PAN
M_34995,M_92405,3,PAN
M_92405,M_26980,3,PAN
M_26980,M_53567,2,DEVICE
M_53567,M_23234,3,PAN
M_23234,M_71813,1,IP
M_71813,M_61115,2,DEVICE
M_61115,M_24817,1,IP
M_24817,M_10651,1,IP
M_10651,M_47748,1,IP
M_47748,M_97789,1,IP
M_20919,M_82742,3,PAN
M_82742,M_45019,3,PAN
M_45019,M_50107,3,PAN
M_50107,M_70477,2,DEVICE
M_70477,M_68605,2,DEVICE
M_68605,M_2092,3,PAN
M_2092,M_2312,1,IP
M_2312,M_73379,2,DEVICE
M_73379,M_96958,2,DEVICE
M_96958,M_25367,3,PAN
M_25367,M_11349,3,PAN
M_11349,M_28730,2,DEVICE
M_28730,M_73276,3,PAN
M_73276,M_20919,2,DEVICE
M_90113,M_94749,3,PAN
M_94749,M_16697,3,PAN
M_16697,M_40226,2,DEVICE
M_40226,M_84664,3,PAN
M_84664,M_35567,1,IP
M_35567,M_30204,3,PAN
M_30204,M_25598,1,IP
M_25598,M_38393,3,PAN
M_38393,M_43806,3,PAN
M_43806,M_17609,1,IP
M_17609,M_32970,2,DEVICE
M_32970,M_90113,2,DEVICE
M_67987,M_72119,2,DEVICE
M_72119,M_63205,3,PAN
M_63205,M_23479,2,DEVICE
M_23479,M_19657,3,PAN
M_19657,M_79571,2,DEVICE
M_79571,M_36208,1,IP
M_36208,M_64939,1,IP
M_64939,M_67987,2,DEVICE
M_99005,M_72640,2,DEVICE
M_72640,M_90611,3,PAN
M_90611,M_24254,1,IP
M_24254,M_15198,2,DEVICE
M_15198,M_67508,3,PAN
M_67508,M_43173,2,DEVICE
M_43173,M_45399,3,PAN
M_45399,M_60154,1,IP
M_60154,M_99005,1,IP
M_12459,M_13927,3,PAN
M_13927,M_7608,3,PAN
M_7608,M_31098,2,DEVICE
M_31098,M_8109,3,PAN
M_8109,M_20337,1,IP
M_20337,M_55394,3,PAN
M_55394,M_24121,3,PAN
M_24121,M_94342,3,PAN
M_94342,M_8969,2,DEVICE
M_8969,M_32231,2,DEVICE
M_32231,M_41172,1,IP
M_41172,M_12459,1,IP
M_20158,M_60933,3,PAN
M_60933,M_7933,3,PAN
M_7933,M_30190,1,IP
M_30190,M_36968,3,PAN
M_36968,M_3849,1,IP
M_3849,M_20158,1,IP
M_71870,M_56922,2,DEVICE
M_56922,M_32859,2,DEVICE
M_32859,M_17545,1,IP
M_17545,M_1367,2,DEVICE
M_1367,M_95691,2,DEVICE
M_95691,M_28757,3,PAN
M_28757,M_49771,3,PAN
M_49771,M_93413,3,PAN
M_93413,M_41559,1,IP
M_41559,M_90682,2,DEVICE
M_90682,M_71870,2,DEVICE
M_25740,M_72112,1,IP
M_72112,M_37713,3,PAN
M_37713,M_74860,2,DEVICE
M_74860,M_69202,3,PAN
M_69202,M_25411,1,IP
M_25411,M_71122,2,DEVICE
M_71122,M_70914,3,PAN
M_70914,M_10736,3,PAN
M_10736,M_71868,3,PAN
M_71868,M_64522,3,PAN
M_64522,M_25740,3,PAN
M_863,M_26519,3,PAN
M_26519,M_21965,3,PAN
M_21965,M_97492,3,PAN
M_97492,M_10190,2,DEVICE
M_10190,M_863,3,PAN
M_61369,M_28072,1,IP
M_28072,M_11648,3,PAN
M_11648,M_22510,2,DEVICE
M_22510,M_86545,1,IP
M_86545,M_61369,2,DEVICE
M_84721,M_20925,2,DEVICE
M_20925,M_84344,2,DEVICE
M_84344,M_25934,1,IP
M_25934,M_52126,1,IP
M_52126,M_84721,3,PAN
M_67022,M_82113,1,IP
M_82113,M_56504,1,IP
M_56504,M_89156,3,PAN
M_89156,M_55955,3,PAN
M_55955,M_67022,2,DEVICE
M_95573,M_47108,3,PAN
M_47108,M_74924,2,DEVICE
M_74924,M_70574,3,PAN
M_70574,M_22290,3,PAN
M_22290,M_11258,3,PAN
M_11258,M_20528,1,IP
M_20528,M_14999,1,IP
M_14999,M_67243,1,IP
M_67243,M_84633,1,IP
M_84633,M_63137,1,IP
M_63137,M_95573,3,PAN
M_85744,M_58782,1,IP
M_58782,M_96172,2,DEVICE
M_96172,M_37405,3,PAN
M_37405,M_38258,1,IP
M_38258,M_89537,3,PAN
M_89537,M_88907,1,IP
M_88907,M_52156,2,DEVICE
M_52156,M_14681,3,PAN
M_14681,M_85744,1,IP
M_99407,M_96822,2,DEVICE
M_96822,M_69613,2,DEVICE
M_69613,M_84518,2,DEVICE
M_84518,M_61970,3,PAN
M_61970,M_51929,3,PAN
M_51929,M_99407,3,PAN
M_3117,M_76044,3,PAN
M_76044,M_87666,2,DEVICE
M_87666,M_47457,3,PAN
M_47457,M_73837,2,DEVICE
M_73837,M_7956,3,PAN
M_7956,M_64228,3,PAN
M_64228,M_50845,1,IP
M_50845,M_69808,1,IP
M_69808,M_42733,1,IP
M_42733,M_69716,3,PAN
M_69716,M_24904,2,DEVICE
M_24904,M_32729,3,PAN
M_32729,M_37516,2,DEVICE
M_37516,M_3117,1,IP
M_4202,M_73841,3,PAN
M_73841,M_12733,1,IP
M_12733,M_80936,2,DEVICE
M_80936,M_17536,3,PAN
M_17536,M_97152,3,PAN
M_97152,M_4202,1,IP
M_706,M_4143,3,PAN
M_4143,M_87592,3,PAN
M_87592,M_21544,1,IP
M_21544,M_65118,3,PAN
M_65118,M_4318,1,IP
M_4318,M_706,2,DEVICE
M_28597,M_52851,3,PAN
M_52851,M_31472,3,PAN
M_31472,M_14454,2,DEVICE
M_14454,M_81750,3,PAN
M_81750,M_85426,3,PAN
M_85426,M_65195,3,PAN
M_65195,M_87760,1,IP
M_87760,M_52257,2,DEVICE
M_52257,M_42313,2,DEVICE
M_42313,M_28597,3,PAN
M_25427,M_76182,2,DEVICE
M_76182,M_95483,3,PAN
M_95483,M_74519,1,IP
M_74519,M_84084,1,IP
M_84084,M_57362,3,PAN
M_57362,M_67925,1,IP
M_67925,M_32222,2,DEVICE
M_32222,M_94902,2,DEVICE
M_94902,M_67072,3,PAN
M_67072,M_81843,1,IP
M_81843,M_48,3,PAN
M_48,M_14918,1,IP
M_14918,M_25427,3,PAN
M_4206,M_83061,3,PAN
M_83061,M_74399,1,IP
M_74399,M_50823,3,PAN
M_50823,M_50436,3,PAN
M_50436,M_72900,1,IP
M_72900,M_12592,3,PAN
M_12592,M_65147,1,IP
M_65147,M_85864,1,IP
M_85864,M_67335,3,PAN
M_67335,M_4206,2,DEVICE
M_77889,M_33972,1,IP
M_33972,M_89742,2,DEVICE
M_89742,M_15918,2,DEVICE
M_15918,M_18702,2,DEVICE
M_18702,M_38167,3,PAN
M_38167,M_14099,2,DEVICE
M_14099,M_6769,3,PAN
M_6769,M_89685,3,PAN
M_89685,M_9385,3,PAN
M_9385,M_56417,1,IP
M_56417,M_62993,3,PAN
M_62993,M_77889,3,PAN
M_13852,M_13906,3,PAN
M_13906,M_96133,3,PAN
M_96133,M_2626,1,IP
M_2626,M_77661,3,PAN
M_77661,M_65422,3,PAN
M_65422,M_74811,1,IP
M_74811,M_99714,3,PAN
M_99714,M_75675,3,PAN
M_75675,M_75496,1,IP
M_75496,M_71362,2,DEVICE
M_71362,M_41376,3,PAN
M_41376,M_44144,2,DEVICE
M_44144,M_15300,2,DEVICE
M_15300,M_94816,2,DEVICE
M_94816,M_13852,3,PAN
M_72595,M_42327,2,DEVICE
M_42327,M_19724,2,DEVICE
M_19724,M_71387,1,IP
M_71387,M_22142,1,IP
M_22142,M_66401,2,DEVICE
M_66401,M_6324,3,PAN
M_6324,M_57572,3,PAN
M_57572,M_72595,2,DEVICE
M_44639,M_88714,3,PAN
M_88714,M_66341,2,DEVICE
M_66341,M_89959,2,DEVICE
M_89959,M_39253,2,DEVICE
M_39253,M_28806,3,PAN
M_28806,M_21562,1,IP
M_21562,M_21408,2,DEVICE
M_21408,M_14077,2,DEVICE
M_14077,M_35962,2,DEVICE
M_35962,M_24403,3,PAN
M_24403,M_25856,2,DEVICE
M_25856,M_20588,3,PAN
M_20588,M_44639,2,DEVICE
M_27886,M_80171,3,PAN
M_80171,M_9821,3,PAN
M_9821,M_9985,3,PAN
M_9985,M_16644,1,IP
M_16644,M_55971,1,IP
M_55971,M_11684,3,PAN
M_11684,M_84599,3,PAN
M_84599,M_60819,2,DEVICE
M_60819,M_52105,3,PAN
M_52105,M_45544,3,PAN
M_45544,M_27886,3,PAN
M_98703,M_22885,2,DEVICE
M_22885,M_4954,1,IP
M_4954,M_81990,3,PAN
M_81990,M_47221,1,IP
M_47221,M_11052,1,IP
M_11052,M_98703,1,IP
M_40163,M_40441,1,IP
M_40441,M_56451,2,DEVICE
M_56451,M_3234,1,IP
M_3234,M_76826,3,PAN
M_76826,M_57440,2,DEVICE
M_57440,M_33226,2,DEVICE
M_33226,M_44116,3,PAN
M_44116,M_71874,3,PAN
M_71874,M_38045,3,PAN
M_38045,M_33362,3,PAN
M_33362,M_40093,3,PAN
M_40093,M_6429,3,PAN
M_6429,M_55093,3,PAN
M_55093,M_40163,2,DEVICE
M_31145,M_10308,3,PAN
M_10308,M_81981,3,PAN
M_81981,M_46334,3,PAN
M_46334,M_4177,3,PAN
M_4177,M_4737,3,PAN
M_4737,M_19942,1,IP
M_19942,M_44279,3,PAN
M_44279,M_52458,3,PAN
M_52458,M_53058,2,DEVICE
M_53058,M_90055,1,IP
M_90055,M_31145,3,PAN
